"last_name, first_name,""player_id"",""year"",""p_formatted_ip"",""pa"",""k_percent"",""bb_percent"",""p_out"",""p_era"",""p_hit_by_pitch"",""xba"",""woba"",""xwoba"",""sweet_spot_percent"",""barrel_batted_rate"",""hard_hit_percent"",""avg_best_speed"",""avg_hyper_speed"",""z_swing_miss_percent"",""oz_swing_percent"",""oz_swing_miss_percent"",""out_zone_percent"",""pitch_count"",""in_zone_swing_miss"",""whiff_percent"",""swing_percent"",""groundballs_percent"",""flyballs_percent"",""linedrives_percent"",""popups_percent"""
"Gilbert, Logan,669302,2026,""139.1"",549,26.4,5.8,""418"",""3.42"",""5"","".234"","".284"","".299"",36,10.4,42.2,""79.792439061"",""94.592023795"",20.7,32.9,49,50.5,2162,154,29.9,51,39.2,29.7,22.9,8.2"
"Acton, Garrett,670183,2026,""6.2"",28,32.1,10.7,""20"",""2.70"",""1"","".190"","".238"","".250"",40,6.7,40,""89.4715375"",""96.357413333"",20,22.4,76.9,50.4,115,7,35.4,41.7,33.3,33.3,26.7,6.7"
"Paredes, Mike,702474,2026,""34.1"",154,12.3,8.4,""103"",""4.72"",""3"","".279"","".352"","".349"",33.9,6.8,50.8,""82.051931525"",""95.312608718"",16.5,28.5,26.3,51,551,32,19.3,49.7,39,29.7,26.3,5.1"
"Muñoz, Roddery,682610,2026,""4.0"",25,24,24,""12"",""15.75"",""0"","".291"","".585"","".440"",38.5,15.4,76.9,""88.93927"",""97.637146154"",16,27.6,76.2,67.9,112,4,43.5,41.1,23.1,38.5,30.8,7.7"
"Gilbert, Tyler,656457,2026,""3.2"",22,13.6,18.2,""11"",""17.18"",""0"","".342"","".566"","".496"",53.3,20,46.7,""84.32625375"",""96.354375333"",6.7,25,41.7,51.1,94,2,16.7,44.7,40,33.3,26.7,0"
"Frasso, Nick,693308,2026,""2.0"",8,25,0,""6"",""4.50"",""0"","".172"","".307"","".287"",33.3,16.7,33.3,""82.532823333"",""95.592052"",0,44.4,50,64.3,28,0,26.7,53.6,33.3,50,16.7,0"
"Oviedo, Johan,670912,2026,""3.2"",18,16.7,5.6,""11"",""9.82"",""1"","".338"","".545"","".484"",38.5,23.1,61.5,""81.915164286"",""97.232146154"",8.3,33.3,23.1,54.2,72,2,13.5,51.4,46.2,38.5,7.7,7.7"
"Cleavinger, Garrett,664076,2026,""35.2"",150,32,10.7,""107"",""3.28"",""2"","".224"","".301"","".303"",34.5,8.3,39.3,""73.507333659"",""94.002983902"",19.8,33.6,44,56.4,612,34,29.5,47.1,39.3,26.2,25,9.5"
"Tolle, Payton,801139,2026,""107.0"",435,28.5,6.7,""321"",""3.20"",""3"","".204"","".287"","".261"",30.8,6.9,35.5,""76.704940956"",""93.545795314"",21,36,44.6,47.2,1622,131,28.2,55.5,37.3,29,21.9,11.8"
"Kelly, Antoine,681520,2026,""1.1"",4,25,25,""4"",""0.00"",""0"","".396"","".174"","".454"",0,0,100,""97.00853"",""99.405445"",20,16.7,0,66.7,18,1,14.3,38.9,100,0,0,0"
"Bowlan, Jonathan,680742,2026,""41.2"",164,31.7,6.1,""125"",""2.81"",""2"","".193"","".251"","".248"",33,5,34,""74.342696939"",""92.753047551"",24.8,34.8,48.8,54.3,672,52,33.8,50.1,51,27,17,5"
"Ferguson, Tyler,621053,2026,""17.0"",70,28.6,2.9,""51"",""5.29"",""3"","".235"","".328"","".332"",40,17.8,46.7,""81.933524545"",""95.111636818"",20.8,37.4,46.2,54.3,256,16,31,50.4,33.3,40,22.2,4.4"
"Tidwell, Blade,694918,2026,""17.0"",69,18.8,5.8,""51"",""3.18"",""1"","".239"","".285"","".282"",27.5,3.9,39.2,""75.911150385"",""93.456381765"",14.7,26.8,57.9,50.4,282,14,27.1,47.2,39.2,13.7,21.6,25.5"
"Strzelecki, Peter,657265,2026,""6.2"",27,7.4,11.1,""20"",""5.40"",""1"","".216"","".283"","".325"",23.8,9.5,33.3,""77.872647"",""93.6094915"",10.3,23.4,33.3,59.8,107,3,18.2,41.1,47.6,23.8,14.3,14.3"
"Sandoval, Patrick,663776,2026,""24.0"",109,22.9,9.2,""72"",""3.38"",""1"","".269"","".368"","".325"",34.2,4.1,35.6,""73.5565525"",""93.608047222"",19,28.8,44.1,50.5,406,26,26.5,48.3,32.9,24.7,30.1,12.3"
"Domínguez, Seranthony,622554,2026,""40.1"",180,27.8,14.4,""121"",""4.69"",""2"","".227"","".332"","".333"",35.3,9.9,36.3,""79.0787952"",""93.9785039"",19.8,26.7,49.1,55.9,776,45,29.7,44.2,40.2,28.4,22.5,8.8"
"Del Castillo, Adrian,680728,2026,""1.2"",10,0,0,""5"",""5.40"",""1"","".496"","".429"","".551"",77.8,11.1,66.7,""77.895326"",""96.219486667"",0,71.4,0,87.5,17,0,0,64.7,0,22.2,55.6,22.2"
"Kinley, Tyler,641755,2026,""41.0"",169,23.7,10.7,""123"",""3.95"",""1"","".205"","".313"","".283"",34.5,7.3,28.2,""74.218087818"",""92.66839945"",17.5,26.5,50,53.3,666,35,27.9,44.1,30,33.6,25.5,10.9"
"Uribe, Abner,682842,2026,""48.1"",191,25.1,9.4,""145"",""2.05"",""1"","".217"","".238"","".260"",25.8,1.6,31.5,""76.142747541"",""93.09525314"",16.1,27.9,46.4,52.9,758,35,26.4,43.4,55.6,17.7,18.5,8.1"
"Blubaugh, AJ,805123,2026,""72.1"",305,24.3,10.8,""217"",""3.61"",""2"","".215"","".300"","".310"",36.7,9.7,36.7,""79.753640632"",""93.68012963"",17.5,29.5,51,54.9,1259,72,28.6,48.9,34.7,35.2,22.4,7.7"
"Seymour, Ian,693855,2026,""90.1"",373,28.4,8,""271"",""4.08"",""4"","".218"","".297"","".291"",34.3,9.9,38.6,""77.788787193"",""93.89241859"",21.2,33.2,45.5,50.3,1463,102,29.4,49.6,32.6,30.9,24,12.4"
"Pivetta, Nick,601713,2026,""16.0"",66,36.4,9.1,""48"",""4.50"",""0"","".154"","".248"","".212"",25,2.8,30.6,""76.394676111"",""92.184374722"",15.6,39.4,39.3,54.8,283,12,26.1,48.8,33.3,33.3,16.7,16.7"
"Akin, Keegan,669211,2026,""25.1"",114,14.9,7.9,""76"",""5.68"",""0"","".246"","".337"","".298"",34.1,5.8,28.4,""73.826650238"",""92.532357381"",18.2,28,22,47.6,443,29,19.3,49.2,35.2,35.2,20.5,9.1"
"Gómez, Yoendrys,672782,2026,""52.1"",228,21.9,11.8,""157"",""3.27"",""3"","".251"","".298"","".343"",38.5,8.8,44,""77.089803014"",""93.993770548"",18.2,28.5,41.7,52.2,883,50,25.3,47.5,29.1,31.8,24.3,14.9"
"Sproat, Brandon,687075,2026,""95.2"",414,24.2,11.6,""287"",""5.27"",""9"","".244"","".350"","".337"",35,8.7,43.1,""79.436102857"",""94.652124087"",17.1,25.5,45.4,50.6,1718,96,25.1,45.9,43.2,27.6,23.3,5.8"
"Scholtens, Jesse,669947,2026,""37.2"",164,18.3,6.7,""113"",""3.82"",""3"","".271"","".337"","".346"",37.5,10.8,37.5,""77.164814407"",""93.700072458"",12.3,29.6,34.8,51.7,601,25,19.3,49.1,36.7,26.7,24.2,12.5"
"Beck, Tristan,663941,2026,""14.0"",64,9.4,7.8,""42"",""7.07"",""1"","".249"","".367"","".330"",23.1,9.6,40.4,""80.469351538"",""94.088021373"",11.5,26.6,32.4,51.8,247,10,17.4,49,51.9,28.8,15.4,3.8"
"Weiman, Blake,676620,2026,""2.0"",8,25,0,""6"",""0.00"",""0"","".198"","".222"","".187"",33.3,0,0,""64.08211"",""89.144535"",25,23.1,66.7,40.6,32,3,33.3,46.9,33.3,0,33.3,33.3"
"Lee, Chase,695445,2026,""5.1"",22,9.1,22.7,""16"",""5.06"",""0"","".263"","".370"","".353"",33.3,13.3,33.3,""73.45218125"",""93.272611333"",12.5,26.8,54.5,57.7,71,2,29.6,38,33.3,46.7,20,0"
"Littell, Zack,641793,2026,""112.1"",481,14.6,7.3,""337"",""4.97"",""3"","".289"","".343"","".371"",35.9,9.9,44.2,""82.216203838"",""94.89468794"",11.1,30.4,28.8,50.5,1783,69,16.6,50.1,37,32.2,22.8,8"
"Weissert, Greg,669711,2026,""45.1"",191,23,7.3,""136"",""3.97"",""2"","".225"","".308"","".287"",27.7,4.6,31.5,""75.555064063"",""92.967806563"",16.2,33.1,35.5,50.8,738,39,22.7,49.5,43.8,31.5,18.5,6.2"
"Herrera, Welinton,700327,2026,""2.1"",10,20,10,""7"",""0.00"",""0"","".288"","".248"","".333"",28.6,0,57.1,""90.41355"",""95.252771429"",12.5,23.8,40,46.7,45,2,19,46.7,28.6,42.9,28.6,0"
"Mayza, Tim,641835,2026,""54.1"",217,24.4,6.5,""163"",""3.48"",""1"","".228"","".280"","".278"",31.5,6.7,43.6,""76.950109178"",""94.601974658"",17.5,27.7,38.1,52.4,869,46,24.2,44.8,49.7,21.5,26.2,2.7"
"Rocker, Kumar,677958,2026,""111.0"",481,21.4,8.7,""333"",""4.46"",""3"","".261"","".329"","".331"",31.8,7.8,41.4,""77.216610788"",""94.511110455"",12.5,31.8,50.8,54,1843,71,26.2,48.1,42.9,22.8,26.4,7.8"
"O'Brien, Riley,676617,2026,""47.2"",202,23.8,9.9,""143"",""3.21"",""10"","".235"","".280"","".323"",32.3,6.5,39.5,""75.612671667"",""94.283340336"",16.7,28.4,46.4,55.6,791,37,27.5,43.7,51.6,20.2,27.4,0.8"
"Dobnak, Randy,677976,2026,""36.0"",153,12.4,9.2,""108"",""2.00"",""0"","".298"","".291"","".335"",29.2,4.2,41.7,""80.019386102"",""94.959253559"",8,30.4,32.4,56,616,14,17.2,45.3,55.8,20,21.7,2.5"
"Allen, Logan,671106,2026,""7.1"",38,26.3,10.5,""22"",""2.45"",""0"","".220"","".370"","".308"",33.3,12.5,50,""76.788106667"",""96.027019583"",14,26.4,30.4,53,164,7,19.2,44.5,50,37.5,12.5,0"
"Scott, Tanner,656945,2026,""46.2"",180,33.3,5.6,""140"",""2.31"",""1"","".235"","".243"","".274"",38.5,7.3,33.9,""79.430519815"",""93.519556822"",26.9,40.2,53.2,50.9,689,64,36.7,55,33.9,33,26.6,6.4"
"Nikhazy, Doug,680951,2026,""2.0"",9,11.1,22.2,""6"",""4.50"",""0"","".190"","".254"","".291"",0,0,33.3,""75.657836667"",""96.163991667"",27.3,4.3,100,59,39,3,33.3,30.8,83.3,16.7,0,0"
"Wesneski, Hayden,669713,2026,""11.2"",48,16.7,8.3,""35"",""3.86"",""1"","".313"","".322"","".360"",48.6,2.9,40,""76.827814118"",""94.030923824"",7.7,43,45,59.2,157,3,26.6,50.3,42.9,14.3,40,2.9"
"De Jesus, Enmanuel,646241,2026,""37.2"",156,23.7,8.3,""113"",""3.58"",""1"","".240"","".276"","".307"",37.1,7.6,44.8,""81.175731154"",""94.578278738"",16.1,30,44.3,49.7,590,31,25,47.5,41.9,26.7,23.8,7.6"
"Curtis, Khristian,694753,2026,""5.0"",17,23.5,11.8,""15"",""0.00"",""0"","".246"","".187"","".327"",45.5,9.1,27.3,""78.467488333"",""93.73111"",19,28.6,40,51.5,68,4,25.8,45.6,45.5,9.1,36.4,9.1"
"Woo, Bryan,693433,2026,""127.1"",523,24.3,5.2,""382"",""4.31"",""6"","".241"","".285"","".295"",35.5,6.9,42.7,""78.880198066"",""94.38130964"",17.6,34,41.4,49.2,1951,125,25.1,53.2,38.6,28.9,23.4,9.1"
"Wantz, Andrew,681806,2026,""3.2"",20,5,15,""11"",""14.73"",""2"","".326"","".476"","".463"",50,7.1,35.7,""75.693604286"",""93.499327143"",12.5,26.8,18.2,50.6,81,4,14,53.1,21.4,28.6,35.7,14.3"
"Bassitt, Chris,605135,2026,""56.1"",261,14.2,8.4,""169"",""5.27"",""8"","".284"","".366"","".344"",29.9,4.1,34.5,""75.936558229"",""93.52001401"",14.5,24.4,38.4,52.3,979,47,21.2,45.9,47.4,22.2,22.2,8.2"
"Baker, Bryan,641329,2026,""46.1"",177,28.8,8.5,""139"",""1.55"",""1"","".193"","".218"","".258"",31.8,6.4,34.5,""74.849057455"",""93.338768545"",20.9,36.8,42.3,51,729,53,28.5,53.5,40,26.4,23.6,10"
"Hader, Josh,623352,2026,""25.0"",95,37.9,10.5,""75"",""1.08"",""0"","".129"","".183"","".189"",28.6,4.1,26.5,""73.378042"",""91.792583878"",21.8,39.7,61.2,54.9,390,26,38.2,52.3,38.8,24.5,20.4,16.3"
"Watson, Ryan,670245,2026,""56.2"",246,17.5,7.7,""170"",""4.45"",""3"","".282"","".328"","".361"",37,11.1,38.1,""77.954684045"",""94.385674972"",15.3,31.9,39.1,51.9,914,46,23.2,49.5,40.3,23.8,26.5,9.4"
"Messick, Parker,800048,2026,""136.2"",542,25.1,7,""410"",""2.57"",""1"","".223"","".268"","".273"",32.4,5.2,33,""76.102081167"",""93.396125655"",18.4,31.6,39.5,52.5,2105,123,25.6,48.4,45,21.3,22.1,11.7"
"Wicks, Jordan,696136,2026,""10.1"",50,16,4,""31"",""10.45"",""1"","".283"","".422"","".322"",30.8,7.7,43.6,""77.384445"",""94.256597949"",13.8,29.3,48.1,51.1,180,9,23.9,51.1,46.2,20.5,28.2,5.1"
"Garcia, Julian,670062,2026,""23.0"",88,25,11.4,""69"",""2.74"",""1"","".178"","".264"","".266"",29.1,7.4,30.9,""76.511707778"",""92.799269444"",18,29.3,50,50.7,363,20,28.5,45.5,40,34.5,20,5.5"
"Borucki, Ryan,621366,2026,""23.2"",104,14.4,8.7,""71"",""4.94"",""2"","".253"","".364"","".310"",23.1,5.1,39.7,""77.339069231"",""93.865849231"",20.6,30.8,43.5,52.9,380,26,28.2,49.5,44.9,29.5,19.2,6.4"
"Schultz, Noah,702273,2026,""65.1"",291,20.3,10.7,""196"",""6.06"",""8"","".273"","".344"","".364"",38.9,9.4,40.4,""78.237856489"",""94.303944706"",12.9,27.6,38.3,51.1,1147,45,21,44.5,37.3,27.5,26.4,8.8"
"Fairbanks, Pete,664126,2026,""36.1"",160,31.3,10,""109"",""6.19"",""3"","".219"","".341"","".328"",39.6,13.3,45.1,""82.462255909"",""95.331492614"",21.7,33.4,46.1,52.2,659,41,30.9,46.1,22,44,23.1,11"
"Booser, Cam,592155,2026,""26.0"",97,34,5.2,""78"",""2.08"",""0"","".181"","".237"","".245"",30.5,6.8,40.7,""82.162374138"",""94.660980877"",17.8,36,50.8,47.4,369,26,27.8,56.6,25.4,37.3,16.9,20.3"
"Thompson, Keegan,624522,2026,""12.0"",57,19.3,3.5,""36"",""8.25"",""0"","".343"","".406"","".407"",40.9,13.6,50,""83.929022727"",""95.707776512"",13.9,26.3,44,48.7,195,10,21.6,49.7,31.8,34.1,25,9.1"
"Eisert, Brandon,685126,2026,""34.1"",150,26.7,8,""103"",""6.29"",""0"","".229"","".347"","".291"",35.7,7.1,38.8,""79.354935417"",""93.956386771"",21.2,29.9,44.6,58.4,640,38,30.2,45.5,42.9,30.6,24.5,2"
"Paddack, Chris,663978,2026,""57.0"",267,15,7.1,""171"",""6.79"",""2"","".280"","".369"","".342"",34.5,8.4,36.9,""77.7658922"",""94.0863732"",14.7,33.3,33.5,53.9,1015,48,21.4,50.1,39.3,29.1,25.7,5.8"
"McGee, Easton,668834,2026,""7.1"",35,20,11.4,""22"",""8.59"",""0"","".297"","".493"","".369"",41.7,12.5,37.5,""78.017543333"",""94.5997275"",17,34,38.9,44.5,119,9,22.5,59.7,41.7,37.5,20.8,0"
"deGrom, Jacob,594798,2026,""118.2"",486,29.6,6.2,""356"",""3.87"",""0"","".233"","".287"","".294"",39.1,9,45.5,""80.630053742"",""94.840527871"",19.8,34.9,57.2,53.7,1971,128,33.3,51.6,35.6,28.5,27.9,8"
"Tong, Jonah,804636,2026,""10.0"",47,14.9,14.9,""30"",""3.60"",""0"","".206"","".280"","".309"",30.3,6.1,30.3,""81.939258"",""93.321883333"",18,31.7,33.3,55.6,187,11,23.4,50.3,45.5,39.4,12.1,3"
"Mautz, Brycen,802408,2026,""3.0"",14,14.3,14.3,""9"",""6.00"",""0"","".249"","".380"","".316"",50,0,20,""84.160688"",""92.084177"",10.5,12.9,50,52.5,59,2,17.4,39,30,40,30,0"
"Beck, Brendan,694341,2026,""6.2"",31,12.9,16.1,""20"",""9.45"",""0"","".300"","".487"","".448"",54.5,27.3,59.1,""85.378307273"",""97.336303182"",30.8,24.4,40,59,139,12,33.9,42.4,18.2,50,31.8,0"
"Kerkering, Orion,689147,2026,""46.1"",206,24.8,12.6,""139"",""3.88"",""4"","".193"","".296"","".279"",36.8,5.6,28,""73.493267581"",""92.417824878"",18,28.7,44.3,53.3,857,43,27.3,43.2,30.4,34.4,25.6,9.6"
"Sale, Chris,519242,2026,""123.0"",494,30.6,5.7,""369"",""2.20"",""10"","".222"","".262"","".274"",34.4,5.9,33.4,""76.554726579"",""93.35456637"",20.1,35.6,49.7,50.5,1969,128,30.7,50.3,45.2,23.6,24.9,6.2"
"Bigge, Hunter,685801,2026,""19.1"",85,16.5,16.5,""58"",""6.98"",""0"","".230"","".296"","".311"",35.1,5.3,36.8,""80.581132069"",""93.618107544"",11.1,26.9,53.1,57.1,319,10,25.9,43.6,42.1,29.8,15.8,12.3"
"Gastelum, Luis,703725,2026,""13.1"",59,16.9,8.5,""40"",""8.10"",""1"","".247"","".448"","".353"",32.6,11.6,23.3,""74.027055714"",""92.53332119"",20.9,31.5,45,56.7,224,14,29.9,47.8,41.9,23.3,23.3,11.6"
"Cano, Yennier,666974,2026,""39.2"",155,23.2,4.5,""119"",""2.04"",""1"","".212"","".219"","".261"",24.3,5.6,40.5,""79.012177222"",""94.309305794"",14.9,31.6,48,53,596,26,27,46,64,17.1,15.3,3.6"
"Ríos, Yacksel,605441,2026,""1.2"",5,40,0,""5"",""0.00"",""0"","".345"","".000"","".335"",33.3,0,33.3,""82.933405"",""95.94771"",20,25,100,30.8,13,1,33.3,46.2,33.3,33.3,33.3,0"
"Assad, Javier,665871,2026,""76.1"",306,16.7,6.5,""229"",""3.54"",""2"","".268"","".303"","".327"",34.8,6.9,45.1,""80.249343826"",""94.591215739"",10.6,22.8,25.8,48.2,1199,43,14.3,44.8,45.9,28.3,19.7,6"
"Warren, Austin,681810,2026,""35.0"",157,23.6,11.5,""105"",""4.63"",""3"","".261"","".349"","".349"",48.5,13.4,42.4,""79.270577917"",""94.685573333"",13.5,26.8,49.5,54.4,652,23,26.3,40.8,39.4,24.2,33.3,3"
"Sears, JP,676664,2026,""32.2"",143,17.5,7.7,""98"",""4.68"",""2"","".263"","".328"","".345"",27.9,8.7,45.2,""81.108293137"",""94.414000882"",15.4,27.2,32.9,52.7,529,27,20.7,47.4,43.3,33.7,20.2,2.9"
"Pallette, Peyton,688883,2026,""20.2"",97,22.7,16.5,""62"",""5.23"",""3"","".250"","".333"","".356"",35.7,7.1,42.9,""78.551397857"",""94.720014821"",18.4,21.5,52.9,53.6,442,23,28.4,39.8,35.7,17.9,32.1,14.3"
"Díaz, Edwin,621242,2026,""10.0"",56,26.8,14.3,""30"",""10.80"",""1"","".266"","".475"","".350"",46.9,9.7,53.1,""83.0109375"",""95.157951613"",9.8,35.7,32.6,56.8,227,6,19.6,47.1,28.1,34.4,34.4,3.1"
"Gore, MacKenzie,669022,2026,""128.2"",547,25.6,8.6,""386"",""4.55"",""6"","".234"","".308"","".303"",33.9,9,42.4,""77.332517657"",""94.735343286"",16.8,31.4,43.3,52.3,2167,121,25.6,49.7,38.7,26,27.7,7.6"
"Lazar, Max,676661,2026,""8.0"",35,14.3,8.6,""24"",""5.63"",""0"","".240"","".362"","".330"",22.2,11.5,40.7,""84.278386154"",""94.945011538"",12.8,25,40,46.9,128,6,19.4,48.4,51.9,29.6,18.5,0"
"Boyle, Joe,671212,2026,""15.2"",66,24.2,9.1,""47"",""5.17"",""0"","".261"","".257"","".328"",43.2,4.7,43.2,""74.745448182"",""94.492599535"",20.2,27.6,40.5,51,263,17,26.4,46,40.9,22.7,20.5,15.9"
"Peralta, Freddy,642547,2026,""117.1"",531,21.8,9.2,""352"",""5.37"",""5"","".239"","".354"","".307"",33.8,5.5,39.1,""76.532274469"",""93.669744454"",18,29.9,41.3,56.9,2164,117,26.5,47,41.8,26,23.8,8.3"
"Banda, Anthony,607455,2026,""34.1"",156,21.2,9.6,""103"",""4.46"",""8"","".234"","".334"","".325"",32,7.1,39,""80.496835625"",""94.254916042"",13.3,27.1,53.3,55.8,608,24,26.7,44.9,41,32,22,5"
"Leibrandt, Brandon,605335,2026,""6.0"",30,10,10,""18"",""7.50"",""0"","".323"","".460"","".437"",45.8,18.2,29.2,""77.498041818"",""93.648600476"",8.7,40,37.5,60.6,99,2,23.4,47.5,33.3,33.3,25,8.3"
"Cecconi, Slade,677944,2026,""110.0"",488,18,7.6,""330"",""5.07"",""3"","".271"","".351"","".338"",39.2,8.9,40,""78.218429438"",""94.216407577"",13.4,27.5,36.7,50.2,1854,82,20.3,46.8,44.2,25.8,24.7,5.3"
"Davis, Tyler,699823,2026,""26.1"",106,20.8,14.2,""79"",""4.10"",""0"","".219"","".262"","".288"",29,4.3,43.5,""80.584496"",""94.201757681"",16.5,33.5,35.7,53,394,21,23.4,50,40.6,24.6,23.2,11.6"
"Klein, John,804619,2026,""4.1"",19,10.5,21.1,""13"",""4.15"",""0"","".183"","".368"","".352"",30.8,7.7,38.5,""68.629142857"",""92.906506154"",11.5,30.2,7.7,52.4,82,3,10.3,47.6,30.8,38.5,15.4,15.4"
"Wilson, Bryse,669060,2026,""23.1"",101,17.8,2,""70"",""4.24"",""2"","".291"","".337"","".324"",40.5,2.5,46.8,""82.046650769"",""94.662308831"",13.2,33.8,25,42.5,362,20,16.3,56.1,36.7,24.1,31.6,7.6"
"Van Eyk, CJ,669310,2026,""5.2"",31,3.2,3.2,""17"",""4.76"",""1"","".309"","".423"","".363"",32.1,3.6,46.4,""74.4469"",""94.442658929"",5.3,31.6,25,59.4,128,2,12.9,48.4,50,28.6,17.9,3.6"
"Coulombe, Danny,543056,2026,""22.0"",96,10.4,15.6,""66"",""4.50"",""1"","".251"","".299"","".321"",27.1,1.4,21.4,""69.504240571"",""91.666853478"",15.4,25.5,20.8,53.9,386,18,17.1,44,42.9,24.3,22.9,10"
"Stanek, Ryne,592773,2026,""45.1"",201,24.4,13.4,""136"",""4.57"",""1"","".232"","".337"","".325"",33.3,8.1,36.6,""78.757372295"",""94.468538525"",21.2,29,44.4,55.9,832,57,29,48.6,39.8,26,24.4,9.8"
"Herget, Jimmy,623474,2026,""32.0"",150,22.7,11.3,""96"",""6.75"",""2"","".236"","".391"","".324"",33,11.3,39.2,""77.197302128"",""94.539803191"",20.1,29.9,41.8,54.2,605,37,27.7,46.6,33,32,25.8,9.3"
"Melton, Troy,675512,2026,""80.0"",307,22.5,7.8,""240"",""1.46"",""2"","".215"","".243"","".272"",29.2,5.2,34,""77.527130283"",""93.193377062"",15.7,33.3,45.5,52.2,1162,59,26.1,49.7,41.5,24.5,24.1,9.9"
"Javier, Cristian,664299,2026,""32.1"",149,16.8,10.7,""97"",""6.68"",""2"","".281"","".384"","".367"",40.6,9.4,38.7,""80.630063962"",""94.693378762"",17.1,31.7,40.2,51.2,566,34,24.4,51.4,23.6,43.4,25.5,7.5"
"Lugo, Seth,607625,2026,""134.2"",572,18.2,8,""404"",""4.41"",""6"","".277"","".341"","".349"",36.1,8.5,42.8,""79.280905147"",""94.626583538"",13.5,25.1,32.8,47.9,2156,99,18.5,46.1,41.6,30.8,23.1,4.6"
"Irvin, Cole,608344,2026,""6.0"",30,16.7,10,""18"",""9.00"",""1"","".288"","".395"","".390"",33.3,9.5,52.4,""75.433176"",""96.2271275"",12.8,30.8,31.3,51,102,5,18.2,53.9,52.4,28.6,19,0"
"Rucker, Michael,621074,2026,""24.0"",102,27.5,7.8,""72"",""3.75"",""1"","".238"","".298"","".288"",41.5,6.2,38.5,""76.705298438"",""93.679825"",15.6,33.7,47.8,51.6,397,19,27.2,48.1,46.2,18.5,30.8,4.6"
"Smith, Hagen,696146,2026,""2.0"",10,30,40,""6"",""0.00"",""0"","".125"","".279"","".349"",33.3,0,33.3,""74.679655"",""93.619446667"",9.1,22.6,71.4,64.6,48,1,33.3,37.5,33.3,0,33.3,33.3"
"Cease, Dylan,656302,2026,""126.1"",505,36.4,10.3,""379"",""2.28"",""3"","".188"","".244"","".256"",32.3,4.5,33.1,""73.649528182"",""93.303683346"",25,33.1,49,57.6,2139,146,34.9,46.4,44.4,21.8,23.7,10.2"
"Suarez, José,660761,2026,""58.1"",253,23.3,9.5,""175"",""4.63"",""3"","".245"","".336"","".297"",34.7,2.4,32.3,""77.811603171"",""93.050244085"",17.5,31.9,44.1,55.6,997,54,27.2,48.7,43.1,23.4,25.7,7.8"
"Weaver, Luke,596133,2026,""45.0"",174,25.9,6.9,""135"",""1.80"",""2"","".204"","".216"","".267"",27.8,7.8,34.8,""78.298011404"",""93.384399381"",21.2,33.6,48.2,50.3,650,49,29.9,52.5,42.6,29.6,18.3,9.6"
"Ginn, J.T.,669372,2026,""121.1"",508,21.1,10.4,""364"",""3.41"",""8"","".236"","".290"","".309"",30.9,5.6,34.7,""75.337707246"",""93.405947635"",17.3,30,43.9,57.5,1914,94,27.4,45.6,47.1,23.8,22.1,7.1"
"Mushinski, Parker,656786,2026,""3.2"",16,0,12.5,""11"",""2.45"",""0"","".318"","".333"","".402"",35.7,7.1,35.7,""84.473097143"",""93.561367857"",0,17.6,33.3,54.8,62,0,7.7,41.9,35.7,21.4,35.7,7.1"
"Thornton, Trent,663423,2026,""36.1"",142,12,10.6,""109"",""2.72"",""1"","".262"","".283"","".337"",32.1,7.3,45.4,""80.757561481"",""94.595863981"",13.3,30.1,37.3,52.7,529,23,21.3,48.8,50.5,23.9,18.3,7.3"
"Casparius, Ben,676508,2026,""4.2"",23,17.4,17.4,""14"",""9.64"",""0"","".281"","".404"","".385"",40,13.3,26.7,""80.81503375"",""92.964979333"",15,32.8,55,61.6,99,3,35,40.4,26.7,53.3,20,0"
"Joyce, Ben,690829,2026,""2.0"",7,28.6,14.3,""6"",""0.00"",""0"","".146"","".227"","".215"",25,0,25,""59.025615"",""91.093525"",14.3,27.8,40,56.3,32,1,25,37.5,50,0,25,25"
"Martin, Trevor,694680,2026,""11.1"",54,13,7.4,""34"",""3.97"",""2"","".274"","".409"","".385"",39,12.2,48.8,""81.0736035"",""94.983151"",15.9,25.3,43.5,50.6,180,10,23.3,47.8,41.5,36.6,19.5,2.4"
"Pintaro, Jonathan,702752,2026,""14.1"",57,26.3,8.8,""43"",""4.40"",""2"","".211"","".261"","".308"",25.7,8.8,34.3,""79.046150588"",""94.411819394"",16.4,28,40.5,54.8,241,12,24.5,45.6,45.7,28.6,20,5.7"
"Ribalta, Orlando,687377,2026,""35.0"",143,22.4,9.1,""105"",""3.34"",""0"","".209"","".277"","".289"",25.5,6.1,31.6,""71.531492857"",""92.527125567"",21.6,36.5,32,56.5,605,40,25.8,51.2,41.8,29.6,15.3,13.3"
"Gonzalez, Domingo,682445,2026,""7.2"",36,13.9,13.9,""23"",""4.70"",""0"","".355"","".383"","".453"",48,12,52,""83.6009"",""96.095536"",12.5,20,46.2,50.4,129,6,19.7,47.3,24,32,36,8"
"Pop, Zach,647315,2026,""7.1"",31,19.4,9.7,""22"",""3.68"",""1"","".248"","".270"","".317"",23.8,4.8,47.6,""87.23803"",""94.717864286"",14.3,25,17.6,52.3,130,5,15.4,40,52.4,28.6,19,0"
"Harrison, Kyle,690986,2026,""88.2"",357,31.1,5.9,""266"",""2.84"",""4"","".217"","".275"","".270"",36.2,6.3,36.2,""79.125412294"",""93.913613716"",19.3,33.4,49.4,49.6,1526,97,29.4,49.5,39.4,29.4,24.9,6.3"
"Montgomery, Mason,682254,2026,""47.0"",197,38.1,10.7,""141"",""3.64"",""0"","".190"","".266"","".258"",23.8,8.9,41.6,""73.6435952"",""94.6025685"",21.3,31.6,53,51.5,824,58,31.8,49.3,54.5,19.8,19.8,5.9"
"Scott, Christian,681035,2026,""74.1"",319,28.8,10,""223"",""3.15"",""6"","".224"","".299"","".301"",40.2,6.3,33.9,""76.465851183"",""93.085320324"",19.4,29.2,41.4,49.7,1361,91,26,48.9,33.9,26.5,29.1,10.6"
"Alexander, Jason,669920,2026,""18.1"",84,16.7,9.5,""55"",""9.33"",""1"","".257"","".391"","".332"",31.1,10,37.7,""75.822892333"",""93.260152333"",11.9,22.1,46.9,48.5,299,12,20.3,44.5,44.3,27.9,21.3,6.6"
"Buehler, Walker,621111,2026,""108.1"",473,20.1,9.5,""325"",""5.07"",""4"","".252"","".339"","".323"",32.5,8.5,40.7,""79.504272988"",""94.307373445"",14.3,26.3,35.8,51.4,1877,83,20.8,44.5,46.8,23.1,24.3,5.8"
"Pannone, Thomas,623381,2026,""3.0"",14,14.3,14.3,""9"",""6.00"",""0"","".316"","".373"","".400"",70,10,30,""78.04101"",""93.350786"",9.5,25.9,14.3,48.2,56,2,10.7,50,40,20,40,0"
"Kimbrel, Craig,518886,2026,""33.2"",144,22.2,11.1,""101"",""4.81"",""2"","".248"","".327"","".325"",33,5.3,37.2,""80.274630638"",""93.932197312"",16.9,29,42.3,57,588,32,25.5,48.6,31.9,34,26.6,7.4"
"Verlander, Justin,434378,2026,""3.2"",19,5.3,10.5,""11"",""12.27"",""0"","".365"","".472"","".474"",31.3,12.5,56.3,""83.20234125"",""97.296526875"",12.5,34.9,20,53.8,80,3,15.4,48.8,18.8,37.5,37.5,6.3"
"Sánchez, Cristopher,650911,2026,""149.2"",626,27.8,5.6,""449"",""2.65"",""5"","".236"","".294"","".285"",32,7.8,42.7,""78.261394195"",""94.516282561"",20,37.1,52.4,53.6,2300,140,32.8,50.4,58,17,21.8,3.2"
"Waldichuk, Ken,686610,2026,""9.1"",40,20,12.5,""28"",""6.75"",""1"","".243"","".399"","".397"",26.9,19.2,38.5,""78.124699167"",""94.638837391"",12.2,24.7,57.1,57,149,5,27.4,41.6,42.3,34.6,11.5,11.5"
"Silseth, Chase,681217,2026,""43.2"",194,26.3,13.4,""131"",""2.89"",""2"","".226"","".312"","".314"",43.5,9.6,32.2,""74.691538246"",""93.374437982"",24.8,30.8,45.9,55,797,59,32.4,46.8,35.7,30.4,29.6,4.3"
"Rivera, Eduardo,700842,2026,""10.0"",44,22.7,13.6,""30"",""6.30"",""0"","".205"","".300"","".297"",32.1,3.6,42.9,""81.97687"",""95.384818929"",20.3,28.1,34.4,54.3,210,13,25,45.7,50,21.4,17.9,10.7"
"Manaea, Sean,640455,2026,""104.2"",454,23.3,7.7,""314"",""4.13"",""12"","".249"","".338"","".325"",35.5,9.3,40.9,""77.223477718"",""94.440960673"",14.7,31.8,39.2,49.5,1799,90,22.4,49.8,39.9,29.2,24.9,6"
"Yan, Jefry,642376,2026,""2.0"",10,20,20,""6"",""0.00"",""0"","".246"","".406"","".320"",33.3,0,33.3,""82.79587"",""93.392571667"",15.4,22.2,75,48.6,37,2,29.4,45.9,50,16.7,16.7,16.7"
"Smith, Burch,572143,2026,""17.0"",73,27.4,9.6,""51"",""3.18"",""0"","".217"","".353"","".287"",34.8,4.4,47.8,""79.596606364"",""94.787385682"",16,26.2,39.5,50.5,287,15,22.7,46,52.2,26.1,19.6,2.2"
"Wrobleski, Justin,680736,2026,""120.1"",492,19.1,5.5,""361"",""3.44"",""4"","".270"","".293"","".330"",37.3,9,43.1,""79.105359176"",""94.47864124"",15.3,31.8,29.3,46.2,1793,98,19.4,50.3,40.3,31.9,23.7,4.1"
"Quintana, Jose,500779,2026,""41.0"",181,11,9.4,""123"",""5.27"",""1"","".275"","".363"","".343"",35,8.4,32.9,""78.148649286"",""93.159093929"",13.4,32,32.6,58.7,687,26,21.1,47,35.7,30.8,23.1,10.5"
"Molina, Anthony,683627,2026,""5.0"",21,9.5,4.8,""15"",""5.40"",""0"","".297"","".342"","".360"",27.8,5.6,33.3,""65.821972222"",""92.827766111"",13.6,35.8,21.1,60.2,88,3,17.1,46.6,55.6,22.2,22.2,0"
"Houser, Adrian,605288,2026,""97.0"",424,15.3,7.3,""291"",""4.55"",""4"","".270"","".338"","".344"",34,9,41.7,""79.00645195"",""94.714235597"",11.1,25.8,34.8,51,1552,57,17.8,46.3,44.1,25.3,23.8,6.8"
"Yesavage, Trey,702056,2026,""93.2"",386,23.6,11.9,""281"",""3.65"",""2"","".200"","".280"","".285"",36.4,6.1,34,""78.103157273"",""93.347663636"",17.4,30,52.9,56.2,1549,82,30,47.3,35.6,28.7,25.1,10.5"
"Matsui, Yuki,673513,2026,""45.0"",184,25.5,14.1,""135"",""2.40"",""2"","".173"","".284"","".286"",26.6,9.3,31.2,""76.747767692"",""92.852723592"",25.7,31.9,52.6,56.5,738,56,35.9,47.6,32.1,31.2,16.5,20.2"
"Maxwell, Zach,687209,2026,""10.0"",54,16.7,18.5,""30"",""9.90"",""0"","".293"","".431"","".401"",45.7,11.8,39.4,""84.038874706"",""94.701022353"",6.5,20.3,44,49.6,250,5,15.4,41.6,22.9,28.6,37.1,11.4"
"Pomeranz, Drew,519141,2026,""29.0"",135,12.6,11.9,""87"",""5.59"",""2"","".267"","".368"","".351"",30,9.1,37,""77.561619796"",""93.822268061"",12.6,26.7,31.3,50.2,478,22,17.6,49.8,28,32,22,18"
"Kelly, Zack,677161,2026,""16.1"",71,19.7,9.9,""49"",""3.31"",""1"","".290"","".280"","".368"",36.7,8.2,38.8,""76.440982917"",""94.175049574"",8.6,28,45.2,53,283,7,21.1,43.5,46.9,18.4,30.6,4.1"
"Strahm, Matt,621381,2026,""35.2"",161,18.6,8.7,""107"",""7.32"",""2"","".225"","".388"","".316"",28.7,11.3,39.1,""80.020580172"",""93.65788513"",17.5,31.9,35.7,48.5,633,38,23.2,49.8,27.8,44.3,17.4,10.4"
"Legumina, Casey,668984,2026,""50.2"",215,15.8,6,""152"",""4.09"",""7"","".272"","".318"","".330"",40.4,7.5,37.6,""75.887813924"",""93.384201076"",15.3,32.2,32.8,48.3,803,44,20.4,51.9,40.4,28.6,25.5,5.6"
"Wells, Tyler,669330,2026,""57.1"",223,26,6.3,""172"",""2.51"",""2"","".208"","".260"","".273"",33.6,6.7,32.9,""77.251001918"",""92.890719384"",21.4,36,48,49.4,855,63,30.5,52.2,27.5,32.9,24.2,15.4"
"Hentges, Sam,656529,2026,""26.2"",123,24.4,16.3,""80"",""2.70"",""3"","".213"","".311"","".306"",28.6,2.9,31.4,""77.663700588"",""92.625388824"",13.4,26.3,56.8,56.7,496,18,28.8,41.9,50,21.4,20,8.6"
"Sommers, Drew,805427,2026,""19.1"",84,34.5,10.7,""58"",""3.72"",""1"","".179"","".316"","".241"",28.9,2.2,15.6,""71.585823182"",""90.579258372"",22.1,39.7,45.1,53,338,23,31.4,51.8,53.3,20,22.2,4.4"
"Morgan, Eli,669212,2026,""19.1"",91,17.6,9.9,""58"",""5.12"",""2"","".324"","".395"","".399"",39.1,6.3,42.2,""78.5977775"",""93.860205238"",8.7,33.7,45.5,57.8,339,8,24.1,46.6,32.8,20.3,35.9,10.9"
"Petersen, Michael,656848,2026,""48.1"",195,29.7,11.3,""145"",""2.98"",""2"","".185"","".263"","".283"",27.4,10.6,41.6,""82.027500702"",""94.531597345"",20.1,32.3,45.3,52.7,816,54,28.7,50,37.2,31.9,15,15.9"
"Peralta, Sammy,671111,2026,""2.2"",15,26.7,13.3,""8"",""10.13"",""2"","".272"","".470"","".441"",42.9,14.3,28.6,""78.7520375"",""93.171751429"",13.3,21.7,60,46.9,49,2,25,40.8,14.3,28.6,28.6,28.6"
"Sabrowski, Erik,681870,2026,""32.1"",143,37.1,17.5,""97"",""3.62"",""0"","".161"","".300"","".278"",49.2,9.4,38.5,""81.916757813"",""94.3124225"",20.7,29.1,51.1,54,590,36,31.3,45.4,20,35.4,32.3,12.3"
"Estrada, Jeremiah,669093,2026,""26.1"",105,31.4,13.3,""79"",""3.42"",""0"","".203"","".260"","".286"",36.2,6.9,34.5,""72.949672857"",""92.921756964"",19.8,33.1,54.2,59.8,420,23,34.2,47.4,37.9,29.3,24.1,8.6"
"Cosgrove, Tom,676680,2026,""10.0"",40,17.5,7.5,""30"",""2.70"",""1"","".180"","".264"","".236"",20.7,3.4,27.6,""74.406146667"",""91.7828"",4.3,30,33.3,48.6,144,2,13.4,46.5,31,44.8,13.8,10.3"
"Whisenhunt, Carson,687931,2026,""22.1"",105,19,14.3,""67"",""7.25"",""0"","".282"","".388"","".387"",38.6,10,48.6,""79.607180286"",""94.998685507"",16.5,35.5,50,58.6,394,18,30.9,48.5,35.7,31.4,27.1,5.7"
"Liberatore, Matthew,669461,2026,""113.2"",500,22,8.6,""341"",""5.15"",""5"","".269"","".363"","".342"",40.4,8.8,42.1,""80.035544412"",""94.568539587"",12.5,29.4,45,51.3,1914,77,22.9,47.2,38.3,28.7,26,7"
"Fitzpatrick, Brian,702153,2026,""6.2"",30,16.7,10,""20"",""1.35"",""0"","".212"","".290"","".257"",18.2,4.5,22.7,""66.701354545"",""91.730371818"",26.7,21.2,9.1,47.7,109,12,23.2,51.4,50,18.2,22.7,9.1"
"Nicolas, Kyle,693312,2026,""7.1"",42,16.7,31,""22"",""8.59"",""0"","".272"","".422"","".434"",36.4,5,31.8,""75.944937"",""93.21861"",10.5,17.2,47.6,61.6,198,4,23.7,29.8,27.3,31.8,27.3,13.6"
"Marinaccio, Ron,676760,2026,""54.1"",237,18.1,8.9,""163"",""5.13"",""6"","".266"","".363"","".344"",33.5,7.2,41.3,""78.164525476"",""94.22901497"",18.1,27,42.4,54.2,951,58,25.5,48.3,39.5,25.7,25.7,9"
"Treinen, Blake,595014,2026,""23.0"",100,25,10,""69"",""3.52"",""1"","".261"","".312"","".348"",35.9,12.7,42.2,""75.523227667"",""94.696935424"",12.1,35.5,45.8,54.3,374,13,25.7,47.9,53.1,26.6,17.2,3.1"
"Morris, Kade,695034,2026,""10.0"",53,11.3,11.3,""30"",""11.70"",""0"","".252"","".492"","".316"",29.3,4.9,48.8,""74.034804762"",""94.849633659"",11.6,25,28.6,53.6,209,8,16.5,46.4,56.1,24.4,17.1,2.4"
"Laweryson, Cody,689520,2026,""16.2"",78,23.1,10.3,""50"",""4.86"",""2"","".245"","".320"","".329"",38,8.2,50,""84.06663"",""95.198623673"",15.5,27.5,31.7,50.3,296,15,20.3,46.6,40,22,30,8"
"Whitlock, Garrett,676477,2026,""44.0"",168,29.2,4.2,""132"",""2.05"",""0"","".218"","".234"","".247"",29.5,3.6,33.9,""77.612235091"",""93.301797182"",18.1,42.2,50.4,49.3,621,41,29.8,57.3,39.3,27.7,21.4,11.6"
"Painter, Andrew,691725,2026,""75.0"",339,18.6,8.3,""225"",""6.48"",""4"","".271"","".373"","".346"",31.6,9,35.2,""75.180808347"",""93.650092199"",16.2,31.9,36.3,52.3,1286,66,23.2,48.4,40.2,27.5,22.5,9.8"
"Criswell, Cooper,681867,2026,""30.2"",121,19,6.6,""92"",""3.52"",""1"","".240"","".301"","".286"",22.5,4.5,36,""74.785562273"",""93.798142727"",16,36.8,30.4,54.1,462,21,22,48.3,61.8,20.2,14.6,3.4"
"Bubic, Kris,663460,2026,""50.1"",207,24.6,12.6,""151"",""4.11"",""1"","".240"","".286"","".327"",38.8,7.8,39.5,""79.03376375"",""94.143149606"",15.5,28.6,48.4,52.7,811,40,26.1,46.9,45.7,27.9,22.5,3.9"
"Gaddis, Hunter,683769,2026,""39.1"",174,21.3,9.2,""118"",""3.43"",""2"","".261"","".309"","".328"",36.1,9.3,31.4,""76.796208276"",""92.418916983"",20.9,30.5,49.5,51.8,677,49,29.9,50.4,31.1,33.6,25.2,10.1"
"Mlodzinski, Carmen,669387,2026,""97.1"",418,18.4,7.7,""292"",""3.51"",""2"","".284"","".314"","".340"",35,7.5,46.7,""80.238444408"",""94.836935066"",12.4,30.1,38.4,50.7,1636,61,21.1,45.4,40.2,25.2,28.1,6.5"
"Brown, Ben,676962,2026,""68.0"",265,24.5,7.2,""204"",""1.85"",""2"","".222"","".228"","".279"",31.3,7.3,43,""80.433868295"",""94.492796857"",15.1,30.6,52.3,50.4,1004,48,27.3,47.1,44.7,25.1,23.5,6.7"
"Ohtani, Shohei,660271,2026,""85.2"",340,27.9,7.6,""257"",""1.79"",""6"","".201"","".239"","".257"",26.8,3.8,33.8,""76.583839906"",""93.134880616"",19.3,30,54.8,49.7,1335,84,30.4,47.5,52.1,20.2,18.8,8.9"
"Fluharty, Mason,689254,2026,""47.0"",201,27.4,10,""141"",""4.02"",""1"","".190"","".308"","".265"",37.6,8,32.8,""74.481519508"",""92.850356967"",19.1,35,44.1,54,803,46,28.8,48.9,38.4,31.2,24.8,5.6"
"Kelly, Michael,547184,2026,""5.0"",32,18.8,18.8,""15"",""16.20"",""0"","".349"","".556"","".435"",55,15,45,""73.649626"",""95.454895"",17.4,16,62.5,41.3,121,8,24.1,44.6,20,20,45,15"
"McDermott, Chayce,694646,2026,""4.1"",18,16.7,5.6,""13"",""4.15"",""0"","".207"","".307"","".265"",35.7,14.3,21.4,""81.452955714"",""92.099016923"",16,33.3,26.7,57.7,78,4,20,51.3,21.4,42.9,21.4,14.3"
"Garrett, Braxton,666129,2026,""4.1"",28,17.9,28.6,""13"",""14.54"",""0"","".240"","".475"","".386"",33.3,14.3,26.7,""72.225621429"",""93.464887857"",16.2,18.7,42.9,58.1,129,6,23.5,39.5,46.7,33.3,13.3,6.7"
"Kelly, Merrill,518876,2026,""120.0"",519,15.4,9.6,""360"",""4.88"",""3"","".300"","".358"","".393"",39.5,12.7,44.2,""78.891831832"",""94.987973037"",11.9,34.1,36,57.2,1922,67,21.6,48.8,42.1,26.5,26.8,4.7"
"Payamps, Joel,606303,2026,""7.2"",36,25,11.1,""23"",""8.22"",""0"","".252"","".404"","".377"",52.2,17.4,39.1,""85.2484475"",""94.354103913"",12,25.6,50,51.7,151,6,22.9,46.4,21.7,52.2,26.1,0"
"Ullola, Miguel,699044,2026,""5.0"",20,35,5,""15"",""5.40"",""0"","".241"","".328"","".324"",33.3,16.7,33.3,""72.813865"",""92.72464"",21.4,24.3,55.6,48.1,77,6,29.7,48.1,16.7,50,33.3,0"
"Bazardo, Eduard,660825,2026,""51.1"",216,23.6,6.5,""154"",""3.33"",""1"","".255"","".326"","".322"",38,9.3,37.3,""79.640063014"",""94.146354863"",13.2,28.5,41.8,46.6,828,36,21.4,46.3,32.7,32,26,9.3"
"Suter, Brent,608718,2026,""65.1"",276,20.3,6.9,""196"",""4.13"",""1"","".270"","".325"","".323"",36.2,6.1,31.2,""74.487380938"",""93.247306458"",15.7,29.1,38.6,50.1,1137,57,22.8,46.6,48.7,20.6,25.6,5"
"Peguero, Joel,666711,2026,""11.1"",48,10.4,8.3,""34"",""2.38"",""2"","".192"","".297"","".256"",24.3,0,24.3,""74.951455789"",""91.17976"",15.4,35.4,24.1,48.5,169,10,18.1,55.6,56.8,21.6,18.9,2.7"
"Burrows, Mike,681347,2026,""94.2"",423,17.7,8.3,""284"",""5.99"",""4"","".263"","".375"","".337"",35.6,8.4,38.8,""77.094696234"",""93.877639707"",13.3,32.3,37.3,53,1567,67,21.6,49.3,37.9,28.5,25.6,8.1"
"Urquidy, José,664353,2026,""6.1"",36,16.7,5.6,""19"",""8.53"",""0"","".276"","".483"","".314"",25,7.4,42.9,""80.139355714"",""93.8934"",21.3,43.3,38.5,45.8,131,10,27.4,55.7,46.4,17.9,28.6,7.1"
"Burke, Sean,680732,2026,""128.2"",525,27.4,7.4,""386"",""3.08"",""8"","".227"","".293"","".294"",35.1,7.8,36.6,""78.872720854"",""93.70796753"",17,32.3,42.9,50.4,2090,115,25.6,48.7,35.7,29.7,25.5,9"
"Speier, Gabe,642100,2026,""30.0"",124,21.8,8.9,""90"",""2.10"",""4"","".208"","".283"","".301"",24.4,11.1,36.6,""76.5645485"",""93.995178481"",16.2,30.5,42.6,48.6,459,27,23.8,51.2,45.1,26.8,18.3,9.8"
"Rodriguez, Grayson,680570,2026,""55.0"",254,19.7,10.2,""165"",""7.20"",""5"","".298"","".378"","".389"",42.2,11,49.7,""80.178064598"",""95.558994509"",15.5,26,46.2,49.8,1019,56,23.7,48.5,32.9,28.3,32.9,5.8"
"Gibson, Cade,806188,2026,""31.0"",142,18.3,9.9,""93"",""5.52"",""5"","".256"","".335"","".308"",37.1,3.1,37.1,""74.927136875"",""93.146788421"",8.8,32.3,37.5,52.6,565,14,19.6,45.1,50.5,17.5,28.9,3.1"
"Drake, Kohl,684442,2026,""16.2"",77,16.9,7.8,""50"",""5.40"",""3"","".317"","".397"","".430"",43.6,16.4,49.1,""82.506151852"",""95.514023585"",17.5,23,31.7,54.8,325,18,21.5,44.3,25.5,40,27.3,7.3"
"Stock, Robert,476594,2026,""8.0"",41,19.5,12.2,""24"",""10.13"",""1"","".255"","".428"","".360"",55.6,11.1,29.6,""75.298586923"",""92.743563462"",18.6,24.6,70.6,46,150,11,30.3,50.7,37,29.6,29.6,3.7"
"Sisk, Evan,681895,2026,""40.0"",169,27.8,9.5,""120"",""2.48"",""7"","".195"","".307"","".272"",29.3,3,31.3,""72.741169592"",""92.880506804"",19.2,24.2,43.8,54.8,722,40,27,42.1,43.4,14.1,26.3,16.2"
"Suarez, Ranger,624133,2026,""103.0"",424,25.5,7.1,""309"",""3.32"",""3"","".247"","".281"","".293"",38.2,4.9,33.9,""75.089420709"",""93.210190819"",15,31.5,36.9,56.5,1645,69,23.5,45.8,42,21.6,29.7,6.7"
"Kranick, Max,668820,2026,""8.1"",40,7.5,10,""25"",""8.64"",""1"","".293"","".429"","".369"",40.6,6.3,31.3,""77.0524875"",""92.398979677"",9.5,32,41.7,55.6,135,4,21.2,48.9,34.4,25,28.1,12.5"
"Lange, Alex,656638,2026,""45.2"",206,23.3,12.6,""137"",""6.11"",""5"","".241"","".347"","".339"",37,12.6,42.5,""79.942775556"",""94.826347143"",13.3,29.6,53.2,54.5,862,35,27,46.8,44.1,26.8,26.8,2.4"
"Curvelo, Luis,681168,2026,""10.1"",54,11.1,11.1,""31"",""9.58"",""0"","".306"","".469"","".387"",38.1,9.5,50,""80.712816667"",""95.344187143"",19.8,26,30,41.2,187,16,21.8,54,23.8,35.7,31,9.5"
"Mantiply, Joe,573009,2026,""17.2"",71,22.5,5.6,""53"",""2.04"",""1"","".266"","".290"","".332"",34,10,44,""77.7599675"",""96.127078298"",10.1,35.9,26.9,54.9,264,8,16.8,49.6,52,12,30,6"
"Stewart, Brock,592779,2026,""14.2"",55,25.5,9.1,""44"",""2.45"",""0"","".165"","".209"","".225"",22.2,2.8,22.2,""68.434117222"",""91.803257222"",23.1,31.9,40.5,54.5,213,15,29.4,47.9,47.2,30.6,8.3,13.9"
"Dobbins, Hunter,690928,2026,""40.0"",169,21.3,8.3,""120"",""3.60"",""1"","".237"","".320"","".298"",35.6,6.8,40.7,""77.690434576"",""93.835822203"",15.9,26.6,40,51.1,661,35,22.9,46.9,46.6,25.4,22.9,5.1"
"Morillo, Juan,666661,2026,""47.1"",189,29.6,8.5,""142"",""2.47"",""2"","".178"","".246"","".234"",27.8,3.5,31.3,""73.443755439"",""93.053160088"",21.4,35.6,49.3,52.4,740,48,32,48.9,53.9,17.4,20,8.7"
"Brzykcy, Zach,694350,2026,""3.0"",12,16.7,16.7,""9"",""3.00"",""0"","".246"","".370"","".306"",12.5,0,37.5,""84.1722025"",""94.20482875"",0,30,33.3,62.5,48,0,16.7,37.5,75,12.5,12.5,0"
"Bennett, Jake,687562,2026,""76.2"",305,18,5.2,""230"",""3.17"",""3"","".225"","".260"","".272"",28.1,5.2,35.5,""75.903015495"",""93.852032928"",14.5,36.6,39,52.5,1067,52,23.4,52.9,48.5,25.1,19,7.4"
"Armstrong, Shawn,542888,2026,""33.0"",146,22.6,13,""99"",""4.91"",""2"","".209"","".324"","".308"",30.4,6.5,34.8,""78.886426"",""93.381594045"",18.6,24,41.4,48.9,597,41,24.1,48.6,44.6,28.3,18.5,8.7"
"Fernandez, Ryan,681676,2026,""13.1"",59,33.9,11.9,""40"",""2.70"",""0"","".213"","".287"","".291"",37.5,6.3,34.4,""70.03317"",""92.941618438"",23.9,29.4,57.5,57.6,236,17,36,47,40.6,25,25,9.4"
"Buttó, José,676130,2026,""2.0"",16,31.3,25,""6"",""22.50"",""0"","".319"","".676"","".494"",42.9,14.3,42.9,""70.763685"",""94.8662"",18.2,25,63.6,69.8,63,2,40.9,34.9,14.3,42.9,42.9,0"
"Hamilton, Ian,641656,2026,""4.2"",23,17.4,13,""14"",""7.71"",""0"","".306"","".355"","".341"",31.3,0,50,""82.314115"",""96.456464375"",11.1,30,60,54.3,92,3,28.6,45.7,56.3,12.5,31.3,0"
"Detmers, Reid,672282,2026,""129.0"",530,28.3,7.4,""387"",""4.12"",""4"","".221"","".285"","".291"",33,8.7,38.7,""80.124568263"",""94.37061045"",18.1,32,50.7,50.4,2130,127,28.8,49,35.7,31,24.4,8.9"
"García, Luis,472610,2026,""15.0"",74,8.1,8.1,""45"",""9.00"",""1"","".329"","".415"","".397"",34.4,5.2,44.3,""76.053356552"",""94.974048772"",12,34.1,38.3,52.1,265,11,20.9,52.5,39.3,26.2,27.9,6.6"
"Pérez, Eury,691587,2026,""109.2"",447,27.1,9.4,""329"",""3.61"",""8"","".212"","".294"","".301"",31.9,10.1,39.5,""76.227200584"",""94.184731241"",21.7,33.1,41.2,53.6,1793,132,28.4,51.7,38.4,28.6,20.7,12.3"
"Mills, Wyatt,670090,2026,""6.1"",36,13.9,25,""19"",""5.68"",""2"","".234"","".338"","".368"",25,0,25,""81.916543"",""92.929486842"",23.9,19,18.8,56.4,149,11,22.6,41.6,40,25,25,10"
"Yarbrough, Ryan,642232,2026,""44.0"",190,15.8,9.5,""132"",""3.68"",""4"","".226"","".302"","".287"",35.5,3.6,22.5,""71.091746119"",""91.427351642"",17.6,26.9,36.5,49.7,718,43,22.9,47.4,36.2,27.5,23.9,12.3"
"Rangel, Alan,660604,2026,""23.1"",108,24.1,11.1,""70"",""5.40"",""2"","".236"","".363"","".313"",25,5.9,30.9,""76.794438788"",""93.444193182"",16.4,33.2,36.4,53.2,436,23,23.5,49.8,35.3,32.4,19.1,13.2"
"Iglesias, Raisel,628452,2026,""42.2"",174,27.6,6.9,""128"",""2.95"",""1"","".219"","".288"","".276"",31,8.9,36.3,""77.157944821"",""93.391154196"",23.6,38.4,44.5,47.3,655,55,30.7,53.7,36.3,29.2,25.7,8.8"
"Bradford, Cody,674003,2026,""4.1"",20,25,10,""13"",""0.00"",""0"","".207"","".311"","".277"",23.1,7.7,46.2,""84.042877143"",""94.79264"",21.7,26.7,50,42.9,70,5,29,44.3,23.1,46.2,23.1,7.7"
"Gray, Peyton,682608,2026,""45.1"",197,23.9,7.1,""136"",""3.38"",""3"","".231"","".297"","".278"",32.3,5.3,33.1,""75.039304615"",""92.875772923"",22.9,32.2,34.2,48.4,750,58,26.5,49.3,35.3,25.6,26.3,12.8"
"Davitt, Duncan,701474,2026,""2.0"",8,12.5,12.5,""6"",""4.50"",""0"","".357"","".500"","".448"",50,16.7,83.3,""85.98606"",""98.54232"",11.1,26.7,0,53.6,28,1,7.7,46.4,33.3,16.7,33.3,16.7"
"Gervase, Paul,801434,2026,""7.2"",34,23.5,14.7,""23"",""2.35"",""0"","".238"","".286"","".306"",19,4.8,42.9,""79.634576"",""93.670738"",21.9,26.1,38.9,55.6,124,7,28,40.3,47.6,28.6,14.3,9.5"
"Palencia, Daniel,694037,2026,""16.2"",71,26.8,8.5,""50"",""2.70"",""0"","".244"","".309"","".300"",54.3,6.5,30.4,""80.245551739"",""93.258805217"",18.3,31.8,54.2,52.2,289,19,29.6,52.6,30.4,23.9,41.3,4.3"
"Rashi, Taylor,688497,2026,""3.2"",15,26.7,6.7,""11"",""9.82"",""0"","".257"","".302"","".326"",30,10,40,""71.610056"",""93.508794"",31.6,50,63.6,48.9,45,6,43.3,66.7,50,30,20,0"
"Bolton, Cody,675989,2026,""20.0"",95,23.2,14.7,""60"",""5.40"",""1"","".276"","".371"","".380"",36.2,10.3,48.3,""80.021337143"",""95.079233929"",11.3,23.5,39.6,52.2,391,13,19.6,41.7,37.9,29.3,27.6,5.2"
"Shugart, Chase,663767,2026,""38.1"",164,27.4,9.8,""115"",""4.93"",""3"","".223"","".348"","".315"",34,11,34,""73.9290804"",""93.4064226"",20,25.7,36,52.5,659,35,25.4,40.1,40,33,21,6"
"Bender, Anthony,669622,2026,""34.1"",140,29.3,8.6,""103"",""2.62"",""3"","".194"","".224"","".254"",28.6,7.1,33.3,""78.737444286"",""93.131032857"",13.1,26.1,50,45.5,539,20,24,40.3,44,32.1,20.2,3.6"
"Mey, Luis,682825,2026,""11.1"",55,32.7,18.2,""34"",""5.56"",""3"","".197"","".361"","".358"",29.2,14.3,37.5,""81.857119091"",""94.472532857"",28.1,24.8,60.6,57.1,233,16,40,38.6,62.5,16.7,16.7,4.2"
"Alvarado, Elvis,665660,2026,""36.1"",148,30.4,11.5,""109"",""4.46"",""2"","".206"","".330"","".339"",31,17.9,48.8,""78.98220119"",""95.295411566"",29.3,31.1,40,51.4,626,65,32.6,51.4,40.5,45.2,13.1,1.2"
"Jax, Griffin,643377,2026,""91.2"",379,26.4,7.9,""275"",""3.63"",""2"","".252"","".306"","".323"",34.4,9.3,39.7,""77.61397975"",""94.167053917"",18,35.1,51.3,55.1,1406,74,31.2,48.6,46.6,25.1,24.3,4"
"Hill, Jaden,677955,2026,""26.2"",127,22,13.4,""80"",""5.06"",""3"","".235"","".338"","".316"",33.3,3.8,39.7,""79.815026667"",""93.922437792"",24.7,28.8,43.1,52,481,39,30.4,47.8,43.6,24.4,24.4,7.7"
"Fleming, Josh,676596,2026,""3.0"",18,5.6,11.1,""9"",""12.00"",""1"","".360"","".479"","".470"",14.3,7.1,64.3,""81.500634286"",""97.079782143"",12,27.9,16.7,55.8,77,3,13.5,48.1,64.3,28.6,7.1,0"
"Roycroft, Chris,688297,2026,""19.2"",99,16.2,11.1,""59"",""8.24"",""2"","".290"","".431"","".386"",28.6,12.9,44.3,""77.685184545"",""95.125653636"",12.1,27.3,29.2,50.6,348,14,17.1,47.1,61.4,20,17.1,1.4"
"Waldron, Matt,663362,2026,""34.2"",154,18.8,5.8,""104"",""6.75"",""2"","".236"","".380"","".303"",24.6,6.1,38.6,""79.250105818"",""93.652014909"",11.6,29.3,31.7,48.8,574,23,17.5,48.8,46.5,28.9,15.8,8.8"
"McCullers Jr., Lance,621121,2026,""44.0"",195,24.6,13.8,""132"",""6.55"",""2"","".236"","".359"","".328"",37.3,7.6,47.5,""80.217222034"",""95.041010254"",16.5,26.8,48.3,55.6,793,35,27.9,41.6,44.1,24.6,22,9.3"
"Jacob, Alek,689690,2026,""5.0"",23,26.1,8.7,""15"",""5.40"",""1"","".179"","".352"","".272"",14.3,7.1,35.7,""73.513858571"",""92.786542857"",21.7,42.3,54.5,59.8,87,5,37.8,51.7,42.9,35.7,7.1,14.3"
"Cornelio, Riley,683000,2026,""20.0"",96,20.8,20.8,""60"",""5.40"",""0"","".192"","".334"","".318"",28.6,10.7,42.9,""73.547621481"",""93.590568148"",25.6,31.8,41.9,56.8,410,32,31.7,48.5,41.1,32.1,16.1,10.7"
"Espino, Daniel,682982,2026,""6.0"",27,44.4,14.8,""18"",""4.50"",""0"","".203"","".325"","".279"",27.3,9.1,45.5,""76.364885"",""92.918531818"",27.3,29,70,57.5,120,9,43.4,44.2,27.3,36.4,36.4,0"
"Nola, Aaron,605400,2026,""125.0"",544,23.7,7.9,""375"",""5.47"",""1"","".246"","".363"","".318"",34.8,10,41.5,""76.973103913"",""94.504656049"",15.9,32,45.6,55.9,2169,96,27.5,45.8,40.2,28.6,24.3,7"
"Lambert, Peter,663567,2026,""113.2"",472,23.5,9.3,""341"",""3.09"",""8"","".205"","".281"","".288"",29.4,6.8,37.2,""78.538488431"",""93.716396797"",18.6,29.9,39.8,52.9,1889,115,25.5,48.6,39.2,33.7,18.8,8.4"
"Zimmermann, Bruce,669145,2026,""5.0"",21,9.5,4.8,""15"",""5.40"",""0"","".235"","".340"","".261"",33.3,0,27.8,""76.5576"",""92.918999444"",0,24.3,33.3,51.4,72,0,10.3,40.3,33.3,33.3,22.2,11.1"
"Hicks, Jordan,663855,2026,""34.0"",152,26.3,14.5,""102"",""3.44"",""1"","".209"","".308"","".270"",28.1,1.1,32.6,""78.353162326"",""93.529909186"",15.6,29.5,39.1,52.5,594,26,23.9,43.6,48.3,23.6,22.5,5.6"
"Grove, Michael,675627,2026,""5.0"",20,20,0,""15"",""3.60"",""0"","".297"","".299"","".393"",43.8,12.5,37.5,""77.215595"",""94.37833375"",5,33.3,77.8,43.5,62,1,27.6,46.8,37.5,25,31.3,6.3"
"Castaño, Blas,680604,2026,""20.2"",85,20,7.1,""62"",""3.92"",""2"","".288"","".376"","".367"",36.7,10.2,50,""84.444405667"",""95.249281864"",11.8,28.1,38.3,48.7,343,13,19.7,45.8,48.3,30,21.7,0"
"McDonald, Trevor,686790,2026,""70.1"",310,18.4,7.4,""211"",""5.12"",""12"","".246"","".323"","".312"",27.6,4.2,37.8,""78.341862897"",""94.047566121"",10.5,29.3,42.4,51.7,1137,35,21.3,44.5,54.4,17.5,24,4.1"
"Bruihl, Justin,677865,2026,""57.1"",254,15.7,8.3,""172"",""3.45"",""8"","".247"","".308"","".304"",29.7,3.8,34.6,""73.978336703"",""93.193985691"",12,29,29.9,52.5,965,35,18,45.4,51.9,18.9,23.8,5.4"
"Ross, Joe,605452,2026,""11.2"",57,12.3,10.5,""35"",""9.26"",""0"","".307"","".403"","".391"",31.8,11.4,36.4,""73.661929091"",""93.411029318"",18.1,33.6,52.6,55.1,205,13,30,53.7,43.2,20.5,20.5,15.9"
"Enns, Dietrich,608650,2026,""16.0"",70,18.6,15.7,""48"",""3.94"",""0"","".211"","".306"","".301"",39.1,6.5,39.1,""83.083950455"",""94.5765975"",17,26.3,37.5,52.2,291,16,23.1,46,34.8,34.8,21.7,8.7"
"Parker, Mitchell,680730,2026,""39.2"",178,19.1,7.3,""119"",""6.58"",""2"","".272"","".370"","".347"",34.1,8.5,41.9,""80.559445167"",""95.129785333"",18,32,50,49.8,664,41,28.1,50.3,40.3,27.9,25.6,6.2"
"Hoffman, Nolan,676510,2026,""4.2"",21,9.5,14.3,""14"",""3.86"",""0"","".300"","".354"","".341"",18.8,0,31.3,""68.371755"",""91.50647875"",7.4,18.6,75,52.4,82,2,22.9,42.7,43.8,12.5,31.3,12.5"
"Soto, Gregory,642397,2026,""49.2"",209,28.7,10,""149"",""3.81"",""4"","".199"","".278"","".273"",30.9,4.9,36.6,""74.921017"",""93.66606"",16.1,29.7,47.6,55.4,869,37,28.2,42.9,45.5,22,19.5,13"
"Kilian, Caleb,668873,2026,""47.2"",209,26.8,10.5,""143"",""4.91"",""1"","".216"","".302"","".292"",30.2,8.6,34.9,""77.059416935"",""93.499167317"",18.4,32.7,45.9,51.8,786,46,27.9,48.7,48.8,27.1,17.1,7"
"Bradley, Taj,671737,2026,""131.2"",556,26.6,9.9,""395"",""3.76"",""3"","".226"","".299"","".305"",38,9.1,45.4,""80.833272069"",""94.93625569"",15.8,28.9,48.8,51.9,2241,114,26.3,47.3,35.1,29.7,26.9,8.3"
"Chapman, Aroldis,547973,2026,""39.2"",168,29.8,10.7,""119"",""2.04"",""1"","".186"","".283"","".264"",26.3,8.1,37.4,""76.5551625"",""94.338518316"",20.8,34.1,45.5,49.8,648,49,28.6,53.4,45.5,29.3,17.2,8.1"
"Martin, Chris,455119,2026,""14.0"",66,13.6,3,""42"",""9.00"",""1"","".344"","".478"","".408"",51.9,11.1,44.4,""80.465496667"",""95.450445926"",14.7,32.2,18.9,46.4,248,14,15.9,53.2,31.5,25.9,37,5.6"
"Dallas, Chad,689149,2026,""7.2"",39,15.4,15.4,""23"",""8.22"",""0"","".240"","".375"","".320"",29.6,3.7,37,""82.521875714"",""93.407947778"",10,35,34.3,64.1,156,4,21.3,48.1,37,29.6,25.9,7.4"
"Yoho, Craig,684974,2026,""23.1"",98,20.4,12.2,""70"",""5.40"",""3"","".210"","".308"","".320"",41.3,8.1,28.6,""73.478977742"",""92.658196066"",22,26.7,41.8,53.8,383,27,28.1,46.5,39.7,30.2,25.4,4.8"
"Rodón, Carlos,607074,2026,""46.1"",194,26.8,13.4,""139"",""3.30"",""1"","".212"","".281"","".296"",33,5.2,35.7,""80.879946491"",""93.732418772"",19.2,28.7,48.1,55.9,828,51,28.8,48.2,42.6,24.3,27,6.1"
"Thomas, Connor,671162,2026,""6.1"",40,10,15,""19"",""21.32"",""0"","".308"","".563"","".423"",33.3,10,46.7,""77.648767333"",""95.509596333"",16.3,25.9,38.1,58.7,138,7,23.4,46.4,40,30,23.3,6.7"
"Englert, Mason,669438,2026,""35.2"",157,20.4,5.1,""107"",""4.54"",""1"","".280"","".370"","".365"",36.2,14.9,38.1,""78.097653929"",""94.208995357"",13.2,37.3,43.4,52.4,596,25,23.9,52.7,31,32.8,26.7,9.5"
"Nardi, Andrew,677053,2026,""22.2"",99,27.3,11.1,""68"",""5.16"",""1"","".240"","".342"","".348"",31.7,13.3,45,""77.222368667"",""95.192862373"",16.8,29.5,60.7,50.3,378,21,30.4,47.9,43.3,31.7,21.7,3.3"
"Anderson, Drew,623454,2026,""67.1"",290,26.9,9,""202"",""4.01"",""4"","".211"","".316"","".286"",29.1,7.7,39,""80.714915056"",""94.280267006"",15.4,35.2,48.4,56.2,1127,50,28.9,48.5,48.4,23.6,19.2,8.8"
"Gil, Luis,661563,2026,""19.1"",85,10.6,12.9,""58"",""6.05"",""3"","".262"","".368"","".385"",27.4,9.7,46.8,""83.967854839"",""95.93957082"",11.6,23,31.8,56.7,337,10,18.5,38.6,46.8,32.3,14.5,6.5"
"Ryan, Joe,657746,2026,""125.2"",523,26.4,5.2,""377"",""3.65"",""5"","".224"","".299"","".290"",34.8,10.5,42.2,""79.0089436"",""94.448329229"",18.4,32.3,40.9,48.6,2089,133,25.5,50.2,36.5,29.2,23.8,10.5"
"Pfaadt, Brandon,694297,2026,""85.2"",356,15.2,6.7,""257"",""3.36"",""4"","".233"","".297"","".296"",29.9,7.7,35.4,""78.416307518"",""93.525606277"",12.2,30.3,37.4,51.5,1300,52,20.3,48.5,48.9,22.3,19.3,9.5"
"Cole, Gerrit,543037,2026,""80.2"",329,26.4,5.2,""242"",""3.35"",""1"","".239"","".289"","".288"",35.1,8.8,43.3,""80.668711927"",""94.195329954"",15.3,27.6,39.9,47,1246,66,21.5,48.6,32.4,31.5,26.6,9.5"
"Jobe, Jackson,695549,2026,""5.0"",16,25,6.3,""15"",""0.00"",""0"","".210"","".099"","".274"",18.2,10,36.4,""73.723566"",""93.655959"",23.8,37.5,26.7,56.3,71,5,25,50.7,63.6,36.4,0,0"
"Macko, Adam,671936,2026,""22.0"",99,23.2,10.1,""66"",""4.91"",""3"","".258"","".340"","".338"",36.5,6.3,34.9,""74.134807419"",""93.771567581"",23.1,30.7,50.8,53,400,28,32.8,46.5,34.9,25.4,30.2,9.5"
"Giolito, Lucas,608337,2026,""29.2"",138,13,16.7,""89"",""5.16"",""1"","".262"","".369"","".357"",38.5,4.2,43.8,""79.514155"",""94.557978632"",17.8,19,42.9,53.5,551,30,24,40.8,31.3,24,33.3,11.5"
"Sheehan, Emmet,686218,2026,""95.1"",412,26.2,7.3,""286"",""5.29"",""8"","".230"","".345"","".308"",36.1,10.5,39.1,""78.062125682"",""94.012956364"",17.9,35,51.7,54.9,1698,94,30.8,50.2,35,30.5,23.7,10.9"
"Edwards Jr., Carl,605218,2026,""6.0"",25,44,16,""18"",""1.50"",""0"","".159"","".265"","".258"",40,10,40,""87.795498"",""94.853408"",44.8,27.5,64.3,51.5,99,13,51.2,43.4,40,40,20,0"
"Peterson, David,656849,2026,""106.0"",476,18.5,9,""318"",""5.35"",""3"","".274"","".333"","".341"",35.7,6.8,41.5,""78.560060659"",""94.513171527"",12.6,28.8,37.8,53.3,1740,68,20.9,46.4,50,21.3,25.7,2.9"
"Miller, Mason,695243,2026,""49.1"",188,48.4,8.5,""148"",""0.91"",""2"","".130"","".182"","".183"",30.4,3.8,26.6,""74.02468275"",""92.2185"",30.9,37.6,69.1,54.4,792,68,47.1,48.2,48.1,24.1,21.5,6.3"
"Eder, Jake,671109,2026,""4.0"",15,6.7,6.7,""12"",""2.25"",""0"","".363"","".249"","".459"",53.8,30.8,69.2,""88.66917"",""98.089133846"",0,32.1,33.3,50,56,0,9.1,58.9,30.8,38.5,30.8,0"
"Avila, Luinder,679883,2026,""70.0"",309,19.7,13.6,""210"",""5.53"",""2"","".251"","".355"","".339"",32.8,5.9,35.3,""76.9869519"",""93.52563355"",12.7,26.9,44.1,56.1,1293,45,23.9,42.4,47.5,25.5,22.1,4.9"
"Baumler, Carter,691945,2026,""5.2"",27,22.2,22.2,""17"",""3.18"",""1"","".206"","".370"","".359"",35.7,7.1,50,""82.485275714"",""95.045617143"",25.8,28.4,36.8,57.3,117,8,30,42.7,28.6,42.9,21.4,7.1"
"Blackburn, Paul,621112,2026,""64.2"",251,20.7,9.2,""194"",""1.95"",""1"","".224"","".258"","".287"",26.3,6.3,33.1,""73.846794368"",""93.29165477"",13.9,28.1,38.1,54.2,914,39,22,45.8,57.1,22.3,17.1,3.4"
"Junis, Jakob,596001,2026,""40.0"",164,18.3,4.3,""120"",""2.70"",""3"","".264"","".261"","".301"",37.9,3.2,34.7,""76.310607742"",""93.009177823"",11.7,29.7,36.3,46.1,584,23,18.8,47.4,39.5,25.8,28.2,6.5"
"Gusto, Ryan,687473,2026,""49.0"",216,19.9,6.5,""147"",""4.78"",""2"","".263"","".319"","".320"",35.7,8.3,43.9,""80.461011266"",""94.310587898"",12.6,31.2,39.8,48,788,34,20.9,49.2,41.4,25.5,28,5.1"
"Ferrer, José A.,678606,2026,""48.0"",213,18.3,6.6,""144"",""3.56"",""5"","".239"","".325"","".295"",27.1,5.8,35.5,""74.622244737"",""93.46836649"",14.2,29.7,35.8,46.1,775,41,20,51,55.5,24.5,16.8,3.2"
"Morán, Jovani,663558,2026,""48.0"",193,28,11.4,""144"",""2.63"",""1"","".197"","".258"","".279"",33.6,7,30.2,""76.549268214"",""93.571677679"",25.1,28.2,50.5,53,743,57,33.4,45.5,39.7,30.2,21.6,8.6"
"Kolek, Stephen,663568,2026,""54.0"",224,15.2,5.4,""162"",""4.50"",""2"","".262"","".328"","".303"",33,6.9,36.9,""77.361764368"",""93.867281676"",12.3,26.7,39.6,49.6,837,36,19.8,48.3,46,22.7,24.4,6.8"
"Hollowell, Gavin,668970,2026,""14.1"",62,21,12.9,""43"",""2.51"",""1"","".240"","".315"","".351"",40,15,35,""75.8865825"",""93.814497949"",20,26,45.5,50.2,253,15,27.8,42.7,20,42.5,25,12.5"
"Seabold, Connor,657756,2026,""24.0"",113,17.7,8,""72"",""5.25"",""3"","".253"","".351"","".308"",35.8,6.3,37,""76.54324025"",""94.015410506"",16.2,30.3,27.3,53.4,476,24,20,47.3,43.2,28.4,24.7,3.7"
"Sullivan, Sean,807743,2026,""22.1"",114,14,9.6,""67"",""8.87"",""3"","".241"","".460"","".335"",44,9.5,34.5,""78.262507381"",""93.572283133"",11.2,28.1,29.6,46.6,412,16,16.2,47.8,20.2,40.5,29.8,9.5"
"Bibee, Tanner,676440,2026,""138.0"",559,19.7,6.8,""414"",""3.85"",""4"","".256"","".301"","".323"",34.9,8.9,39.6,""78.96892199"",""94.084869127"",18.3,27,38.9,49.7,2151,132,24.2,47,38.6,27.8,24.8,8.8"
"Heasley, Jonathan,669169,2026,""4.0"",19,10.5,0,""12"",""11.25"",""0"","".352"","".535"","".479"",41.2,11.8,58.8,""88.27628"",""96.662390588"",0,37.9,27.3,45.3,64,0,7.9,59.4,29.4,47.1,23.5,0"
"Ritchie, JR,702275,2026,""58.0"",256,20.7,14.1,""174"",""4.50"",""5"","".240"","".324"","".343"",30.2,9.3,39.5,""79.788373625"",""93.89552325"",13.1,25.5,42.5,56,1023,36,23.3,41.1,45.1,29.6,20.4,4.9"
"Chandler, Bubba,696149,2026,""116.1"",508,20.3,12.2,""349"",""4.26"",""5"","".231"","".306"","".313"",31.2,5.9,37.4,""78.683799578"",""93.706095873"",15.3,29.1,41.2,52.1,1988,100,23.5,48,39.8,28.2,22.3,9.8"
"López, Reynaldo,625643,2026,""71.2"",306,21.6,9.5,""215"",""3.64"",""1"","".256"","".321"","".330"",37.8,7.7,36.4,""76.250960192"",""93.68578285"",11.7,27.2,43.8,52.9,1226,45,21.8,45.6,36.8,28.7,26.8,7.7"
"Romano, Jordan,605447,2026,""17.2"",87,28.7,13.8,""53"",""6.62"",""1"","".240"","".346"","".307"",38.8,4.1,36.7,""75.8178264"",""93.351722449"",14.6,31.9,52.2,54.7,384,15,29.4,44.3,32.7,20.4,36.7,10.2"
"Strider, Spencer,675911,2026,""39.0"",165,27.9,12.1,""117"",""5.31"",""1"","".188"","".354"","".290"",35.7,11.2,36.7,""79.165809184"",""93.837080619"",18.8,28.7,54.1,55,691,40,30.7,46.6,29.6,37.8,22.4,10.2"
"Raquet, Nick,675919,2026,""3.2"",17,5.9,11.8,""11"",""7.36"",""1"","".328"","".372"","".416"",46.2,7.7,30.8,""80.663465714"",""92.624820769"",8.7,22,0,54.7,75,2,6.3,42.7,23.1,46.2,23.1,7.7"
"Muñoz, Rolddy,691548,2026,""2.0"",12,25,8.3,""6"",""13.50"",""0"","".315"","".525"","".428"",25,25,62.5,""83.8472225"",""97.798625"",31.3,20,40,51,49,5,33.3,42.9,75,25,0,0"
"Henderson, Logan,701656,2026,""50.0"",192,32.3,5.2,""150"",""2.70"",""1"","".201"","".262"","".252"",36.1,8.4,36.1,""75.979331525"",""93.784211271"",25.8,29.8,38.1,43,759,80,28.7,53.6,30.3,26.9,29.4,13.4"
"Stratton, Hunter,676702,2026,""3.1"",15,20,0,""10"",""5.40"",""0"","".403"","".380"","".383"",33.3,0,25,""75.922256667"",""93.014815833"",9.5,39.1,33.3,41.1,56,2,16.7,53.6,50,0,41.7,8.3"
"Leahy, Kyle,681517,2026,""112.1"",478,20.7,7.3,""337"",""3.45"",""5"","".278"","".328"","".348"",36.7,10.7,48.5,""81.023704226"",""95.64424994"",11.9,26.4,47.6,51.2,1852,72,22.3,46.2,46.2,21.9,26.6,5.3"
"King, Michael,650633,2026,""136.1"",559,21.5,9.8,""409"",""3.37"",""9"","".239"","".291"","".323"",34,8.6,32.6,""76.206033497"",""93.194275219"",18.2,30.2,39.8,53,2227,123,25.7,46.3,44.7,26.5,20.3,8.6"
"Kelly, Antwone,699008,2026,""7.1"",32,12.5,12.5,""22"",""6.14"",""0"","".286"","".405"","".345"",29.2,4.2,37.5,""81.720450833"",""93.439626087"",12.5,22.2,8.3,43.9,123,6,11.7,48.8,58.3,25,12.5,4.2"
"Rom, Drew,680723,2026,""5.2"",27,40.7,14.8,""17"",""3.18"",""0"","".183"","".358"","".290"",50,16.7,50,""84.94908"",""96.7851375"",34.2,14.5,62.5,48.7,113,13,39.1,40.7,25,25,41.7,8.3"
"Suárez, Albert,544150,2026,""49.0"",208,15.9,9.1,""147"",""4.22"",""0"","".260"","".326"","".334"",41.7,8.3,40.4,""79.413321447"",""94.085912697"",16.6,26.6,36,54.9,760,43,22.4,48.7,32.7,26.9,31.4,9"
"Woodford, Jake,663765,2026,""26.1"",126,18.3,5.6,""79"",""7.18"",""0"","".333"","".384"","".369"",45.8,8.3,49,""82.425733333"",""94.755614632"",12.8,27,35.5,50.3,457,19,19.5,46,38.5,26,31.3,4.2"
"Graceffo, Gordon,700669,2026,""56.1"",224,16.1,11.6,""169"",""3.04"",""2"","".254"","".268"","".345"",33.8,10.6,45.6,""83.712914625"",""95.355296352"",9.1,25.4,35,55.1,837,23,17.3,44.1,47.5,28.7,20.6,3.1"
"Bird, Jake,656234,2026,""31.1"",142,23.2,7.7,""94"",""5.74"",""5"","".248"","".361"","".333"",34.4,9.7,37.6,""78.784141702"",""94.070273226"",24.4,22.4,34.4,48.9,556,41,27.1,41.2,43,23.7,22.6,10.8"
"Morales, Luis,806960,2026,""16.0"",90,14.4,15.6,""48"",""13.50"",""1"","".303"","".498"","".407"",38.7,11.3,40.3,""77.223118065"",""94.018958226"",12.2,26.9,30.2,56.9,346,12,18.5,43.6,38.7,21,27.4,12.9"
"Schweitzer, Tyler,805326,2026,""22.2"",94,11.7,9.6,""68"",""2.78"",""0"","".286"","".296"","".355"",43.2,9.6,50,""82.09516"",""95.430763973"",19.6,31.7,34,46.4,360,28,23.5,54.4,37.8,29.7,28.4,4.1"
"Vivas, Jorbit,678391,2026,""2.2"",18,0,5.6,""8"",""16.88"",""1"","".395"","".601"","".542"",50,25,53.3,""85.04167375"",""95.25583875"",0,40,0,78.9,39,0,0,53.8,31.3,31.3,31.3,6.3"
"Fuentes, Didier,800311,2026,""50.2"",207,31.4,7.2,""152"",""2.49"",""2"","".216"","".257"","".271"",35.2,5.6,36,""79.326141613"",""93.28826187"",21.8,30.9,48.1,49.3,860,69,29.5,52,37.6,28.8,24,9.6"
"Weston, Cameron,687721,2026,""1.0"",3,33.3,33.3,""3"",""0.00"",""0"","".241"","".233"","".381"",0,0,100,""99.58379"",""99.58379"",0,44.4,25,52.9,17,0,12.5,47.1,100,0,0,0"
"Phillips, Tyler,663969,2026,""93.1"",401,17.5,9.7,""280"",""3.47"",""3"","".268"","".319"","".340"",33,8,44.8,""80.738177887"",""94.664819049"",11,32,50.4,53.5,1483,47,25.7,45.9,45.8,27.1,24.3,2.8"
"Sugano, Tomoyuki,608372,2026,""107.2"",451,13.5,5.8,""323"",""4.51"",""2"","".313"","".348"","".397"",38.7,13.8,43.9,""80.177218833"",""95.226071448"",9.8,26.2,37.8,52.8,1718,54,18.3,45.9,37.6,30.9,27.1,4.4"
"Bieber, Shane,669456,2026,""42.2"",195,16.4,11.8,""128"",""5.48"",""0"","".301"","".372"","".399"",35,10.7,44.3,""77.858661571"",""95.096990786"",9.2,29.6,44,60.7,745,17,23.8,42.8,44.3,24.3,23.6,7.9"
"Brubaker, JT,664141,2026,""55.0"",223,16.6,9.9,""165"",""3.27"",""1"","".265"","".282"","".333"",38,5.5,35.6,""77.124803537"",""93.400225706"",9.7,30.8,39.7,55,892,24,21.1,44.6,39.3,27,28.8,4.9"
"Martinez, Nick,607259,2026,""129.0"",519,14.1,3.9,""387"",""2.65"",""3"","".280"","".295"","".329"",35.2,7.3,32.9,""75.548859762"",""93.269601217"",10.3,32.3,34.1,47.5,1800,66,17.5,50.8,36.4,29.3,25.3,9"
"Gasser, Robert,688107,2026,""67.0"",286,21.3,6.3,""201"",""4.57"",""7"","".250"","".329"","".315"",39,6,33,""75.539003939"",""93.040081066"",14.7,28.4,42.6,46.9,1114,61,22,50.5,33,29,27.5,10.5"
"Leiter Jr., Mark,643410,2026,""33.2"",144,26.4,7.6,""101"",""4.28"",""4"","".269"","".304"","".316"",37.4,3.3,31.9,""76.022925652"",""92.833247802"",15.8,33.8,52,54.8,551,24,30.3,46.1,42.9,24.2,27.5,5.5"
"Alexander, Tyler,641302,2026,""50.2"",214,21,6.1,""152"",""3.20"",""3"","".239"","".294"","".282"",29.4,3.9,35.3,""75.584941053"",""93.213658477"",15.3,32.8,34.1,52.1,808,36,22.2,46.3,54.9,21.6,19,4.6"
"Crow, Coleman,689441,2026,""18.2"",85,11.8,7.1,""56"",""5.30"",""1"","".269"","".339"","".340"",36.8,7.4,36.8,""79.119521471"",""93.672238824"",12.6,35.5,24,47.8,295,13,16.3,51.9,36.8,26.5,25,11.8"
"Fried, Max,608331,2026,""81.1"",312,24,8,""244"",""2.88"",""2"","".192"","".233"","".240"",27.6,1.4,30.5,""74.894871068"",""92.709598641"",17.7,28.7,39.8,52.2,1208,66,24.9,45.9,49,22.9,19.5,8.6"
"Roupp, Landen,694738,2026,""123.2"",522,23.6,10.9,""371"",""4.22"",""4"","".226"","".298"","".291"",32.5,4.2,29,""75.3812675"",""92.453230518"",14.6,30,41,58.2,2192,82,25.3,43.1,51.8,21,22.5,4.7"
"Bummer, Aaron,607481,2026,""16.2"",88,14.8,12.5,""50"",""10.26"",""1"","".271"","".456"","".382"",34.9,12.7,49.2,""82.032936129"",""95.460967581"",9.2,27.4,44.4,50,328,10,19.5,47,47.6,30.2,15.9,6.3"
"Hoffman, Jeff,656546,2026,""51.0"",229,34.9,8.7,""153"",""3.88"",""6"","".208"","".308"","".285"",35.8,9,36.6,""77.695530164"",""93.415930248"",21.9,38,58.1,56.6,944,60,37.3,50.5,45.5,21.1,26,7.3"
"Koenig, Jared,657649,2026,""7.0"",41,17.1,17.1,""21"",""9.00"",""1"","".246"","".443"","".337"",26.9,7.7,46.2,""82.165573846"",""96.364466538"",16.7,18.7,35.7,46.6,161,9,20.6,42.2,50,23.1,23.1,3.8"
"Simpson, Josh,681006,2026,""6.2"",31,29,6.5,""20"",""4.05"",""1"","".200"","".385"","".314"",36.8,10.5,36.8,""80.803103"",""94.758317895"",13.9,30,38.9,50,120,5,22.2,45,26.3,42.1,15.8,15.8"
"Lavender, Nate,681320,2026,""2.1"",7,42.9,14.3,""7"",""0.00"",""0"","".014"","".100"","".113"",0,0,0,""83.26235"",""88.55146"",35.7,20,33.3,44.1,34,5,35.3,50,33.3,66.7,0,0"
"Lorenzen, Michael,547179,2026,""112.0"",543,14.9,8.5,""336"",""6.83"",""5"","".301"","".401"","".372"",34.1,9.5,46.5,""80.686287843"",""95.372679779"",10.9,24.4,36.8,51.8,2106,73,18.2,44.5,44.3,24.8,26.5,4.4"
"Keller, Mitch,656605,2026,""115.2"",503,17.7,8.3,""347"",""5.29"",""8"","".288"","".333"","".355"",38.7,7.4,42.3,""78.627953315"",""94.533052327"",13,29.4,36.5,51.5,1887,79,20.5,47.4,37.9,25.8,29.9,6.3"
"Johnson, Seth,686751,2026,""19.0"",93,26.9,16.1,""57"",""5.21"",""1"","".218"","".351"","".324"",36.5,13.5,42.3,""78.051791538"",""93.930743654"",22.3,23.9,46.9,53.2,385,27,29.4,44.2,40.4,19.2,30.8,9.6"
"Prielipp, Connor,687570,2026,""82.2"",356,24.7,9,""248"",""4.79"",""5"","".235"","".323"","".316"",33.9,8.7,41.3,""81.020757522"",""94.358359911"",14.5,30.5,41.7,51.8,1412,65,23.5,47.5,43.9,26.5,23,6.5"
"Rea, Colin,607067,2026,""121.2"",527,17.1,8.2,""365"",""4.59"",""7"","".274"","".334"","".356"",36.7,10.6,40.8,""79.591312188"",""94.315381279"",10.8,30.2,36.8,52.2,2000,67,19.6,46.8,42.6,28.4,23.8,5.2"
"Beeter, Clayton,690925,2026,""36.0"",152,24.3,15.1,""108"",""3.75"",""2"","".210"","".293"","".320"",27.8,6.7,42.2,""79.478174773"",""94.019090805"",16.4,28.7,47.4,56.7,584,27,27.7,44.5,55.6,23.3,18.9,2.2"
"Skenes, Paul,694973,2026,""129.2"",532,30.5,6.8,""389"",""3.96"",""8"","".208"","".292"","".270"",34.8,7.1,39.1,""76.978524813"",""93.985909"",21,33.1,43.9,53.6,2208,155,28.9,51.2,42.2,23.7,24.9,9.2"
"McLean, Nolan,690997,2026,""130.2"",548,28.5,8.8,""392"",""3.51"",""13"","".223"","".293"","".296"",35,7,36,""76.210183988"",""93.737987477"",16.2,28,43.7,52,2171,103,25.4,43.8,46.2,23,25.1,5.7"
"Velasquez, Vince,592826,2026,""3.1"",11,9.1,0,""10"",""0.00"",""0"","".151"","".115"","".154"",10,0,30,""74.804328"",""92.35715"",7.1,31.8,28.6,51.2,43,1,14.3,48.8,30,40,10,20"
"Greene, Hunter,668881,2026,""27.2"",121,27.3,7.4,""83"",""6.83"",""0"","".268"","".322"","".325"",41.8,5.1,46.8,""79.592857692"",""94.803173333"",17,32,51.4,49.3,456,29,27.2,53.3,26.6,27.8,35.4,10.1"
"Black, Mason,696131,2026,""22.2"",103,16.5,13.6,""68"",""3.57"",""2"","".285"","".351"","".391"",40,11.4,48.6,""83.176540571"",""95.374463143"",12.4,23,39.2,53,419,15,20.3,41.1,30,31.4,28.6,10"
"Farris, Mitch,815083,2026,""47.1"",204,24,11.3,""142"",""4.18"",""1"","".268"","".365"","".351"",42,8.5,48.8,""79.606484769"",""95.012994031"",16.9,29.3,46.4,56,792,36,27.7,44.2,36.6,27.5,29.8,6.1"
"Cerantola, Eric,672021,2026,""5.1"",28,25,39.3,""16"",""10.13"",""0"","".181"","".484"","".402"",20,20,60,""79.782102"",""94.518277"",17.4,17.3,78.6,66.4,122,4,40.5,30.3,50,30,20,0"
"Abbott, Andrew,671096,2026,""128.2"",555,17.8,11,""386"",""3.92"",""0"","".257"","".314"","".333"",31.8,7.6,38.3,""79.479076702"",""94.07967008"",12.4,28.9,43.4,53.3,2223,85,22.8,46.4,42.7,25.7,22.4,9.2"
"Dion, Will,702021,2026,""23.1"",97,26.8,4.1,""70"",""3.86"",""1"","".260"","".328"","".302"",43.9,4.5,31.8,""76.270855938"",""93.56792875"",20.6,36.6,35.9,49.6,353,26,25.8,53.8,37.9,27.3,28.8,6.1"
"Loáisiga, Jonathan,642528,2026,""47.1"",190,18.9,5.8,""142"",""2.85"",""1"","".234"","".277"","".281"",29.6,4.9,34.5,""75.126715571"",""93.39129482"",16.5,36,35.8,52.7,723,40,23.4,52.6,52.1,19.7,23.9,4.2"
"Callihan, Tyler,682997,2026,""3.0"",15,6.7,20,""9"",""0.00"",""0"","".282"","".317"","".380"",27.3,0,54.5,""85.19323"",""94.26729"",0,25,0,75.5,53,0,0,35.8,36.4,36.4,18.2,9.1"
"Maton, Phil,664208,2026,""27.2"",136,22.8,11.8,""83"",""6.18"",""5"","".294"","".398"","".389"",44,11.9,42.9,""76.768353415"",""94.435043293"",20.6,29.3,37.7,48.2,546,37,25.7,47.1,41.7,19,35.7,3.6"
"Hoppe, Alex,695380,2026,""29.2"",131,26,8.4,""89"",""5.46"",""1"","".250"","".311"","".295"",34.1,3.5,40,""78.013206977"",""94.636690118"",12.9,28.9,57.7,53.6,504,20,27.9,46.2,47.1,14.1,34.1,4.7"
"Kempner, William,687531,2026,""12.1"",50,28,8,""37"",""2.92"",""2"","".231"","".265"","".306"",46.7,3.3,23.3,""74.829450667"",""92.613606333"",25.9,30,48.5,55.3,199,15,34.1,45.7,30,26.7,33.3,10"
"Roberts, Ethan,681799,2026,""25.2"",110,15.5,12.7,""77"",""4.21"",""3"","".255"","".331"","".342"",26.3,3.9,44.7,""81.901718947"",""94.509798026"",14.4,25.1,41.4,53,436,19,22.6,43.6,47.4,21.1,22.4,9.2"
"Hoffmann, Andrew,694851,2026,""11.2"",59,20.3,13.6,""35"",""7.71"",""1"","".243"","".433"","".336"",29.7,8.1,43.2,""78.079481111"",""95.232855714"",10,16.2,52.6,50.9,230,7,19.1,38.7,35.1,29.7,27,8.1"
"Hall, DL,669084,2026,""34.2"",142,23.9,18.3,""104"",""2.60"",""1"","".211"","".276"","".309"",29.6,5,30.9,""76.775203"",""92.60595475"",20.6,25.3,42.2,54.7,600,33,28,40.5,48.1,21,19.8,11.1"
"Abner, Philip,691769,2026,""12.1"",56,10.7,14.3,""37"",""6.57"",""0"","".297"","".338"","".388"",45.2,9.5,38.1,""80.667691905"",""94.36878881"",13.5,26.1,30,52.3,220,10,18.3,47.3,33.3,31,33.3,2.4"
"Hedges, Austin,595978,2026,""2.2"",12,8.3,0,""8"",""6.75"",""0"","".284"","".296"","".275"",27.3,0,27.3,""85.548928333"",""92.964781818"",9.1,33.3,0,40,30,1,6.7,50,45.5,18.2,36.4,0"
"Roa, Christian,685005,2026,""8.2"",43,14,16.3,""26"",""5.19"",""3"","".297"","".423"","".415"",44.4,7.4,63,""82.120582857"",""96.231188889"",17.5,19.4,50,52.2,178,11,24.7,45.5,33.3,25.9,25.9,14.8"
"Montgomery, Jordan,656756,2026,""4.0"",19,10.5,5.3,""12"",""6.75"",""0"","".383"","".439"","".492"",50,18.8,37.5,""78.5839775"",""94.720325"",8.7,25.6,27.3,54.4,79,2,14.7,43,50,25,18.8,6.3"
"Rolison, Ryan,669020,2026,""46.0"",182,25.3,11,""138"",""2.35"",""0"","".234"","".288"","".305"",33.6,6.9,42.1,""79.415920175"",""93.928097456"",12,25.7,46.8,52,717,26,22.4,44.2,44.8,29.3,20.7,5.2"
"Waldrep, Hurston,694462,2026,""10.2"",56,16.1,17.9,""32"",""8.44"",""2"","".231"","".419"","".359"",20,8.6,34.3,""78.786981667"",""94.318526571"",10,21.1,53.8,57.2,215,6,23.3,40,71.4,14.3,5.7,8.6"
"Rodriguez, Bradgley,699134,2026,""53.0"",216,25,7.4,""159"",""2.21"",""0"","".188"","".253"","".233"",25.3,2.7,30.1,""76.747623056"",""92.697250839"",23.1,33.2,40.4,50.3,845,67,28.8,51,50.7,24.7,16.4,8.2"
"Fedde, Erick,607200,2026,""106.2"",463,16.4,8.2,""320"",""4.30"",""3"","".259"","".341"","".331"",34.6,7.9,39.8,""77.323819302"",""93.972172711"",12.6,24,30.8,53.4,1823,68,18.1,42.4,39.2,29.1,23.5,8.1"
"Severino, Luis,622663,2026,""62.2"",271,24,11.4,""188"",""4.16"",""2"","".231"","".345"","".318"",34.1,8.7,38.7,""78.384796047"",""93.696996959"",16.5,31.3,35.6,52,1086,56,23,47.6,45.1,26.6,23.7,4.6"
"Castellano, Eiberson,682769,2026,""3.0"",12,16.7,0,""9"",""0.00"",""1"","".354"","".388"","".376"",44.4,0,44.4,""83.911392"",""95.702996667"",18.2,34.8,50,65.7,35,2,31.6,54.3,55.6,0,44.4,0"
"Nance, Tommy,667297,2026,""43.1"",183,24,9.8,""130"",""3.32"",""0"","".252"","".290"","".314"",30.6,5.8,34.7,""76.6684955"",""93.577569412"",13.2,35.5,41.5,52.7,694,27,24.2,48.3,48.8,22.3,24.8,4.1"
"Slaten, Justin,686580,2026,""30.1"",133,28.6,5.3,""91"",""4.75"",""0"","".222"","".327"","".263"",36.4,4.5,37.5,""78.079336047"",""94.079891882"",15.2,32.3,47.3,47,487,26,24.9,50.3,43.2,26.1,27.3,3.4"
"Bowden, Ben,641386,2026,""1.0"",8,0,25,""3"",""36.00"",""1"","".387"","".534"","".538"",40,20,40,""78.30372"",""94.419728"",18.2,12.5,0,60,40,2,14.3,35,20,40,20,20"
"Kikuchi, Yusei,579328,2026,""31.0"",142,23.2,9.9,""93"",""5.81"",""1"","".258"","".346"","".340"",35.1,8.5,42.6,""78.667213404"",""95.256198936"",18.9,27.4,43.6,50.3,567,37,25.9,48.3,39.4,24.5,25.5,10.6"
"McCambley, Zach,685112,2026,""7.2"",39,17.9,15.4,""23"",""4.70"",""1"","".302"","".341"","".385"",36,8,44,""80.153766154"",""94.153768"",17,29.1,48,54.4,158,8,27.8,45.6,44,28,28,0"
"Kirby, George,669923,2026,""132.0"",543,20.6,5.2,""396"",""3.68"",""3"","".255"","".324"","".304"",32,7.5,41.5,""79.240937437"",""94.21135005"",13.4,34.5,40.1,50.2,2007,94,22.2,52.3,45.5,26,21.3,7.2"
"Finnegan, Kyle,640448,2026,""48.0"",206,18,13.1,""144"",""3.38"",""1"","".252"","".367"","".346"",28.4,9.2,43.3,""78.441503"",""94.813007122"",14,28.1,48.7,53.5,780,34,25.3,46.2,48.9,24.8,19.9,6.4"
"Juenger, Hayden,696522,2026,""11.1"",56,8.9,8.9,""34"",""7.15"",""1"","".308"","".378"","".370"",44.4,8.9,37.8,""77.147974783"",""93.900359333"",9.2,28.9,27.3,54,211,6,15.3,46.4,22.2,24.4,37.8,15.6"
"Barnes, Charlie,656212,2026,""13.0"",63,9.5,11.1,""39"",""6.92"",""1"","".321"","".402"","".404"",36.7,8.2,46.9,""82.8940512"",""96.113630816"",5.4,26.5,33.3,56.2,201,3,15.1,42.8,46.9,16.3,30.6,6.1"
"Feltner, Ryan,663372,2026,""82.0"",358,16.5,9.2,""246"",""5.71"",""1"","".262"","".364"","".355"",31.7,11.3,40,""75.67024771"",""93.842750267"",14.1,26.3,49.7,50.5,1335,66,23.9,48.2,43.8,29.1,20,7.2"
"Paez, Jedixson,699151,2026,""3.0"",16,0,18.8,""9"",""18.00"",""0"","".352"","".498"","".492"",23.1,23.1,46.2,""89.427752857"",""96.316317692"",5,24.4,40,63.1,65,1,16.7,46.2,30.8,53.8,7.7,7.7"
"Rodríguez, Elmer,695684,2026,""17.0"",83,12,13.3,""51"",""4.76"",""3"","".272"","".349"","".366"",31,5.2,34.5,""75.299671034"",""93.496114912"",16.1,22.2,51.3,55.3,318,14,27,39.6,50,20.7,25.9,5.2"
"Thielbar, Caleb,573204,2026,""35.2"",153,28.8,7.8,""107"",""5.30"",""0"","".246"","".344"","".335"",34,12.5,40.2,""77.455368125"",""94.788437684"",17.9,38,44.5,53.2,633,36,28.3,52,28.9,37.1,21.6,12.4"
"Alvarado, José,621237,2026,""43.2"",203,27.6,9.4,""131"",""5.77"",""8"","".221"","".346"","".298"",36.7,5,27.5,""77.46717069"",""92.945057739"",20.6,33.5,41.9,58.4,853,48,29.5,46.9,36.7,25.8,26.7,10.8"
"Ashcraft, Braxton,677952,2026,""132.1"",546,26.6,5.9,""397"",""4.08"",""7"","".229"","".305"","".288"",32.6,6.7,40.9,""79.278654134"",""94.417488492"",14.5,37.3,47.8,49.2,2019,100,26.2,52.4,45.3,26,21.3,7.5"
"Myers, Tobias,668964,2026,""46.0"",198,16.7,6.6,""138"",""6.26"",""0"","".277"","".359"","".332"",32.2,6,46.1,""82.412568649"",""94.924947297"",14.2,28.5,27.8,47.9,710,39,17.8,52.3,32.9,28.3,26.3,12.5"
"Uberstine, Tyler,700413,2026,""2.2"",11,18.2,9.1,""8"",""3.38"",""0"","".274"","".445"","".378"",50,12.5,37.5,""76.1356025"",""93.30845125"",30,35.3,33.3,37.8,45,6,30.8,57.8,12.5,50,37.5,0"
"Hart, Kyle,606996,2026,""47.1"",191,22,7.3,""142"",""4.18"",""3"","".205"","".278"","".273"",31.8,6.1,27.3,""76.163355238"",""92.90002064"",12,28.6,40.4,50.8,750,27,21.3,44.5,51.5,22.7,19.7,6.1"
"Allard, Kolby,663465,2026,""8.2"",45,20,6.7,""26"",""10.38"",""1"","".317"","".466"","".385"",50,15.6,43.8,""77.955251875"",""95.313818438"",11.1,34.5,31,47.5,177,7,17.4,52,40.6,21.9,31.3,6.3"
"Brown, Hunter,686613,2026,""58.2"",246,25.6,13,""176"",""3.53"",""4"","".197"","".293"","".293"",26.5,6.8,37.4,""73.988886712"",""93.441215753"",18.5,26.7,44.4,56.2,1019,49,28,41,55.1,21.8,17.7,5.4"
"Manoah, Alek,666201,2026,""7.1"",39,12.8,20.5,""22"",""9.82"",""0"","".228"","".402"","".379"",34.6,11.5,34.6,""74.836750769"",""93.874489231"",18.6,20,22.2,55.9,161,8,19.7,37.9,34.6,30.8,23.1,11.5"
"Hanifee, Brenan,669724,2026,""21.1"",93,10.8,7.5,""64"",""5.06"",""1"","".301"","".368"","".370"",28,8.1,45.3,""80.043368056"",""94.960762222"",7.1,22.5,38.2,47,321,8,14.4,45.5,61.3,21.3,14.7,2.7"
"Murphy, Luke,684665,2026,""3.1"",13,30.8,30.8,""10"",""0.00"",""0"","".095"","".215"","".278"",40,0,20,""78.72513"",""90.111786"",21.4,16.7,50,60,60,3,30,33.3,20,60,20,0"
"France, J.P.,641585,2026,""6.2"",31,12.9,16.1,""20"",""8.10"",""1"","".293"","".357"","".420"",23.8,14.3,42.9,""78.453961818"",""95.002808571"",14.6,21.1,16.7,48.7,117,6,15.1,45.3,47.6,33.3,14.3,4.8"
"Murphy, Chris,669684,2026,""30.0"",132,22,11.4,""90"",""4.20"",""4"","".211"","".316"","".294"",25,7.1,34.5,""76.12871439"",""93.078934634"",24.9,29.6,45.5,49.3,527,48,30.7,51.2,28.6,38.1,22.6,10.7"
"Heuer, Codi,676051,2026,""9.2"",46,13,10.9,""29"",""4.66"",""1"","".269"","".355"","".335"",20.6,2.9,52.9,""84.653851765"",""95.215088824"",14.5,26.9,46.4,55,189,8,25.3,43.9,41.2,32.4,23.5,2.9"
"De Los Santos, Enyel,660853,2026,""55.1"",224,23.7,5.4,""166"",""4.07"",""0"","".230"","".289"","".277"",34,5,36.5,""77.190260759"",""93.412144904"",23,33.5,42.7,49.7,859,76,28.9,55.2,38.4,28.9,23.3,9.4"
"Orze, Eric,679358,2026,""41.1"",189,19,11.1,""124"",""5.66"",""2"","".252"","".318"","".312"",36.2,7,29.2,""74.549417813"",""93.146678976"",14.8,28.2,35.7,51.4,677,29,21.8,43.4,43.8,19.2,27.7,9.2"
"Muñoz, Andrés,662253,2026,""42.2"",179,37.4,9.5,""128"",""3.80"",""1"","".207"","".280"","".279"",31.9,8.5,42.6,""75.836685106"",""94.406087634"",19.8,37.8,63.9,58.5,715,36,40.3,47.6,46.8,20.2,24.5,8.5"
"Yates, Kirby,489446,2026,""31.1"",133,28.6,9.8,""94"",""3.73"",""4"","".196"","".285"","".280"",35.9,7.7,47.4,""81.311087179"",""95.26440974"",24.9,36.2,40,54.2,535,44,30.5,52.7,33.3,28.2,29.5,9"
"Spence, Mitch,687765,2026,""9.1"",56,10.7,16.1,""28"",""21.21"",""0"","".279"","".508"","".361"",26.8,2.4,41.5,""82.727817143"",""94.568340732"",11.9,27.7,35.5,56,200,7,20,45,46.3,17.1,26.8,9.8"
"Senzatela, Antonio,622608,2026,""54.2"",229,21,7.9,""164"",""3.79"",""1"","".251"","".305"","".296"",34.6,6.2,40.7,""76.701992"",""94.09823025"",17.6,30.8,38.9,50.4,845,51,24.3,49.7,46.3,26.5,22.2,4.9"
"Burgos, Raymond,670103,2026,""6.0"",20,20,0,""18"",""3.00"",""0"","".215"","".205"","".308"",31.3,12.5,37.5,""85.59110125"",""94.33507625"",8.8,38.5,50,38.8,67,3,18.2,65.7,50,37.5,12.5,0"
"Ragans, Cole,666142,2026,""35.1"",151,29.8,15.2,""106"",""4.84"",""0"","".218"","".354"","".344"",32.5,15.7,39.8,""79.173246585"",""94.156201829"",23,27.9,48.5,55.6,639,44,31.7,45.4,34.9,37.3,19.3,8.4"
"Santillan, Tony,663574,2026,""31.0"",134,20.9,10.4,""93"",""5.23"",""0"","".253"","".354"","".348"",37,11.1,46.7,""83.025180682"",""94.867618977"",15,28.5,37.3,52.8,498,23,22.4,45.8,37,37,22.8,3.3"
"Soriano, José,667755,2026,""127.2"",531,24.5,11.3,""383"",""3.24"",""4"","".243"","".289"","".322"",31.5,7.8,38.3,""77.919274217"",""94.122598193"",17.9,32.4,52.8,56.3,2136,108,31.6,46.5,52.5,21.7,22,3.9"
"Montero, Keider,672456,2026,""122.1"",492,17.5,5.7,""367"",""3.38"",""5"","".230"","".270"","".291"",29.8,7.5,38.1,""78.574170761"",""93.751523052"",14,27.4,33.8,46.6,1763,88,19.2,48.5,41.6,25.2,19.8,13.4"
"Gamboa, Alec,687941,2026,""13.0"",52,23.1,9.6,""39"",""2.08"",""0"","".177"","".282"","".261"",34.3,5.9,31.4,""76.287702353"",""93.426978824"",14.8,34.5,36.7,45.8,190,12,20.7,58.4,51.4,20,20,8.6"
"Samaniego, Tyler,701719,2026,""20.1"",90,18.9,8.9,""61"",""2.66"",""2"","".268"","".324"","".331"",28.6,3.2,36.5,""79.516716552"",""94.453521034"",13.3,25.6,41.5,51,314,13,21.6,44.3,49.2,20.6,23.8,6.3"
"Cavalli, Cade,676917,2026,""128.2"",552,25.5,7.1,""386"",""3.57"",""12"","".248"","".317"","".313"",34.2,7.5,40.6,""78.197107697"",""94.354881944"",14.6,31.5,46.5,50.9,2155,100,25.3,47.8,50.8,23.6,22.2,3.3"
"Perkins, Jack,678022,2026,""76.2"",349,26.4,8.9,""230"",""7.04"",""8"","".232"","".350"","".315"",35.8,9.7,38.4,""78.664602752"",""93.832608433"",15.9,33.3,49.3,52.2,1352,64,27.9,47.7,34.4,35.3,24.3,6"
"Topa, Justin,623437,2026,""19.0"",92,13,12,""57"",""8.05"",""1"","".291"","".415"","".376"",25,9.1,45.6,""80.287501515"",""95.567519848"",10.6,23,23.3,52.1,359,12,14.1,43.5,57.4,23.5,17.6,1.5"
"Chivilli, Angel,683409,2026,""16.2"",73,21.9,9.6,""50"",""3.78"",""1"","".220"","".321"","".309"",32.7,6.3,38.8,""75.91804375"",""94.493778298"",21.5,31.3,52.9,57.2,285,20,32.6,50.5,38.8,38.8,18.4,4.1"
"Webb, Jacob,657097,2026,""51.2"",214,27.1,7.9,""155"",""2.44"",""0"","".239"","".276"","".298"",39.6,6.6,43.9,""78.032645147"",""94.469973015"",27.7,33.6,43,50.7,873,82,32.8,51,41.7,26.6,25.9,5.8"
"Varland, Louis,686973,2026,""60.2"",237,31.6,7.2,""182"",""1.34"",""0"","".197"","".231"","".232"",24.8,4.1,36.6,""76.604276528"",""93.260169583"",16,37.2,50,53.8,971,50,29,52.2,53.8,20,21.4,4.8"
"Antone, Tejay,622088,2026,""37.0"",157,22.3,7,""111"",""2.92"",""3"","".211"","".272"","".277"",28,6.9,33.6,""76.497121837"",""93.194977143"",15.7,36.2,45.5,50.5,612,29,26.9,48.5,46.7,27.1,16.8,9.3"
"Nunez, Anthony,689296,2026,""45.0"",196,23.5,11.2,""135"",""4.60"",""2"","".233"","".309"","".317"",38.1,7.1,39.7,""76.963655902"",""93.918689918"",13.3,34.4,57.8,58.4,767,28,32.1,47.5,42.9,24.6,23.8,8.7"
"Richards, Trevor,670950,2026,""52.2"",217,23,8.3,""158"",""3.42"",""0"","".224"","".283"","".295"",34.2,7.4,39.6,""81.021168243"",""94.101900541"",14.2,29.3,43,52.8,827,38,23.5,47.8,31.5,35.6,20.8,12.1"
"Nelson, Ryne,669194,2026,""83.1"",355,17.5,6.2,""250"",""4.97"",""5"","".261"","".336"","".349"",34.7,10.2,43.4,""80.202420909"",""94.686418561"",14.7,34.1,34.9,49.5,1292,71,21,54.2,32.5,37.4,22.3,7.9"
"Ekness, Josh,694795,2026,""9.0"",38,15.8,18.4,""27"",""2.00"",""0"","".283"","".283"","".381"",44,12,40,""74.347573333"",""93.27642125"",11.6,24.1,42.1,52,152,5,21,40.8,36,36,28,0"
"Sousa, Bennett,656986,2026,""10.2"",46,21.7,15.2,""32"",""3.38"",""0"","".199"","".294"","".300"",37.9,10.3,27.6,""76.764197333"",""91.650175172"",13.6,31,70.4,48.6,179,8,31.4,48,24.1,51.7,20.7,3.4"
"Vodnik, Victor,680767,2026,""40.0"",182,16.5,11.5,""120"",""5.40"",""2"","".253"","".352"","".323"",28.7,6.3,41.1,""81.602558906"",""94.482382205"",15.9,27.7,42.3,54,696,36,24.2,47.4,55,15.5,25.6,3.9"
"Waguespack, Jacob,621097,2026,""21.2"",84,17.9,9.5,""65"",""1.66"",""1"","".189"","".228"","".251"",25,3.3,28.3,""73.917652069"",""93.05800569"",25.3,32.3,33.3,52.3,302,25,28,49.7,51.7,25,16.7,6.7"
"Abreu, Bryan,650556,2026,""42.0"",182,30.2,16.5,""126"",""4.29"",""3"","".200"","".329"","".316"",35.1,6.5,43.6,""82.798312222"",""94.636925"",20.3,26.3,53.9,57.1,765,40,32.7,40.8,43.6,28.7,24.5,3.2"
"Mederos, Victor,682989,2026,""17.1"",72,22.2,8.3,""52"",""3.63"",""1"","".209"","".284"","".270"",34.7,6.1,40.8,""79.1518475"",""93.563647083"",21.2,32.1,52.9,57.4,277,18,33.1,49.1,36.7,26.5,16.3,20.4"
"Beeks, Jalen,656222,2026,""26.0"",113,18.6,7.1,""78"",""3.81"",""0"","".282"","".351"","".363"",35.7,10.7,42.9,""79.2264155"",""95.425185375"",13.1,28.4,49.1,47.7,407,18,23.4,47.2,44,27.4,22.6,6"
"Corniell, Jose,692030,2026,""4.1"",28,14.3,14.3,""13"",""20.77"",""0"","".273"","".644"","".365"",35,10,45,""82.908282"",""94.826591579"",19.5,20.8,54.5,51,104,8,26.9,50,20,40,30,10"
"Herrin, Tim,682120,2026,""39.1"",171,19.3,13.5,""118"",""3.66"",""5"","".213"","".331"","".318"",30,8.2,37.3,""76.678779818"",""93.815798991"",21.3,28.7,47.7,55,678,43,30.4,45.6,45.5,24.5,20,10"
"Madden, Ty,680744,2026,""32.0"",129,26.4,9.3,""96"",""2.25"",""1"","".203"","".232"","".267"",25.6,4.9,30.5,""75.437180488"",""92.999199024"",15.8,32.6,40.8,60,527,24,25.9,48.4,40.2,24.4,23.2,12.2"
"Davila, Nick,689546,2026,""23.2"",97,9.3,11.3,""71"",""3.42"",""3"","".264"","".272"","".334"",23,4.1,25.7,""78.829527297"",""92.487707568"",7.7,30.3,32.1,48.5,361,9,15.3,47.1,54.1,21.6,17.6,6.8"
"Civale, Aaron,650644,2026,""84.0"",381,17.6,6.6,""252"",""5.14"",""2"","".271"","".381"","".340"",38.8,9.8,45.1,""79.847889859"",""94.557037817"",13.1,31.1,36.2,50.5,1458,59,20.9,46.6,28.3,32.9,29,9.8"
"Castro, Kervin,665645,2026,""6.1"",23,34.8,8.7,""19"",""1.42"",""0"","".195"","".193"","".235"",46.2,0,30.8,""85.029327143"",""95.867182308"",22.6,33.3,29.4,54.3,94,7,25,51.1,61.5,15.4,15.4,7.7"
"Burns, Chase,695505,2026,""124.0"",502,28.5,9.2,""372"",""2.61"",""1"","".207"","".278"","".278"",34.7,7.9,37,""79.256443533"",""93.6201165"",19.6,34.4,50.6,56.1,2041,120,31.7,49.2,37,28.9,24.4,9.6"
"Dodd, Dylan,689266,2026,""36.1"",138,28.3,8.7,""109"",""1.98"",""1"","".188"","".219"","".252"",38.4,5.8,38.4,""79.85960814"",""93.272128588"",22.1,32.9,39.8,54.7,572,43,28.2,52.1,31.4,26.7,25.6,16.3"
"Santos, Winston,692437,2026,""2.0"",9,11.1,11.1,""6"",""9.00"",""0"","".285"","".404"","".387"",57.1,14.3,14.3,""77.2217375"",""89.982282857"",9.1,13.3,50,45.5,33,1,15.4,39.4,14.3,28.6,42.9,14.3"
"Anderson, Jack,681252,2026,""12.1"",48,25,6.3,""37"",""2.19"",""0"","".230"","".268"","".301"",36.4,9.1,36.4,""75.53509625"",""93.241524688"",23,35.8,44.1,52.8,180,14,30.5,52.8,36.4,33.3,24.2,6.1"
"Harvey, Hunter,640451,2026,""4.0"",18,22.2,5.6,""12"",""6.75"",""0"","".216"","".414"","".344"",38.5,23.1,38.5,""86.411897143"",""95.309802308"",15.4,26.5,33.3,44.7,76,4,20,46.1,46.2,46.2,7.7,0"
"Glasnow, Tyler,607192,2026,""39.2"",148,33.1,8.8,""119"",""2.72"",""0"","".180"","".235"","".252"",30.2,8.1,38.4,""81.822428372"",""93.85257907"",13.3,29.4,59.1,52.8,599,22,29.8,43.1,45.3,25.6,22.1,7"
"Mize, Casey,663554,2026,""90.0"",363,23.7,6.1,""270"",""3.40"",""1"","".231"","".277"","".284"",34.6,7.1,37.8,""78.748227857"",""93.82786251"",18.8,29.4,43.8,50.8,1395,88,26.5,48.5,33.5,30.7,25.6,10.2"
"Skubal, Tarik,669373,2026,""102.2"",398,30.7,4,""308"",""2.81"",""4"","".226"","".261"","".269"",32.8,7.4,34.8,""75.43447568"",""93.251734096"",22.6,36.1,51.4,50.8,1516,119,32.5,53.1,45.3,25.8,22.3,6.6"
"Schreiber, John,670167,2026,""42.2"",179,18.4,11.2,""128"",""3.59"",""1"","".265"","".331"","".338"",39.2,7.3,43.2,""78.968582131"",""94.647327521"",15.1,25.3,38.5,52.6,721,32,22.4,42.7,44,24,26.4,5.6"
"Pérez, Martín,527048,2026,""100.1"",407,19.2,9.8,""301"",""3.14"",""2"","".252"","".286"","".320"",33.8,5.9,36.9,""76.334009362"",""93.941667473"",14.4,26.3,38,53.9,1557,63,22.3,42.4,48.4,21.3,25.4,4.9"
"Cuas, Jose,621016,2026,""8.0"",36,27.8,5.6,""24"",""2.25"",""0"","".312"","".316"","".327"",45.8,4.2,41.7,""75.5152775"",""93.651034167"",21.6,31.6,26.7,56.5,168,11,23.5,48.2,25,25,41.7,8.3"
"Cruz, Fernando,518585,2026,""50.0"",213,29.1,14.1,""150"",""2.88"",""2"","".182"","".294"","".278"",28.6,8.4,24.4,""75.537125254"",""92.38109812"",23.6,29.4,64.4,57.4,864,55,39.3,43.9,33.6,35.3,17.6,13.4"
"Walker, Josh,677020,2026,""12.2"",53,18.9,5.7,""38"",""3.55"",""0"","".241"","".322"","".277"",32.5,5,37.5,""80.202525"",""93.01150025"",10.7,34.7,32.4,48.5,202,8,17.4,54,40,37.5,15,7.5"
"Ramírez, Yohan,670990,2026,""64.1"",278,26.6,13.3,""193"",""2.80"",""10"","".213"","".290"","".290"",32.5,5.1,30.6,""72.413129359"",""92.692393032"",15.6,30.2,49.4,53.9,1057,47,27.9,44.7,49,20.4,23.6,7"
"Lawrence, Justin,664875,2026,""34.1"",177,24.3,15.8,""103"",""7.34"",""6"","".267"","".413"","".380"",40,10,43,""79.0759212"",""94.919665152"",15.1,24,48.9,56,684,28,26.3,40.6,43,25,26,6"
"Herget, Kevin,643361,2026,""1.0"",3,0,0,""3"",""0.00"",""0"","".125"","".000"","".128"",33.3,0,33.3,""90.65818"",""93.652416667"",0,0,,36.4,11,0,0,45.5,33.3,33.3,33.3,0"
"Kittredge, Andrew,552640,2026,""34.1"",154,18.8,7.1,""103"",""3.67"",""0"","".261"","".313"","".306"",33.3,6.1,40.4,""77.62132"",""94.207579818"",10.8,40.4,43.7,50.1,509,18,23.3,53,48.2,24.6,23.7,3.5"
"Cantillo, Joey,676282,2026,""119.2"",522,25.3,10.7,""359"",""3.91"",""2"","".233"","".339"","".309"",31.9,8.5,39.5,""77.131487669"",""93.949139508"",20.9,29,49.1,52.8,2089,129,30.5,44.9,45.2,28,20.5,6.3"
"Flaherty, Jack,656427,2026,""86.1"",389,26.2,10.8,""259"",""4.59"",""7"","".236"","".329"","".323"",39.9,8.4,46.2,""80.250628803"",""94.848968541"",18.9,27.6,43,55.5,1639,92,27.1,45.1,31.5,31.5,26.5,10.5"
"Núñez, Dedniel,673380,2026,""2.0"",13,15.4,0,""6"",""9.00"",""0"","".383"","".467"","".421"",36.4,9.1,54.5,""86.106955"",""96.29032"",16.7,28.6,50,41.2,34,3,22.7,64.7,36.4,18.2,45.5,0"
"Pallante, Andre,669467,2026,""124.0"",517,17.4,7.2,""372"",""3.63"",""6"","".243"","".295"","".299"",29.9,5.5,34.1,""76.282763211"",""93.572492797"",12.1,26.7,43.7,51.4,2018,76,21.7,44.9,56,17.7,21.4,4.9"
"Imanaga, Shota,684007,2026,""132.2"",533,23.5,5.4,""398"",""3.60"",""3"","".236"","".304"","".299"",33,9.3,35.4,""77.423293262"",""93.67894933"",18.9,36.1,45.1,53.1,2074,128,28.6,51.7,37.8,31.1,21,10.1"
"Trevino, Jose,624431,2026,""5.0"",29,3.4,3.4,""15"",""14.40"",""1"","".396"","".504"","".436"",42.3,11.5,53.8,""84.540898462"",""95.996636923"",0,30.4,7.1,63.9,72,0,2.8,50,38.5,19.2,42.3,0"
"Shuster, Jared,694363,2026,""9.0"",44,9.1,13.6,""27"",""9.00"",""0"","".239"","".361"","".311"",17.6,2.9,50,""80.926432941"",""95.220734412"",9.3,25,21.7,55.4,166,4,13.6,39.8,50,29.4,14.7,5.9"
"Raya, Marco,694397,2026,""6.0"",25,16,12,""18"",""3.00"",""0"","".274"","".308"","".341"",38.9,5.6,27.8,""76.521663333"",""92.746235"",12.5,30.5,44.4,59,100,3,26.2,42,44.4,33.3,22.2,0"
"Woods Richardson, Simeon,680573,2026,""57.2"",265,11.7,12.1,""173"",""6.40"",""2"","".279"","".387"","".368"",32,8.5,43,""79.303226837"",""94.730960918"",12.7,21.7,34.5,51.6,1007,40,18.4,42.6,40,28.5,22,9.5"
"Johnson, Ryan,696270,2026,""50.2"",231,16.5,10.8,""152"",""7.11"",""3"","".269"","".375"","".362"",33.9,10.9,36.4,""75.408625122"",""93.85991561"",16.2,28.5,41.2,52.1,918,47,24.2,46.4,35.2,33.9,23.6,7.3"
"Jameson, Drey,686753,2026,""17.1"",76,17.1,11.8,""52"",""4.67"",""1"","".250"","".319"","".322"",37.7,5.7,28.3,""76.240045556"",""92.424869623"",19.3,29.4,50,51.1,266,16,29.3,46.2,37.7,24.5,34,3.8"
"Dreyer, Jack,676263,2026,""47.0"",184,29.3,7.1,""141"",""2.87"",""1"","".221"","".259"","".281"",25,7,39.7,""77.257239821"",""94.523149464"",15.6,32.4,53.3,50.9,739,37,28.4,48.6,49.1,24.1,18.1,8.6"
"Sandlin, David,689818,2026,""24.2"",106,22.6,11.3,""74"",""6.93"",""1"","".230"","".346"","".317"",40.6,10.1,30.4,""75.845682"",""92.73295"",17.5,28.8,32.8,54.3,409,21,22.8,45,43.5,24.6,29,2.9"
"McFarlane, Alex,686934,2026,""1.0"",4,0,0,""3"",""0.00"",""0"","".446"","".222"","".521"",25,25,50,""89.472875"",""94.9063925"",33.3,37.5,0,66.7,12,1,16.7,50,50,25,25,0"
"Duarte, Daniel,650960,2026,""15.1"",57,22.8,7,""46"",""1.17"",""1"","".219"","".213"","".266"",30.8,5.1,20.5,""62.271487368"",""91.686945526"",17.5,39.8,31.9,50.4,234,14,22.8,54.3,46.2,15.4,28.2,10.3"
"Ginkel, Kevin,656464,2026,""50.0"",202,23.3,7.4,""150"",""3.60"",""0"","".235"","".289"","".304"",32.1,9.3,41.4,""79.80614"",""94.251699853"",15.7,35.6,50,56,782,37,29.3,50.1,40.7,27.9,24.3,7.1"
"Miles, Spencer,693686,2026,""75.0"",304,23.7,6.6,""225"",""3.24"",""0"","".235"","".264"","".272"",28.3,3.8,34,""74.747086"",""92.963310952"",12.2,28.5,35.2,47.2,1179,50,18.6,48.3,52.4,19.3,22.6,5.7"
"Ferguson, Caleb,657571,2026,""27.2"",119,21,9.2,""83"",""3.58"",""0"","".237"","".318"","".283"",34.1,3.7,34.1,""74.955409512"",""93.348005679"",13.8,30,32.8,49,455,20,19.8,46.6,51.2,19.5,23.2,6.1"
"Blach, Ty,621389,2026,""3.0"",9,22.2,0,""9"",""0.00"",""0"","".292"","".099"","".269"",28.6,0,57.1,""89.8917925"",""94.37129"",10,33.3,75,40,30,1,28.6,46.7,71.4,0,28.6,0"
"Schuemann, Max,680474,2026,""1.0"",5,0,20,""3"",""0.00"",""0"","".387"","".317"","".430"",50,0,0,""82.20646"",""90.865765"",0,25,0,85.7,14,0,0,35.7,25,50,25,0"
"Wiemer, Joey,686894,2026,""2.0"",16,0,12.5,""6"",""22.50"",""1"","".423"","".617"","".473"",53.8,7.7,30.8,""84.169162857"",""93.095152308"",0,19.4,0,72.1,45,0,0,40,15.4,46.2,30.8,7.7"
"Gordon, Colton,676467,2026,""9.1"",50,22,6,""28"",""11.57"",""1"","".327"","".588"","".410"",40,11.4,48.6,""76.891449412"",""94.67184"",6.5,32.5,35.1,56.4,202,4,17.2,49,37.1,28.6,31.4,2.9"
"Ober, Bailey,641927,2026,""93.0"",389,16.2,6.2,""279"",""4.45"",""2"","".251"","".315"","".323"",30.1,9.7,33.1,""77.20024443"",""93.616102828"",14.5,29.2,31.9,50.1,1436,71,19.8,48.6,35.5,29.8,20.7,14"
"Bivens, Spencer,702352,2026,""2.0"",10,30,10,""6"",""0.00"",""0"","".204"","".337"","".250"",16.7,0,33.3,""86.93542"",""93.849775"",14.3,38.1,25,46.7,45,2,18.2,48.9,50,33.3,16.7,0"
"Leiter, Jack,683004,2026,""80.0"",355,23.4,9.9,""240"",""5.29"",""4"","".257"","".340"","".336"",37.8,10.3,39.9,""76.339515"",""94.090686983"",15.8,30.4,44.8,52,1397,71,25.4,47.9,37.3,31.3,24.5,6.9"
"Doval, Camilo,666808,2026,""43.2"",193,22.8,10.4,""131"",""4.33"",""2"","".213"","".316"","".288"",23.6,7.1,48.8,""81.356871774"",""94.983845484"",14.7,28.7,50.4,54.2,740,34,26.5,46.9,55.9,21.3,16.5,6.3"
"Snelling, Robby,702281,2026,""5.0"",22,9.1,18.2,""15"",""5.40"",""0"","".261"","".398"","".371"",37.5,6.3,43.8,""75.735108571"",""95.067349286"",14.3,31.1,57.1,52.3,86,4,28.6,48.8,50,12.5,31.3,6.3"
"Brebbia, John,605154,2026,""4.1"",21,9.5,0,""13"",""10.38"",""0"","".317"","".424"","".414"",47.4,10.5,42.1,""79.314039"",""94.409518421"",16.7,29.7,18.2,39.4,94,7,17,56.4,31.6,52.6,15.8,0"
"Rodríguez, Yariel,684320,2026,""9.1"",45,13.3,15.6,""28"",""7.71"",""1"","".295"","".422"","".402"",38.7,12.9,32.3,""75.308805"",""93.89532871"",8.3,22.4,31.8,57,172,4,15.7,40.7,38.7,22.6,29,9.7"
"Eovaldi, Nathan,543135,2026,""132.2"",555,24.7,5.8,""398"",""4.21"",""7"","".250"","".322"","".316"",30.2,8.7,41.5,""77.256841852"",""94.425005305"",19.3,36.6,49.7,52.5,2007,128,30.5,52.2,49.2,24.9,20.6,5.3"
"Sanmartin, Reiver,665665,2026,""5.1"",28,17.9,7.1,""16"",""11.81"",""0"","".323"","".570"","".413"",38.1,23.8,52.4,""77.715215455"",""95.257769524"",6.7,26.5,38.5,50.5,97,2,16.3,44.3,52.4,19,28.6,0"
"Mears, Nick,683232,2026,""19.1"",83,18.1,13.3,""58"",""5.12"",""0"","".298"","".344"","".382"",38.6,12.5,50.9,""78.578893571"",""95.619898929"",6.5,29.2,38.6,57.2,341,6,18.7,44,47.4,24.6,22.8,5.3"
"Fulton, Dax,690978,2026,""14.0"",57,21.1,17.5,""42"",""4.50"",""0"","".211"","".294"","".301"",22.9,5.7,31.4,""75.972634444"",""93.092380286"",20.3,28.5,39.5,63.2,239,12,28.4,42.7,62.9,8.6,20,8.6"
"Hill, Tim,657612,2026,""43.2"",181,11,5.5,""131"",""4.53"",""5"","".262"","".323"","".328"",25.3,7.5,43.8,""77.696678028"",""95.019487676"",10.8,28.3,19.5,45,605,25,13,50.9,66.4,15.8,14.4,3.4"
"Ahlstrom, Robby,695239,2026,""24.2"",102,20.6,7.8,""74"",""4.01"",""1"","".235"","".280"","".283"",29.6,2.8,29.6,""73.465390571"",""91.921482714"",19.4,26.6,47.3,50.7,408,28,27.1,48.8,40.8,29.6,22.5,7"
"Imai, Tatsuya,837227,2026,""61.2"",274,28.1,14.6,""185"",""5.55"",""4"","".222"","".323"","".335"",37.9,11.1,45.1,""79.535263421"",""94.565548742"",18.2,27.1,59.1,56.5,1185,61,32.6,43.5,43.8,27.5,22.9,5.9"
"Wheeler, Zack,554430,2026,""110.1"",431,30.6,6.5,""331"",""2.69"",""2"","".204"","".267"","".257"",33.5,6,34.9,""74.745553507"",""93.371151903"",19.4,36.8,47.2,58.2,1762,99,31.2,50.4,44.6,24.9,21.2,9.3"
"Foley, Jason,671345,2026,""7.0"",29,17.2,6.9,""21"",""3.86"",""0"","".235"","".309"","".296"",36.4,9.1,31.8,""72.161835455"",""93.389647727"",8.3,21.8,41.7,50.5,109,3,16.7,44,50,22.7,27.3,0"
"Webb, Logan,657277,2026,""133.0"",538,19.1,5.9,""399"",""3.59"",""6"","".251"","".273"","".299"",30.6,5.3,38.4,""76.406423469"",""93.83278824"",13.1,33.2,33.2,53.5,1985,78,20.5,47.8,52.5,19.2,23.5,4.8"
"Abel, Mick,690953,2026,""20.1"",93,24.7,10.8,""61"",""3.98"",""3"","".273"","".329"","".349"",42.1,5.3,40.4,""75.9787175"",""94.005191091"",19.3,33.1,48.3,49,357,23,28.8,49.6,40.4,24.6,28.1,7"
"Boyd, Matthew,571510,2026,""79.2"",329,20.1,7,""239"",""3.50"",""5"","".265"","".306"","".332"",33.6,9.4,37.9,""75.890937586"",""94.131722543"",15.1,33.5,37.2,52,1234,60,22.8,49.7,41.7,23.8,25.5,8.9"
"Zerpa, Angel,672582,2026,""12.2"",55,14.5,10.9,""38"",""6.39"",""0"","".328"","".404"","".405"",24.4,7.3,51.2,""80.149912"",""97.04415225"",15.9,20.8,23.8,46.8,216,11,17.8,41.7,61,14.6,19.5,4.9"
"Zuber, Tyler,676604,2026,""21.1"",92,28.3,4.3,""64"",""3.80"",""2"","".231"","".335"","".279"",28.3,3.3,46.7,""82.967267"",""94.5211275"",14.3,33.7,43.9,47.2,358,17,23.9,49.2,46.7,33.3,20,0"
"Knack, Landon,689017,2026,""5.0"",24,16.7,8.3,""15"",""9.00"",""1"","".255"","".519"","".425"",52.9,23.5,58.8,""88.178746667"",""95.142912941"",18.8,27.9,25,47.8,90,6,20.5,48.9,35.3,41.2,23.5,0"
"Matz, Steven,571927,2026,""61.2"",261,18,7.7,""185"",""5.55"",""2"","".276"","".327"","".349"",42.7,12,35.9,""76.519799271"",""93.967450471"",15.8,27.5,35.5,49.5,1036,55,21.5,47.2,38,27.6,27.6,6.8"
"Gage, Matt,657424,2026,""27.1"",126,17.5,13.5,""82"",""5.60"",""1"","".257"","".376"","".352"",33.7,10.5,31.4,""75.21335907"",""93.123724353"",8.7,34.1,43.8,62.4,526,12,24.4,47.5,41.9,27.9,25.6,4.7"
"Williams, Trevor,592866,2026,""8.1"",33,33.3,6.1,""25"",""0.00"",""1"","".187"","".237"","".224"",21.1,0,26.3,""80.196986"",""92.635643158"",15.6,40.2,34.3,58,150,7,23.8,53.3,57.9,15.8,15.8,10.5"
"Zeferjahn, Ryan,666171,2026,""54.1"",234,33.8,13.2,""163"",""3.64"",""9"","".158"","".280"","".263"",27.2,6.2,35.1,""78.96057193"",""93.226445221"",22.7,24.9,56.1,56.1,1006,60,34.4,40.2,42.1,25.4,19.3,13.2"
"Pérez, Cionel,672335,2026,""41.2"",181,22.7,8.8,""125"",""4.97"",""0"","".265"","".331"","".346"",26.6,13,50,""80.468019836"",""96.087990082"",13.3,30,47.3,53.1,702,28,25.2,45.9,56.5,20.2,18.5,4.8"
"Romero, JoJo,668941,2026,""43.0"",186,23.1,8.6,""129"",""3.35"",""4"","".262"","".313"","".337"",36.6,8.2,43.1,""80.185425167"",""95.695288667"",11.2,27.9,44,54.2,721,20,23.6,39.9,48.8,22,25.2,4.1"
"Okert, Steven,595345,2026,""57.1"",222,26.6,5.4,""172"",""2.20"",""4"","".201"","".251"","".264"",31.3,4.8,33.3,""77.199354507"",""93.153118803"",24.3,28.3,45.5,47.7,895,79,30,49.8,27.9,35.4,19.7,17"
"Lovelady, Richard,663992,2026,""30.1"",146,18.5,14.4,""91"",""3.86"",""3"","".282"","".371"","".361"",35.8,6.5,32.6,""75.340152444"",""93.549859444"",13.3,29.1,41.5,52.3,539,21,22.9,44.5,45.3,22.1,27.4,5.3"
"Zuñiga, Guillo,670871,2026,""1.0"",4,25,25,""3"",""0.00"",""0"","".019"","".174"","".187"",0,0,0,""38.30151"",""88"",0,46.2,33.3,72.2,18,0,25,44.4,0,50,0,50"
"Griffin, Foster,656492,2026,""133.1"",545,22.4,5.9,""400"",""3.31"",""8"","".250"","".301"","".312"",35.8,9.2,37.6,""75.735082063"",""94.112584589"",16.2,32.8,39.1,52.1,2142,110,24.3,48.7,45.4,25.8,22.7,6"
"Jones, Jared,683003,2026,""59.0"",249,26.1,7.6,""177"",""5.03"",""2"","".220"","".315"","".295"",33.1,8,39.3,""79.035465185"",""94.244905093"",19.5,29.4,53.8,51.2,963,62,30.2,48.1,38.7,26.4,24.5,10.4"
"Teng, Kai-Wei,678906,2026,""68.1"",301,22.3,10,""205"",""4.35"",""11"","".245"","".335"","".334"",36.8,7.8,39.4,""79.736310521"",""94.263118021"",14.9,27.9,46.2,52.2,1162,51,25.2,44.1,39.9,23.8,28,8.3"
"Devenski, Chris,606965,2026,""2.1"",12,25,0,""7"",""7.71"",""0"","".272"","".467"","".296"",44.4,22.2,55.6,""86.852416"",""96.900553333"",9.1,40,37.5,51.3,39,1,21.1,48.7,44.4,11.1,33.3,11.1"
"Suarez, Robert,663158,2026,""32.0"",121,21.5,5,""96"",""0.56"",""0"","".252"","".203"","".282"",33,3.4,33,""72.212930465"",""92.778147093"",14.8,38.8,37.6,55.8,466,22,24,53.6,47.7,23.9,20.5,8"
"Kremer, Dean,665152,2026,""41.0"",172,23.3,7.6,""123"",""5.93"",""0"","".249"","".364"","".328"",38.7,7.6,34.5,""76.237270508"",""93.359780684"",18.8,29.8,40.5,54.5,685,40,26.2,47.3,36.1,37.8,22.7,3.4"
"VanWey, Logan,701121,2026,""6.0"",22,22.7,0,""18"",""1.50"",""0"","".237"","".212"","".239"",29.4,5.9,41.2,""75.69560625"",""95.6359875"",25.8,27.3,22.2,41.3,80,8,25,50,41.2,29.4,23.5,5.9"
"Go, Woo-Suk,808970,2026,""4.0"",22,22.7,9.1,""12"",""9.00"",""0"","".280"","".543"","".386"",26.7,20,53.3,""86.34186125"",""96.822247333"",19.4,20.5,50,45.3,86,7,25,51.2,46.7,26.7,26.7,0"
"Martin, Davis,663436,2026,""123.0"",519,20.8,7.3,""369"",""4.17"",""7"","".272"","".319"","".331"",35.8,6.6,44.2,""79.110914382"",""94.839371039"",13.8,32.4,41.8,52.5,2000,86,23.9,48.8,42.6,21.6,29.5,6.3"
"Peoples, Ben,687239,2026,""12.1"",49,12.2,6.1,""37"",""2.19"",""1"","".231"","".310"","".303"",33.3,7.7,28.2,""72.114769"",""92.064199231"",21.9,36.4,28.2,54,198,14,24.3,52,43.6,28.2,23.1,5.1"
"Petty, Chase,695534,2026,""31.2"",139,10.8,6.5,""95"",""4.83"",""3"","".278"","".328"","".361"",35.7,9.1,37.5,""77.668980909"",""93.925085545"",17.4,27.9,24.6,51.8,477,28,19.6,48.2,38.4,30.4,25,6.3"
"Dotel, Wilber,696062,2026,""26.2"",116,25,9.5,""80"",""5.06"",""0"","".246"","".305"","".305"",30.3,3.9,48.7,""81.770502973"",""94.841642162"",17.8,28.4,41.5,50.6,453,27,24.9,47.9,46.1,28.9,21.1,3.9"
"Brazobán, Huascar,623211,2026,""56.2"",220,23.6,10.9,""170"",""2.54"",""1"","".197"","".242"","".261"",24.5,2.8,25.9,""72.395319571"",""92.204429286"",17.1,32.3,43.5,51.9,876,49,26,49.5,51.7,23.8,16.1,8.4"
"Curry, Xzavion,675540,2026,""16.0"",67,14.9,10.4,""48"",""2.81"",""0"","".203"","".310"","".277"",24,6,34,""79.124776"",""93.1313072"",13,24.8,37.5,53.5,241,10,20.2,45.2,28,36,18,18"
"McClanahan, Shane,663556,2026,""99.0"",409,22.2,8.6,""297"",""3.09"",""4"","".239"","".269"","".313"",32.4,8.6,40.3,""78.137796493"",""94.357515655"",17,31.7,46.8,51.3,1547,85,27,48.5,47.5,27.3,21.2,4"
"Vásquez, Randy,681190,2026,""106.0"",451,14.6,6.9,""318"",""4.16"",""4"","".293"","".342"","".369"",37.4,10.9,44.9,""82.02883046"",""94.943543678"",12.5,27.6,37.1,48.7,1726,78,19.1,49.7,38.6,29.4,26,6"
"Megill, Trevor,656730,2026,""45.1"",177,29.9,6.2,""136"",""2.58"",""1"","".202"","".202"","".253"",28.6,5.4,42.9,""81.895700185"",""94.428193981"",17.6,36.3,58,50,656,39,31.7,52,37.5,30.4,23.2,8.9"
"Mathews, Quinn,687273,2026,""5.0"",24,12.5,12.5,""15"",""3.60"",""0"","".248"","".325"","".294"",33.3,0,22.2,""76.196293333"",""92.572323529"",24.3,21.7,30,47.4,97,9,25.5,48.5,38.9,33.3,16.7,11.1"
"Fernández, Julian,642759,2026,""4.0"",18,16.7,11.1,""12"",""2.25"",""0"","".204"","".290"","".301"",23.1,7.7,53.8,""81.960183333"",""95.275535"",15,22,55.6,57.7,71,3,27.6,40.8,30.8,61.5,0,7.7"
"Smith, Cade,671922,2026,""53.1"",219,33.8,8.2,""160"",""2.36"",""1"","".206"","".263"","".279"",35.7,9.5,44.4,""82.085245873"",""94.940229206"",24.4,31.6,53.6,52.3,926,72,34.8,49,39.7,31,21.4,7.9"
"Little, Luke,681432,2026,""1.0"",5,20,0,""3"",""9.00"",""0"","".338"","".587"","".527"",25,25,50,""72.514845"",""97.79185"",25,28.6,50,36.8,19,2,30,52.6,75,25,0,0"
"Young, Danny,664849,2026,""11.1"",58,20.7,19,""34"",""6.35"",""3"","".250"","".426"","".398"",31.3,15.6,59.4,""88.632943333"",""96.933449667"",11.1,19.4,46.2,57.5,233,6,22.5,34.3,46.9,28.1,21.9,3.1"
"Krook, Matt,640454,2026,""8.1"",46,19.6,21.7,""25"",""10.80"",""2"","".293"","".423"","".417"",44,4,36,""75.624163077"",""93.9042468"",11.4,27.5,46.7,60.9,179,5,25.7,41.3,48,12,32,8"
"Bidois, Brandan,684049,2026,""15.2"",80,25,15,""47"",""6.32"",""1"","".253"","".407"","".363"",38.3,17,46.8,""80.742756957"",""94.93941413"",27.6,33.9,54.1,55.4,325,27,37.7,48.9,25.5,44.7,21.3,8.5"
"Minter, A.J.,621345,2026,""27.0"",109,20.2,2.8,""81"",""2.33"",""1"","".234"","".302"","".290"",27.7,10.8,32.5,""77.3283275"",""92.846028375"",11.4,31.7,47,53.2,391,16,22.8,52.7,42.2,33.7,14.5,9.6"
"Kent, Zak,687849,2026,""14.1"",69,15.9,10.1,""43"",""6.28"",""0"","".261"","".401"","".351"",35.3,11.8,45.1,""80.038822308"",""94.493904118"",7.2,32.6,45.7,54.2,260,6,20.9,49.6,39.2,35.3,21.6,3.9"
"Barlow, Scott,605130,2026,""33.1"",153,19,13.1,""100"",""6.48"",""7"","".236"","".341"","".358"",30.9,9.3,36.1,""77.463891633"",""93.335849794"",15.9,31.5,54.5,60.1,581,22,33.1,42.7,37.1,35.1,20.6,7.2"
"Erceg, Lucas,668674,2026,""43.0"",201,15.4,12.4,""129"",""6.07"",""6"","".261"","".385"","".335"",32.4,5,38.1,""73.776929855"",""93.990480365"",14.5,28.6,34.1,54.8,803,37,21,47.4,50.4,15.8,25.2,8.6"
"Mikolas, Miles,571945,2026,""113.0"",487,11.5,4.7,""339"",""5.89"",""1"","".290"","".366"","".355"",34.2,9.2,43.5,""78.841099204"",""95.034033192"",10.6,28.6,24.4,48,1788,66,14.5,48.7,45.7,26,22.6,5.7"
"Higgins, P.J.,664731,2026,""1.0"",3,33.3,0,""3"",""0.00"",""0"","".030"","".000"","".034"",0,0,0,""76.57081"",""88"",33.3,40,50,50,10,1,40,50,0,50,0,50"
"Festa, Matt,670036,2026,""48.1"",216,24.1,6.9,""145"",""4.28"",""5"","".244"","".340"","".313"",40.3,8.3,40.3,""76.000571667"",""93.82793958"",17.3,29.5,48.8,51.1,803,44,27.5,46.7,36.1,23.6,27.8,12.5"
"Hiraldo, Yaramil,682274,2026,""6.0"",31,32.3,19.4,""18"",""7.50"",""1"","".165"","".417"","".317"",35.7,14.3,35.7,""80.59725"",""92.800853571"",35.9,30.3,50,53.7,123,14,40.7,48,7.1,57.1,21.4,14.3"
"Brogdon, Connor,641401,2026,""15.1"",67,20.9,4.5,""46"",""5.28"",""0"","".258"","".335"","".345"",34,14,44,""82.188572083"",""95.183045532"",21.1,27.9,39,55.1,267,19,26.7,49.1,40,36,16,8"
"De los Santos, Yerry,660787,2026,""9.0"",39,17.9,10.3,""27"",""1.00"",""0"","".254"","".291"","".305"",25,0,42.9,""85.588433571"",""95.429848889"",6.5,15.6,50,41,156,4,12.5,46.2,57.1,17.9,17.9,7.1"
"Cabrera, Edward,665795,2026,""72.1"",309,21,9.4,""217"",""5.10"",""1"","".263"","".340"","".338"",35.2,11.8,42.7,""81.039332762"",""95.186352153"",13.2,32.6,47.3,57.1,1203,47,26.4,48.1,44.1,23.5,26.8,5.6"
"Mahle, Tyler,641816,2026,""100.2"",427,23,9.1,""302"",""4.83"",""2"","".241"","".330"","".309"",33.3,7,36.8,""80.326922411"",""93.988677411"",14.9,27.9,36.8,53.7,1670,74,22.2,44.8,43.1,28.1,21.9,6.9"
"Cabrera, Jose,703615,2026,""17.2"",81,14.8,8.6,""53"",""5.60"",""2"","".268"","".354"","".353"",23.3,6.7,35,""76.079408519"",""94.27247963"",9.8,27.8,40.5,54.1,279,8,20.2,44.4,45,25,21.7,8.3"
"Gray, Sonny,543243,2026,""119.2"",484,21.9,6.6,""359"",""2.78"",""4"","".249"","".297"","".298"",34.2,6.5,38,""79.004389524"",""93.862628839"",9.3,33.3,46.8,53.2,1738,48,23.2,47.5,48.2,22.5,25.4,3.8"
"Rajcic, Max,691008,2026,""9.0"",39,20.5,15.4,""27"",""5.00"",""0"","".168"","".311"","".281"",24,8,36,""76.259393077"",""93.1207624"",14.6,21.3,47.4,54.6,163,7,23.9,41.1,36,32,16,16"
"Sandlin, Nick,680704,2026,""8.2"",40,15,12.5,""26"",""11.42"",""3"","".238"","".418"","".377"",30.8,7.7,38.5,""75.572523846"",""93.321805769"",27.3,19.1,41.2,56.7,157,12,31.1,38.9,42.3,38.5,15.4,3.8"
"Burgos, Juan,686228,2026,""2.2"",12,0,0,""8"",""3.38"",""1"","".149"","".342"","".208"",9.1,0,18.2,""71.192722"",""91.159746"",6.7,36.8,28.6,50,38,1,13.6,57.9,54.5,9.1,9.1,27.3"
"Helsley, Ryan,664854,2026,""15.1"",68,30.9,13.2,""46"",""4.11"",""0"","".185"","".319"","".265"",15.8,5.3,47.4,""79.373765789"",""94.720571622"",27.8,29.8,55.6,55.3,273,22,37.9,45.4,60.5,26.3,10.5,2.6"
"Phillips, Evan,623465,2026,""10.2"",44,25,4.5,""32"",""4.22"",""0"","".226"","".339"","".319"",29,16.1,35.5,""84.61189625"",""94.193997419"",15.7,27.7,47.8,49.4,168,8,25.7,44,25.8,51.6,9.7,12.9"
"May, Dustin,669160,2026,""115.0"",482,23,7.9,""345"",""4.30"",""8"","".248"","".304"","".311"",35.8,6.8,45.7,""79.496130126"",""94.702833333"",12.7,29.8,43.2,50.8,1848,74,22.6,46.6,42.3,23.8,26.5,7.4"
"Irvin, Jake,663623,2026,""62.0"",268,23.1,9.7,""186"",""5.37"",""6"","".250"","".320"","".353"",36.2,13.2,43.7,""77.275687791"",""94.728127791"",16.3,24.6,47.4,49.4,1093,61,24.4,46.5,37.9,32.8,22.4,6.9"
"Misiorowski, Jacob,694819,2026,""133.0"",503,40.6,6,""399"",""1.76"",""9"","".163"","".209"","".216"",33.5,3.5,34.2,""75.884820078"",""92.912321529"",27.6,35.7,60,48,1985,190,38.3,51.8,46.2,24.6,20.8,8.5"
"Baz, Shane,669358,2026,""136.1"",579,20.7,7.9,""409"",""3.76"",""3"","".254"","".313"","".314"",36.1,6.6,42.2,""80.332085517"",""94.555827389"",11.9,30.2,45.2,49.9,2207,89,22.1,48.9,39.8,25.9,28.5,5.9"
"Rogers, Tyler,643511,2026,""53.0"",220,12.3,8.6,""159"",""1.70"",""0"","".230"","".240"","".258"",23.3,1.2,26.2,""72.895798333"",""92.342593952"",8.6,26.8,28.4,43.4,756,25,13.2,50.3,64,14,16.3,5.8"
"Gallen, Zac,668678,2026,""98.0"",440,13.9,7,""294"",""6.34"",""4"","".312"","".372"","".383"",34.3,11,44.7,""80.244577427"",""95.102276637"",9.6,31.2,35.1,55.3,1644,45,19,46,45.1,27,24.1,3.8"
"Klassen, George,691946,2026,""8.2"",52,17.3,26.9,""26"",""7.27"",""0"","".273"","".420"","".411"",41.4,13.8,31,""73.858975"",""93.834191852"",21.4,19.8,61.5,57.5,228,15,32.3,42.1,55.2,24.1,17.2,3.4"
"Gordon, Tanner,685299,2026,""67.1"",297,19.5,4.4,""202"",""5.88"",""2"","".265"","".389"","".336"",35.3,11.2,44.2,""82.189044587"",""94.783725092"",18.1,29.6,35.5,45.4,1048,73,22.6,51.9,34.8,34.4,25,5.8"
"Weisenburger, Jack,674073,2026,""2.0"",7,28.6,0,""6"",""0.00"",""0"","".193"","".127"","".215"",60,0,40,""89.541336667"",""95.13868"",0,36.8,42.9,65.5,29,0,18.8,55.2,40,20,40,0"
"Soriano, George,666277,2026,""51.2"",218,23.4,9.6,""155"",""3.66"",""2"","".227"","".299"","".316"",27.8,9.7,42,""80.370303239"",""94.669669718"",15.2,33.4,55.6,54.1,854,39,30.2,48.5,41.7,26.4,21.5,10.4"
"Senga, Kodai,673540,2026,""46.2"",217,25.3,15.2,""140"",""8.29"",""2"","".238"","".386"","".346"",42.5,12.6,40.2,""80.24248746"",""94.3792916"",16.3,26.6,54.7,55.5,867,43,28.8,45.2,29.9,33.9,29.9,6.3"
"Yamamoto, Yoshinobu,808967,2026,""139.1"",533,23.8,6,""418"",""2.65"",""4"","".223"","".244"","".276"",30.8,6.5,34.9,""75.974809617"",""93.653424082"",16.4,32.7,43.9,51.3,2063,110,25.8,49.2,46.8,24.6,22.4,6.2"
"King, John,667463,2026,""47.0"",180,18.3,7.2,""141"",""3.06"",""4"","".221"","".257"","".301"",33.8,8.5,37.7,""79.308174308"",""93.660194729"",12.5,34.1,37,53.6,651,24,21.9,47.8,46.2,26.9,21.5,5.4"
"Estes, Joey,683155,2026,""4.1"",18,22.2,5.6,""13"",""8.31"",""0"","".237"","".430"","".263"",46.2,7.7,30.8,""86.68129"",""92.895396923"",23.1,32.4,54.5,47.9,71,6,32.4,52.1,15.4,46.2,38.5,0"
"Mejia, Juan,675848,2026,""51.0"",229,21.4,12.2,""153"",""5.29"",""2"","".256"","".324"","".324"",34.7,3.4,37.3,""77.888905616"",""94.204010205"",17,32,40.6,55,936,48,25.7,47.8,44,26,24.7,5.3"
"Crochet, Garrett,676979,2026,""30.0"",138,26.8,8,""90"",""6.30"",""4"","".262"","".358"","".344"",41.9,10.7,45.3,""78.163401905"",""94.816238434"",13,30.1,45.9,54.4,518,22,24,49,37.2,24.4,36,2.3"
"Hartlieb, Geoff,664129,2026,""13.1"",64,9.4,14.1,""40"",""6.08"",""0"","".254"","".392"","".327"",32.7,8.2,40.8,""81.3927448"",""93.883853061"",16.9,26.5,41.9,53.9,217,12,24.5,47,34.7,34.7,26.5,4.1"
"Winn, Cole,668390,2026,""40.1"",180,22.2,7.8,""121"",""6.02"",""1"","".275"","".350"","".344"",35.2,7.3,45.6,""76.723981613"",""94.831903333"",18.8,35.9,45.2,52.4,658,43,28,53.6,36,31.2,28,4.8"
"Hudson, Bryan,663542,2026,""49.2"",209,22.5,8.1,""149"",""2.72"",""4"","".228"","".287"","".278"",30.7,3.6,35.7,""77.9991575"",""93.218206741"",20.1,23.7,37.6,44.3,809,59,24.1,46.7,44.3,27.1,22.9,5.7"
"Arrighetti, Spencer,681293,2026,""88.0"",386,22.5,13,""264"",""4.60"",""14"","".238"","".321"","".345"",38.7,7.7,30.6,""76.972483103"",""92.872766422"",15.3,26.1,44.9,55.1,1504,64,25.4,42.1,36.6,28.9,26.4,8.1"
"Brito, Jhony,666745,2026,""5.1"",20,20,5,""16"",""3.38"",""0"","".206"","".289"","".256"",20,6.7,33.3,""78.43264375"",""92.349014"",17.2,42.5,47.1,51.3,78,5,28.3,59,26.7,53.3,13.3,6.7"
"Castillo, Luis,622491,2026,""103.2"",461,19.7,7.2,""311"",""5.30"",""5"","".269"","".344"","".337"",34.7,9.7,41.4,""80.004029387"",""94.389814325"",17.1,32.4,38.8,50.3,1838,115,23.8,52.8,37.8,27.8,26.9,7.6"
"Collyer, Gavin,686560,2026,""23.0"",105,21,18.1,""69"",""5.09"",""6"","".192"","".316"","".318"",34.5,3.4,29.3,""75.467354828"",""92.971069483"",15.9,22.1,50.9,53.8,446,18,27.1,37.2,36.2,24.1,22.4,17.2"
"Gibson, Trey,694346,2026,""33.0"",161,18.6,15.5,""99"",""7.36"",""1"","".291"","".385"","".391"",32.4,9.6,47.6,""80.213684808"",""95.65797875"",11.8,27.7,41.5,54.8,619,19,22.7,41.2,51.4,20,25.7,2.9"
"Garcia, Brandyn,805299,2026,""33.0"",124,29,5.6,""99"",""2.18"",""3"","".178"","".217"","".225"",19.2,3.8,33.3,""78.597332632"",""93.899741333"",15.1,29,50,45.4,441,22,25,46.3,61.5,15.4,15.4,7.7"
"Canning, Griffin,656288,2026,""69.0"",306,22.5,10.5,""207"",""6.65"",""3"","".250"","".364"","".334"",33.3,10,47.3,""79.7014498"",""94.9948654"",12.9,26.3,49.7,55.2,1220,48,24.8,44.9,46.8,25.9,20.9,6.5"
"Lord, Brad,695418,2026,""61.2"",262,21.4,8,""185"",""3.79"",""6"","".246"","".285"","".316"",26.4,6.3,41,""75.279225172"",""94.344851149"",15.1,31.7,33.7,47.9,1091,58,20.7,50.4,56.7,19.7,18.5,5.1"
"Santa, Alimber,695001,2026,""15.1"",59,15.3,10.2,""46"",""1.17"",""0"","".207"","".217"","".267"",29.5,2.3,34.1,""70.190901364"",""92.745687955"",11.5,24.2,36.7,52.1,238,9,18.5,45.4,52.3,27.3,18.2,2.3"
"Thornton, Zac,804267,2026,""39.1"",153,17.6,7.8,""118"",""2.52"",""1"","".268"","".268"","".330"",37.2,8.8,39.8,""78.944535357"",""94.208755766"",10.3,30,40,50.7,559,20,19.4,49.9,40.7,29.2,24.8,5.3"
"Williamson, Brandon,682227,2026,""28.0"",128,14.8,15.6,""84"",""6.11"",""3"","".276"","".360"","".389"",34.9,10.5,41.9,""76.389119535"",""94.091964302"",20.1,24.6,32.9,55,518,31,24.1,43.2,33.7,32.6,23.3,10.5"
"Jansen, Kenley,445276,2026,""30.2"",128,28.9,14.1,""92"",""3.82"",""0"","".190"","".278"","".281"",37,6.8,32.9,""75.92268"",""93.270700141"",21.7,30,42.7,53.3,512,36,28.6,48.4,21.9,37,24.7,16.4"
"Seelinger, Matt,676910,2026,""2.0"",15,13.3,26.7,""6"",""31.50"",""0"","".226"","".634"","".409"",33.3,22.2,44.4,""83.32846"",""94.224476667"",15.4,35.5,45.5,59.6,52,2,29.2,46.2,33.3,44.4,22.2,0"
"Lee, Dylan,669276,2026,""53.1"",198,33.3,6.1,""160"",""2.03"",""0"","".181"","".205"","".236"",33.3,5.8,30,""76.077040169"",""92.770057094"",25.1,35.5,62.3,50.2,818,72,37.6,52.9,35.8,31.7,23.3,9.2"
"Gonzales, Marco,594835,2026,""6.0"",28,10.7,14.3,""18"",""1.50"",""0"","".213"","".336"","".274"",33.3,4.8,23.8,""75.943058"",""91.638775"",18.8,31.1,15.8,52.1,117,6,17.6,43.6,33.3,28.6,28.6,9.5"
"Cruz, Steven,674444,2026,""43.0"",178,27.5,9.6,""129"",""4.19"",""1"","".226"","".325"","".303"",33.3,11.7,35.1,""78.851047778"",""94.274010278"",20.6,28.5,57,47.6,685,55,30,52.6,45,26.1,19.8,9"
"Meyer, Max,676974,2026,""111.0"",462,26.2,8.9,""333"",""2.68"",""7"","".227"","".281"","".304"",32.1,8.6,42,""79.25628469"",""94.442517612"",13.9,31.6,55,52.7,1789,75,28.6,46.7,43.3,26.6,21.8,8.2"
"King, Bryan,687911,2026,""49.1"",216,18.5,7.9,""148"",""3.83"",""5"","".252"","".329"","".313"",35.1,5.9,37,""75.702875658"",""93.439550132"",12.3,30.5,30.6,49.8,815,35,17.9,50.1,46.1,18.2,27.9,7.8"
"Aleman, Franco,680916,2026,""16.1"",71,29.6,8.5,""49"",""3.31"",""2"","".179"","".323"","".255"",33.3,4.8,40.5,""78.577771429"",""94.021698571"",15.4,25.2,51.4,51.6,285,14,25.8,44.9,31,31,21.4,16.7"
"Bachar, Lake,669199,2026,""62.2"",257,26.1,8.6,""188"",""3.73"",""4"","".205"","".282"","".288"",30.7,9.2,36.8,""79.096545802"",""93.982755714"",23.2,29.2,46.1,54.9,1031,72,31.1,46.2,38.7,33.7,18.4,9.2"
"Murphy, Owen,702566,2026,""6.2"",29,20.7,6.9,""20"",""4.05"",""1"","".280"","".310"","".353"",40,10,55,""86.567701"",""96.3345935"",13.7,38,26.3,43.1,116,7,17.1,60.3,20,25,45,10"
"Alcantara, Sandy,645261,2026,""163.2"",674,19,6.2,""491"",""3.52"",""7"","".248"","".294"","".296"",31.8,5.7,36,""77.558206311"",""93.630889261"",15.6,31.6,36.6,48.9,2467,138,22,51.2,44.1,23.9,23.3,8.7"
"Patrick, Chad,694477,2026,""86.2"",353,22.1,9.1,""260"",""3.32"",""2"","".242"","".292"","".307"",35.3,6.2,36.9,""77.795312906"",""93.84677735"",20.3,31.8,38.5,52.3,1390,93,26.4,49.6,38.2,29,22.4,10.4"
"Bello, Brayan,678394,2026,""83.2"",366,17.5,7.4,""251"",""4.84"",""3"","".291"","".334"","".350"",33.5,8.5,40.8,""78.175941642"",""94.899726119"",17.2,32.6,40.5,52.7,1352,75,25.3,49.3,52.9,21.7,23.2,2.2"
"Martin, Riley,702303,2026,""8.1"",32,31.3,9.4,""25"",""2.16"",""0"","".169"","".248"","".250"",26.3,5.3,42.1,""81.158255556"",""94.396053889"",14,20.5,55.6,37.3,118,7,20.3,50,36.8,31.6,15.8,15.8"
"Natera Jr., Samy,696519,2026,""25.0"",97,39.2,10.3,""75"",""2.16"",""1"","".141"","".221"","".219"",25,6.3,29.2,""77.114780417"",""92.731371042"",31.5,27.3,49.2,50,432,46,36.6,47.5,22.9,41.7,22.9,12.5"
"Holmes, Grant,656550,2026,""114.0"",487,19.3,9.9,""342"",""3.47"",""3"","".253"","".317"","".334"",33.9,9.1,42.1,""81.421841893"",""94.572730356"",13.8,31.2,51.8,53.3,1812,80,26.8,48.6,42.4,27.2,24.6,5.8"
"Funderburk, Kody,681892,2026,""37.0"",155,20,13.5,""111"",""2.92"",""2"","".220"","".255"","".301"",24.8,5.9,26.7,""71.884416596"",""92.479734149"",16.4,25,32.9,54.2,605,29,21.6,42.8,61.4,17.8,14.9,5.9"
"Walker, Taijuan,592836,2026,""22.2"",115,14.8,9.6,""68"",""9.13"",""1"","".312"","".454"","".411"",37.2,12.9,36,""76.121606047"",""93.579713529"",10.7,26.4,30,53.5,424,14,16.8,45,39.5,33.7,22.1,4.7"
"Horton, Cade,690990,2026,""7.1"",26,15.4,7.7,""22"",""2.45"",""0"","".249"","".235"","".283"",25,5.3,35,""72.833411"",""93.818584737"",16,36.7,33.3,53.3,92,4,23.3,46.7,55,15,30,0"
"Estrada, Lazaro,681751,2026,""12.0"",50,16,16,""36"",""4.50"",""0"","".211"","".274"","".311"",29.4,8.8,41.2,""79.14671125"",""94.049104375"",20,27.6,27.6,52.8,199,12,22.5,44.7,44.1,32.4,17.6,5.9"
"Schultz, Paxton,687606,2026,""32.1"",153,20.9,7.8,""97"",""6.40"",""1"","".276"","".372"","".342"",35.5,8.4,39.3,""82.112614528"",""94.211306095"",12.6,27.2,30.8,54.9,610,23,18.7,44.8,34.6,36.4,22.4,6.5"
"Springs, Jeffrey,605488,2026,""108.0"",479,18.4,9.2,""324"",""6.17"",""2"","".255"","".371"","".340"",36.2,9.4,35.7,""76.984855118"",""93.515318791"",16,30.2,37.6,54.1,1875,90,23.6,46.4,33,34.5,25.5,7"
"Harris, Hogan,663687,2026,""52.0"",239,29.3,14.2,""156"",""3.63"",""5"","".210"","".328"","".303"",36.2,6.2,33.1,""76.192665938"",""93.027588281"",22.7,22.4,41.2,50.4,1007,71,27.6,42.4,45.4,23.1,22.3,9.2"
"Fermin, José,820862,2026,""38.1"",166,27.1,11.4,""115"",""3.29"",""4"","".233"","".306"","".322"",29.6,9.2,43.9,""81.22903551"",""94.470113711"",20.2,32.5,52.9,53,690,44,31.8,48.8,48,20.4,26.5,5.1"
"Cameron, Noah,702070,2026,""123.2"",527,22,7.6,""371"",""4.37"",""3"","".257"","".311"","".323"",39.7,8.7,38.3,""78.233871111"",""94.210988273"",16.1,29.1,46,52.5,2046,107,25.7,47.7,39.7,25.3,28.8,6.3"
"Brieske, Beau,689225,2026,""9.1"",39,20.5,10.3,""28"",""6.75"",""0"","".241"","".366"","".330"",25.9,11.1,48.1,""77.643400714"",""94.462147407"",17.3,35.4,28.6,53,149,9,21.3,53.7,37,29.6,22.2,11.1"
"Lowder, Rhett,695076,2026,""89.0"",400,18.3,9.8,""267"",""5.26"",""4"","".267"","".336"","".351"",36.7,9.5,38.2,""80.515045588"",""94.41498386"",10.6,27.3,43.8,50.5,1509,50,20.8,44.9,43.5,28.3,22.6,5.7"
"Fisher, Braydon,680755,2026,""59.0"",242,23.1,13.2,""177"",""3.66"",""3"","".218"","".293"","".306"",28.5,10.6,37.1,""76.675917838"",""93.397105578"",19,29.9,39.7,55.1,948,50,26.7,44.2,46.4,26.5,19.9,7.3"
"Faucher, Calvin,676534,2026,""49.2"",221,25.3,14,""149"",""4.35"",""3"","".239"","".301"","".315"",32.8,5.3,40.5,""77.336550769"",""94.543227054"",15.8,27.7,45.3,55.4,893,38,26.5,42.3,53.4,18.3,26,2.3"
"Keller, Brian,662144,2026,""3.0"",11,27.3,0,""9"",""3.00"",""0"","".252"","".267"","".361"",62.5,25,37.5,""86.79278"",""95.79529125"",6.3,47.4,33.3,48.7,39,1,16,64.1,25,37.5,37.5,0"
"Phillips, Connor,683175,2026,""27.2"",133,21.1,21.1,""83"",""5.53"",""3"","".240"","".346"","".377"",37.8,9.5,40.5,""79.799812703"",""94.120155676"",14.6,21.1,57.1,54.8,546,23,26.8,40.3,25.7,37.8,27,9.5"
"Freeland, Kyle,607536,2026,""112.2"",509,18.9,5.1,""338"",""6.63"",""6"","".283"","".376"","".348"",34.6,10.8,42.5,""78.983635585"",""95.096595798"",11.5,34.1,45,50.6,1845,71,22.9,50.7,39.9,30.7,25.5,3.9"
"Ureña, Walbert,700712,2026,""101.2"",436,22.2,12.6,""305"",""2.83"",""8"","".202"","".283"","".286"",26.4,4.7,33.3,""75.16745365"",""93.405977729"",18.4,30.6,45,54.5,1742,91,28.2,45.1,54.3,22.1,19.2,4.3"
"Kriske, Brooks,621139,2026,""2.2"",10,20,0,""8"",""0.00"",""0"","".249"","".178"","".244"",25,12.5,37.5,""77.2713125"",""93.51235625"",10,36.4,37.5,57.9,38,1,22.2,47.4,25,0,25,50"
"Weiss, Ryan,680802,2026,""26.0"",131,22.9,15.3,""78"",""7.62"",""0"","".269"","".426"","".379"",39.5,11.1,49.4,""79.367410488"",""95.266850247"",12.6,28.9,43.5,55.5,530,19,23.7,44.5,33.3,27.2,30.9,8.6"
"Kerry, Brett,695049,2026,""13.2"",54,22.2,3.7,""41"",""3.95"",""0"","".231"","".269"","".270"",25,5,42.5,""76.830881"",""94.504978"",21.5,34.5,35,54.7,212,14,26.7,49.5,47.5,20,20,12.5"
"Milner, Hoby,571948,2026,""35.2"",149,12.1,6,""107"",""3.53"",""3"","".296"","".310"","".351"",37,5.9,37.8,""77.81207431"",""93.638742759"",11.8,28.7,28.7,49.1,568,21,17.1,45.4,43.7,23.5,26.9,5.9"
"Hernández, Jonathan,642546,2026,""22.1"",98,18.4,12.2,""67"",""6.45"",""0"","".258"","".325"","".331"",26.5,6,39.7,""77.489825294"",""93.37729194"",8.2,25.9,36.5,53,379,9,17.3,42.7,41.2,30.9,23.5,4.4"
"Pearson, Nate,663878,2026,""25.2"",106,18.9,13.2,""77"",""2.81"",""2"","".235"","".287"","".328"",35.7,7.2,35.7,""73.072888286"",""93.430697826"",12.9,29.4,37.7,55.2,426,16,21.8,45.3,42.9,27.1,24.3,5.7"
"Lodolo, Nick,666157,2026,""62.2"",279,17.9,9.7,""188"",""4.60"",""9"","".292"","".355"","".373"",35.8,8.1,38.3,""80.105191848"",""94.755211913"",13.1,29,36.9,53.4,1087,44,21,46.4,43,25.4,27.5,4.1"
"Halvorsen, Seth,678020,2026,""19.0"",96,17.7,15.6,""57"",""4.74"",""0"","".312"","".368"","".395"",40.6,6.3,39.1,""81.700379063"",""94.729395714"",15.1,26.9,41.1,55.5,375,18,23.4,46.7,40.6,18.8,34.4,6.3"
"Alvarez, Andrew,674841,2026,""69.1"",296,22,10.8,""208"",""3.76"",""3"","".258"","".309"","".321"",33.2,4.6,42.3,""78.449533093"",""94.883288247"",11.1,30.9,51.8,55.5,1163,36,26.6,45,51,16.8,27.6,4.6"
"Dollander, Chase,801403,2026,""44.0"",189,24.9,9.5,""132"",""3.89"",""3"","".217"","".320"","".307"",24,9.9,52.1,""79.78262"",""95.408276218"",21.3,27.6,44.2,50.7,743,54,28,48,49.6,24.8,17.4,8.3"
"Luzardo, Jesús,666200,2026,""143.2"",593,29.7,7.4,""431"",""3.32"",""9"","".206"","".283"","".263"",32.7,5.8,31,""76.257218258"",""92.885786826"",17,33.7,55.4,53.1,2329,113,31.8,46.4,51.9,20.9,22.3,4.9"
"Garcia, Rico,670329,2026,""49.2"",191,27.2,7.9,""149"",""2.90"",""1"","".210"","".252"","".277"",24.4,7.3,36.6,""74.454641803"",""93.37083541"",29.4,27.9,46,50.1,714,75,34.1,49.7,40.7,25.2,21.1,13"
"Early, Connelly,813349,2026,""91.2"",390,23.8,8.7,""275"",""3.44"",""9"","".234"","".319"","".320"",33.1,10.6,40.9,""80.91466121"",""94.508481903"",14.8,31.4,39.7,53.5,1528,68,23.7,46.9,44.1,30.3,19.7,5.9"
"Anderson, Shaun,641312,2026,""20.0"",93,18.3,10.8,""60"",""7.65"",""1"","".303"","".380"","".391"",33.8,9.2,38.5,""77.226670625"",""93.647248889"",18.9,28,42.3,53,351,20,26.6,45,46.2,21.5,24.6,7.7"
"Varland, Gus,681402,2026,""31.2"",151,19.9,9.9,""95"",""6.82"",""0"","".303"","".411"","".400"",46.2,16.2,50,""84.997393333"",""96.217845588"",11.6,32.7,42.4,49.7,565,22,21.6,49.9,28.3,32.1,30.2,9.4"
"Lopez, Jacob,682052,2026,""75.0"",345,20.3,12.5,""225"",""5.64"",""3"","".211"","".358"","".291"",31.9,4.8,31,""73.637383274"",""92.634357257"",17.8,26.1,37.6,52.6,1412,78,23.9,44.7,32.3,31.9,20.1,15.7"
"Poulin, PJ,676571,2026,""36.2"",153,16.3,13.7,""110"",""2.70"",""1"","".256"","".302"","".353"",29.2,9.6,44.3,""81.487914808"",""95.201824808"",13.1,23.7,25.3,52.6,635,23,16.9,40,47.2,28.3,17,7.5"
"Moll, Sam,594580,2026,""46.1"",208,23.1,12.5,""139"",""4.27"",""5"","".231"","".318"","".327"",28.9,6.9,32.8,""76.709805273"",""93.818288807"",16.2,26.1,38.6,55.8,872,39,23.9,42.2,57,18,19.5,6.3"
"Newcomb, Sean,656794,2026,""63.1"",260,23.1,8.8,""190"",""2.70"",""6"","".253"","".278"","".309"",35.7,5.8,36.3,""76.760613614"",""93.619748976"",18.6,27.3,39.4,48.5,996,58,24.8,44.6,48,18.1,27.5,6.4"
"Vest, Will,676684,2026,""26.2"",116,23.3,8.6,""80"",""6.08"",""2"","".244"","".326"","".307"",22.1,5.3,35.1,""78.824060526"",""93.968132"",21.2,33.5,37.9,53.7,484,31,27.5,48.1,62.3,19.5,16.9,1.3"
"Hurter, Brant,676428,2026,""25.1"",101,17.8,11.9,""76"",""2.84"",""1"","".235"","".250"","".304"",28.6,4.3,32.9,""76.424190294"",""93.370473134"",15.9,26.8,30.6,50.8,360,17,20.5,43.3,60,10,24.3,5.7"
"Henriquez, Edgardo,683618,2026,""46.2"",190,26.3,11.6,""140"",""3.09"",""5"","".182"","".260"","".260"",24.8,2.7,25.7,""69.826692182"",""91.940475321"",19.6,33.5,43.3,55.6,757,44,28.8,48.2,50.4,18.6,18.6,12.4"
"Sewald, Paul,623149,2026,""39.0"",163,27,5.5,""117"",""6.23"",""2"","".228"","".340"","".330"",42.6,15.7,42.6,""82.110859815"",""94.798385607"",21.4,32.5,43.9,47.7,633,49,28.1,51.7,18.5,45.4,21.3,14.8"
"Bednar, David,670280,2026,""51.2"",210,27.6,8.1,""155"",""2.61"",""2"","".207"","".246"","".256"",24.1,3.8,34.6,""74.525635303"",""93.028097786"",22.1,38.9,43.2,55.6,880,60,30.7,52.5,54.9,18.8,16.5,9.8"
"Foster, Cameron,671382,2026,""9.0"",49,18.4,16.3,""27"",""9.00"",""0"","".254"","".461"","".336"",28.1,6.5,28.1,""77.011053125"",""92.681593548"",20,26.5,46.2,51.9,189,12,27.9,45.5,50,6.3,21.9,21.9"
"Cortes, Carlos,666126,2026,""8.0"",41,2.4,12.2,""24"",""9.00"",""0"","".297"","".498"","".401"",45.7,12.1,37.1,""74.381631765"",""93.501569394"",5.4,25.9,4.8,60.9,133,2,5.2,43.6,34.3,40,22.9,2.9"
"Morgan, David,688158,2026,""22.0"",105,24.8,12.4,""66"",""4.50"",""3"","".217"","".371"","".284"",39.7,1.6,27,""74.03051"",""92.100033443"",19.5,36.3,51.9,53.3,398,24,32,50.3,58.7,14.3,22.2,4.8"
"Shook, TJ,669298,2026,""5.2"",27,22.2,3.7,""17"",""9.53"",""0"","".293"","".539"","".363"",45,10,50,""83.746942"",""95.7852475"",20,32.7,31.3,49,100,7,23.5,51,35,30,35,0"
"Hernández, Elieser,622694,2026,""6.0"",28,21.4,14.3,""18"",""1.50"",""0"","".184"","".318"","".247"",22.2,5.6,27.8,""76.435382222"",""91.943366111"",17.6,30,50,54.5,110,6,28.8,47.3,38.9,33.3,5.6,22.2"
"Thompson, Ryan,657044,2026,""40.2"",186,15.6,7,""122"",""4.43"",""3"","".275"","".345"","".311"",33.3,4.3,34,""77.181734783"",""93.778151957"",11.3,35.9,31.7,52.4,654,22,19.2,48.6,51.8,14.9,24.8,8.5"
"Sulser, Cole,642121,2026,""46.1"",197,24.4,7.1,""139"",""4.86"",""0"","".253"","".319"","".325"",37.8,11.9,39.3,""74.425593333"",""94.11528803"",16.8,35.9,41.9,57.5,776,40,26.9,51.3,40,31.1,20.7,8.1"
"Falter, Bailey,663559,2026,""9.2"",57,10.5,10.5,""29"",""13.97"",""0"","".355"","".549"","".415"",48.9,6.7,44.4,""80.644162273"",""95.578898182"",18,21.1,26.3,50,180,11,20,44.4,31.1,20,42.2,6.7"
"Kingham, Nolan,663884,2026,""1.0"",6,16.7,33.3,""3"",""9.00"",""0"","".152"","".381"","".333"",33.3,0,0,""79.57791"",""89.35786"",0,26.7,50,68.2,22,0,25,36.4,33.3,33.3,33.3,0"
"Smith, Shane,681343,2026,""8.1"",49,22.4,18.4,""25"",""10.80"",""1"","".246"","".423"","".332"",29.6,0,33.3,""66.787195714"",""93.180966296"",12.1,30.4,47.4,55.6,225,7,26,42.7,44.4,22.2,29.6,3.7"
"Karinchak, James,675916,2026,""9.2"",37,21.6,13.5,""29"",""1.86"",""0"","".158"","".232"","".268"",20.8,8.3,33.3,""78.546704167"",""93.09376625"",18.2,23,45,53.7,162,8,26.6,39.5,29.2,37.5,16.7,16.7"
"Espada, Jose,664744,2026,""1.0"",4,0,0,""3"",""0.00"",""0"","".364"","".445"","".340"",0,0,50,""87.53446"",""96.13881"",0,40,25,66.7,15,0,14.3,46.7,50,25,25,0"
"Leasure, Jordan,673929,2026,""18.2"",78,23.1,10.3,""56"",""6.27"",""0"","".269"","".336"","".406"",44.2,25,44.2,""83.107416154"",""95.789029615"",19,34.1,38.7,58.1,313,19,26.5,51.8,23.1,50,17.3,9.6"
"Mattson, Isaac,676755,2026,""34.2"",156,21.2,10.3,""104"",""4.93"",""1"","".292"","".344"","".376"",47.2,13.2,50,""82.565823462"",""95.395150291"",15.2,26.7,41.7,48.6,648,36,22.1,49.5,25.5,32.1,34,8.5"
"Woodruff, Brandon,605540,2026,""45.1"",174,27,5.7,""136"",""2.98"",""1"","".200"","".231"","".263"",29.3,7.8,34.5,""81.369078621"",""93.62893"",13.5,34.3,45.2,47.4,639,30,23.6,51,27.6,42.2,20.7,9.5"
"Corbin, Patrick,571578,2026,""80.0"",360,17.5,6.9,""240"",""5.51"",""6"","".289"","".364"","".356"",38.3,7.5,42.1,""76.479630152"",""94.269118447"",13.1,30.7,34.5,57.4,1412,55,21.1,47.3,39.5,24.1,29.7,6.8"
"Hancock, Emerson,676106,2026,""121.0"",490,22.7,6.1,""363"",""3.35"",""5"","".247"","".289"","".311"",31.1,8.5,41.9,""78.670041345"",""94.443822493"",17.7,27.9,38.7,48.9,1909,128,23.2,51.6,42.4,29.9,20.6,7"
"Márquez, Germán,608566,2026,""53.0"",236,15.7,10.2,""159"",""5.26"",""2"","".267"","".370"","".362"",33.5,9.8,43.9,""77.59810907"",""94.391576374"",11.4,26,38.8,50.8,918,36,19,47.5,38.7,33.5,20.2,7.5"
"Taylor, Grant,691799,2026,""59.1"",239,32.6,7.9,""178"",""2.28"",""1"","".185"","".247"","".244"",26.2,6.4,41.8,""80.626307286"",""94.33561554"",15.8,34.1,50.9,50.3,962,46,28.4,47.5,47.5,26.2,23.4,2.8"
"Murdock, Noah,668716,2026,""3.0"",14,28.6,21.4,""9"",""0.00"",""0"","".145"","".340"","".245"",0,0,57.1,""80.971625"",""95.524317143"",0,22.2,62.5,61,59,0,22.7,37.3,85.7,14.3,0,0"
"Ray, Robbie,592662,2026,""127.2"",537,20.3,11.5,""383"",""3.24"",""1"","".242"","".312"","".329"",31.8,8.3,37.8,""78.457519438"",""94.015978624"",15.9,28.9,41,56.9,2153,106,24.6,47.4,36.7,34.2,22.2,6.8"
"Lynch IV, Daniel,663738,2026,""47.2"",193,19.2,7.3,""143"",""2.45"",""2"","".231"","".250"","".285"",32.9,5,34.3,""76.48333029"",""93.486944855"",19.7,31.3,45,53.9,710,42,28.8,46.9,51.4,24.3,18.6,5.7"
"Wacha, Michael,608379,2026,""144.0"",585,19.1,7,""432"",""3.44"",""5"","".251"","".303"","".315"",33.3,6.6,37,""77.77955512"",""93.683624652"",14.7,29.6,35.8,50.1,2163,106,21.2,48.2,39.1,29,23.9,8"
"Williams, Devin,642207,2026,""38.2"",178,28.7,11.8,""116"",""4.66"",""0"","".219"","".337"","".282"",36.8,4.7,29.2,""77.829179615"",""92.704312115"",28,39,43.6,57.4,728,58,34.9,50.8,39.6,19.8,29.2,11.3"
"Snell, Blake,605483,2026,""3.0"",18,27.8,11.1,""9"",""12.00"",""0"","".268"","".374"","".306"",45.5,0,18.2,""68.319946667"",""91.187091818"",23.5,46,52.2,64.9,77,4,40,51.9,63.6,9.1,27.3,0"
"Sims, Lucas,608371,2026,""10.0"",46,21.7,15.2,""30"",""4.50"",""1"","".220"","".353"","".330"",28.6,7.1,39.3,""73.754161538"",""94.09861"",16.7,27.4,30.8,55.6,171,8,21.6,43.3,42.9,25,21.4,10.7"
"Povich, Cade,700249,2026,""28.1"",120,17.5,8.3,""85"",""4.45"",""1"","".264"","".350"","".342"",26.1,8,43.2,""80.974227045"",""95.152558276"",11.5,29.1,47.8,52.3,453,16,23.6,45.9,42,30.7,19.3,8"
"Jump, Gage,695611,2026,""72.2"",315,26.7,10.5,""218"",""4.46"",""3"","".250"","".333"","".314"",38.5,5.1,40,""78.759274124"",""94.539412539"",15.2,31,48,51.3,1258,62,26,48.3,41,24.6,28.2,6.2"
"Burke, Brock,656271,2026,""57.0"",241,22,12.9,""171"",""2.84"",""3"","".223"","".294"","".307"",32.5,8.2,29.2,""76.660851781"",""93.019031164"",23.2,28.8,40.1,52.5,905,64,28.8,45.6,41.6,30.5,20.8,7.1"
"Strowd, Kade,669704,2026,""1.0"",7,14.3,42.9,""3"",""9.00"",""0"","".386"","".426"","".510"",66.7,0,33.3,""85.41686"",""94.166896667"",0,9.1,0,68.8,32,0,0,25,0,33.3,66.7,0"
"Holderman, Colin,670059,2026,""46.1"",186,24.2,8.6,""139"",""2.14"",""7"","".209"","".224"","".285"",22.9,6.8,42.4,""74.051396724"",""94.054245"",18.4,29.2,44.4,55.6,721,37,28,44.1,55.9,20.3,16.9,6.8"
"Brash, Matt,666374,2026,""16.2"",64,23.4,9.4,""50"",""0.54"",""3"","".234"","".218"","".316"",40,5,40,""77.5157275"",""94.384422308"",17.5,28.9,53.5,56.9,262,11,32.1,40.5,42.5,12.5,37.5,7.5"
"Ashby, Aaron,676879,2026,""65.2"",290,32.4,11.4,""197"",""3.56"",""2"","".203"","".297"","".268"",29.8,4.3,39.1,""74.93181075"",""94.331807188"",14.8,31,57.1,56.3,1176,41,32.8,41,52.2,18.6,23.6,5.6"
"Headrick, Brent,687396,2026,""59.1"",242,29.3,7.9,""178"",""1.52"",""0"","".225"","".270"","".274"",39.5,4.6,38.2,""76.349705811"",""93.858918986"",20.1,33.9,55.6,51.6,927,67,31.7,53.4,37.5,24.3,29.6,8.6"
"Holmes, Clay,605280,2026,""56.2"",233,19.7,8.6,""170"",""2.86"",""1"","".259"","".275"","".317"",26.7,5.5,44.8,""79.656100732"",""94.62051439"",10.5,34,38.3,53,898,28,21,47.7,57.6,20.6,17.6,4.2"
"Barco, Hunter,682995,2026,""14.2"",75,13.3,16,""44"",""7.36"",""2"","".293"","".427"","".389"",33.3,6,43.1,""77.151"",""95.053953"",10.2,20.1,32.4,55.6,304,9,16.4,40.1,47.1,21.6,21.6,9.8"
"Blewett, Scott,656240,2026,""9.0"",42,11.9,9.5,""27"",""3.00"",""0"","".259"","".303"","".309"",33.3,3,21.2,""75.378391875"",""91.598914375"",11.1,35.1,41.2,58.4,166,6,22.7,53,42.4,24.2,27.3,6.1"
"Winn, Keaton,676775,2026,""40.0"",164,20.1,9.8,""120"",""2.93"",""3"","".237"","".279"","".301"",29.5,3.6,32.1,""74.944108182"",""92.913644455"",13.4,27.4,48.8,50.7,605,27,23.9,47.1,50.9,19.6,24.1,5.4"
"Peralta, Wandy,593974,2026,""60.0"",252,15.1,8.7,""180"",""3.45"",""2"","".261"","".325"","".311"",35.3,3.7,33.2,""75.742024839"",""93.179669838"",13.5,33.5,36.5,56.1,963,42,21.9,51.2,50,16.8,26.3,6.8"
"Rogers, Taylor,573124,2026,""40.2"",188,18.1,10.6,""122"",""5.09"",""2"","".251"","".351"","".317"",39.4,6.1,26.5,""75.334643016"",""92.30376144"",11.5,25.7,30.9,51.2,737,25,17.5,42.7,37.1,31.1,26.5,5.3"
"Rogers, Trevor,669432,2026,""115.2"",484,20.2,6.6,""347"",""4.20"",""1"","".246"","".301"","".300"",30.9,6.6,38.8,""78.185680578"",""94.055031012"",15.6,34.5,40.6,49.1,1876,104,23.6,52.6,41.1,24.9,22.7,11.3"
"Miller, Erik,669062,2026,""36.0"",157,32.5,14.6,""108"",""2.50"",""3"","".182"","".287"","".277"",30,6.3,27.5,""70.289186842"",""92.697554267"",18.3,26.8,61.8,59.3,693,30,35.8,39.5,55,13.8,22.5,8.8"
"Bratt, Mitch,683352,2026,""27.2"",122,17.2,14.8,""83"",""3.90"",""1"","".213"","".343"","".310"",31.7,7.3,36.6,""77.682806585"",""92.953261852"",15.3,24.5,20.7,51.3,462,24,16.7,46.5,31.7,32.9,23.2,12.2"
"Vesia, Alex,681911,2026,""39.2"",168,32.1,16.1,""119"",""2.95"",""0"","".178"","".242"","".273"",32.2,6.9,35.6,""78.124967955"",""92.878487931"",28.8,32.7,47.7,56,722,60,36.2,47.1,28.7,37.9,23,10.3"
"Raley, Brooks,548384,2026,""44.1"",182,23.6,8.8,""133"",""2.23"",""3"","".215"","".277"","".287"",37.5,5,29.2,""74.980778947"",""92.938650265"",12.6,30.7,43.8,50.6,676,27,22.9,47.2,37.5,24.2,27.5,10.8"
"Murray, Jayden,681151,2026,""16.1"",79,17.7,11.4,""49"",""9.37"",""0"","".273"","".438"","".363"",41.1,14.3,42.9,""82.821043214"",""94.558803393"",21.6,28.6,41.3,53,304,22,27.7,48.7,26.8,42.9,28.6,1.8"
"Díaz, Yilber,700270,2026,""1.2"",15,20,13.3,""5"",""37.80"",""0"","".436"","".716"","".559"",60,20,40,""87.94417"",""95.308052"",10.5,23.8,30,56.8,74,2,17.2,39.2,20,30,40,10"
"Johnson, Pierce,572955,2026,""33.2"",145,20.7,9,""101"",""4.81"",""0"","".282"","".329"","".366"",42.2,12,39.2,""81.779723"",""94.132333939"",16.1,35.1,37.5,51.2,578,27,24.3,47.1,37.3,33.3,25.5,3.9"
"Little, Brendon,663893,2026,""15.0"",75,28,20,""45"",""10.20"",""0"","".217"","".477"","".334"",25.6,10.3,43.6,""79.640271053"",""94.510696579"",22.9,32.4,55,61.5,301,16,37.7,43.2,61.5,17.9,17.9,2.6"
"Pushard, Matt,690155,2026,""7.0"",32,18.8,12.5,""21"",""5.14"",""1"","".278"","".298"","".347"",40,0,50,""79.453457"",""94.544386"",6.1,23.9,35.3,59.2,120,2,16,41.7,35,30,35,0"
"Rojas, Kendry,696070,2026,""29.2"",130,26.2,16.9,""89"",""3.34"",""1"","".179"","".321"","".288"",34.2,6.8,31.5,""72.879891429"",""93.244567571"",19.7,26.3,44.7,55.5,521,30,28.1,43.8,43.8,28.8,16.4,11"
"Granillo, Andre,701552,2026,""9.1"",50,6,16,""28"",""9.64"",""1"","".295"","".427"","".394"",36.8,13.2,39.5,""82.122428889"",""94.561731111"",7.5,19.3,14.3,55.1,198,4,9.5,37.4,34.2,36.8,23.7,5.3"
"Teodo, Emiliano,693713,2026,""1.2"",10,10,20,""5"",""10.80"",""0"","".287"","".443"","".380"",28.6,0,42.9,""82.2597325"",""96.0403"",21.4,27.3,16.7,51.2,43,3,20,46.5,42.9,14.3,28.6,14.3"
"Ashcraft, Graham,668933,2026,""27.0"",109,29.4,14.7,""81"",""3.33"",""0"","".197"","".279"","".286"",27.9,7.3,36.1,""79.172392143"",""93.603063636"",16.4,33.3,56.1,54.7,450,20,32.4,45.3,54.1,23,19.7,3.3"
"Young, Brandon,687064,2026,""107.2"",459,19.4,8.3,""323"",""3.43"",""1"","".257"","".307"","".319"",35.5,6.4,40.9,""78.718134601"",""94.341659969"",13.9,33.8,40.7,52.9,1713,75,23.6,49.4,42.1,27,23.3,7.6"
"Aldegheri, Sam,691951,2026,""33.2"",151,14.6,11.3,""101"",""5.08"",""1"","".271"","".319"","".355"",35.1,9,35.1,""74.746252182"",""93.554025321"",18.6,27.7,24.2,53.9,610,35,20.4,45.7,37.8,31.5,20.7,9.9"
"Rutledge, Jackson,671131,2026,""1.1"",12,16.7,16.7,""4"",""47.25"",""0"","".315"","".651"","".418"",25,12.5,37.5,""73.781985"",""92.6410075"",29.4,31.6,50,43.2,44,5,34.8,52.3,75,12.5,12.5,0"
"Kuhnel, Joel,669270,2026,""35.1"",157,14,7.6,""106"",""4.84"",""4"","".297"","".357"","".355"",30.3,6,39.5,""78.257379661"",""94.174692735"",10.7,29.2,47.1,53,562,19,22.6,47.2,50.4,16,26.1,7.6"
"Elder, Bryce,693821,2026,""126.2"",529,19.7,7.9,""380"",""3.69"",""2"","".245"","".299"","".306"",32.4,6.1,40.5,""79.999446898"",""94.322763209"",12.3,27.9,42.8,52.6,1883,74,21.8,46.7,43.7,26.3,22.9,7.1"
"Bido, Osvaldo,674370,2026,""18.2"",81,13.6,12.3,""56"",""6.27"",""4"","".273"","".343"","".377"",37.5,8.9,41.1,""76.63963"",""94.242770536"",10.5,31.9,42.4,58.4,317,9,23.4,45.7,32.1,32.1,28.6,7.1"
"Soroka, Michael,647336,2026,""82.0"",333,23.7,5.1,""246"",""3.07"",""5"","".249"","".284"","".309"",36.6,8.6,34.1,""76.524469478"",""93.515175391"",11.8,33.6,41.7,51.4,1290,49,22.2,49.6,38.8,28,24.1,9.1"
"Anderson, Grant,681982,2026,""48.2"",191,21.5,9.4,""146"",""3.70"",""1"","".211"","".306"","".278"",33.6,7.6,37.4,""78.877060154"",""93.568063488"",14.7,29.5,49.1,52.6,736,37,25.5,49.6,35.9,30.5,19.1,14.5"
"Hughes, Gabriel,687312,2026,""29.2"",121,23.1,7.4,""89"",""4.25"",""1"","".191"","".285"","".242"",30.1,3.6,28.9,""79.393076585"",""92.550358148"",9.8,29,47.7,47.7,470,17,20.1,50.9,44.6,27.7,24.1,3.6"
"Ramos, Wilkin,678576,2026,""2.0"",15,6.7,26.7,""6"",""22.50"",""0"","".388"","".507"","".459"",50,0,50,""79.481412"",""95.134237"",12.5,22.6,57.1,50.8,61,2,26.1,37.7,50,20,30,0"
"Vanasco, Ricky,676568,2026,""6.1"",40,10,15,""19"",""15.63"",""0"","".294"","".511"","".399"",30,6.7,43.3,""75.702990667"",""93.778389"",14.6,22.5,35,52.4,170,7,20.6,40,43.3,30,20,6.7"
"Sterner, Justin,686993,2026,""42.2"",184,21.7,7.1,""128"",""6.12"",""0"","".225"","".359"","".292"",30.5,9.2,45,""80.132451587"",""94.78859648"",19.4,33.9,49.6,53.3,726,48,29.9,52.1,41.2,32.1,19.8,6.9"
"Quantrill, Cal,615698,2026,""65.2"",276,15.6,6.9,""197"",""3.56"",""5"","".254"","".299"","".324"",31.7,8.2,34.1,""77.545239423"",""93.52946343"",13.7,29.1,29,51.3,1039,47,18.5,47.8,38.9,29.3,23.1,9.1"
"Cruz, Yovanny,672442,2026,""7.2"",32,28.1,12.5,""23"",""2.35"",""1"","".226"","".288"","".302"",27.8,0,38.9,""74.507686667"",""93.208472778"",12.9,37,50,48.6,111,4,27.5,45.9,44.4,11.1,27.8,16.7"
"Gausman, Kevin,592332,2026,""134.1"",566,23.1,6.5,""403"",""4.29"",""1"","".245"","".308"","".303"",33.5,7.3,38.8,""76.093785825"",""94.390922629"",17.4,34.5,43.2,54.7,2236,123,27,50.5,40.3,25.2,25.2,9.3"
"Pagán, Emilio,641941,2026,""25.1"",107,26.2,7.5,""76"",""4.26"",""3"","".211"","".304"","".306"",41.2,10.3,51.5,""82.524716176"",""95.022930441"",19.4,31,50.7,54.5,420,28,29.8,51.2,23.5,41.2,20.6,14.7"
"Seymour, Carson,693313,2026,""9.0"",44,9.1,13.6,""27"",""9.00"",""0"","".342"","".448"","".427"",44.1,11.8,44.1,""76.489458824"",""94.287955882"",7,19.8,42.1,55.2,174,4,15.8,43.7,38.2,35.3,20.6,5.9"
"Scherzer, Max,453286,2026,""36.0"",161,16.8,9.3,""108"",""7.25"",""1"","".270"","".379"","".354"",39.8,11,37.3,""77.331571017"",""93.833442627"",10.8,32.5,30.4,53,668,25,17.3,51.8,34.7,29.7,22,13.6"
"Santana, Dennis,642701,2026,""41.2"",186,19.9,11.3,""125"",""6.05"",""2"","".264"","".361"","".351"",42.9,9.5,41.3,""80.314670476"",""94.09931512"",16.7,34.6,40.4,55.7,706,36,25.9,49.9,30.2,34.1,27.8,7.9"
"Bachman, Sam,696147,2026,""45.2"",198,23.2,13.6,""137"",""4.14"",""3"","".213"","".305"","".298"",29.5,7.5,32,""74.364553667"",""93.014157647"",20.1,31.6,53.4,54.4,761,41,33.1,44,50.8,21.3,23,4.9"
"Way, Beck,694360,2026,""23.1"",105,20,9.5,""70"",""3.86"",""1"","".257"","".350"","".341"",24.7,6.8,42.5,""80.032778919"",""94.947046575"",12.3,30,51.7,51.4,389,14,25.9,44.7,52.1,21.9,21.9,4.1"
"Sasaki, Roki,808963,2026,""105.0"",446,23.8,9,""315"",""4.54"",""5"","".237"","".339"","".315"",35.6,10.5,42.7,""79.156421918"",""94.436006575"",18,32.8,52.1,52.5,1786,106,29.7,50.2,42.4,27.1,22.7,7.8"
"Franco, Jose,683742,2026,""20.1"",92,16.3,16.3,""61"",""4.43"",""0"","".236"","".363"","".347"",30.6,10,33.9,""77.378844333"",""93.386985833"",13.5,23.3,38.6,54.3,348,15,20.6,44.5,33.9,33.9,22.6,9.7"
"Duran, Jhoan,661395,2026,""41.1"",164,36,4.3,""124"",""1.74"",""3"","".195"","".241"","".227"",24.2,3.2,41.1,""80.989890652"",""94.32918087"",25.8,34.5,56.5,54.1,663,57,36.8,52,60,11.6,22.1,6.3"
"Barnett, Mason,686930,2026,""34.0"",147,24.5,11.6,""102"",""5.56"",""2"","".226"","".350"","".323"",30.4,9.8,38,""79.139161522"",""94.22836"",13.1,27.7,46.1,54.1,593,23,24.2,44.5,35.9,35.9,20.7,7.6"
"Basso, Brady,669620,2026,""17.0"",76,18.4,3.9,""51"",""4.76"",""0"","".268"","".363"","".309"",44.1,6.8,39,""74.697555333"",""93.784944407"",12.5,34.4,50,49.2,260,12,24.3,53.8,39,23.7,30.5,6.8"
"Wolfram, Grant,664991,2026,""34.1"",153,25.5,8.5,""103"",""5.24"",""4"","".229"","".326"","".296"",29.9,6.2,37.1,""77.774418696"",""94.113137582"",16.1,30.6,44.2,52.7,588,30,25.6,47.8,50.5,23.7,20.6,5.2"
"Klein, Will,694361,2026,""41.2"",189,25.9,11.1,""125"",""3.67"",""3"","".235"","".318"","".288"",30.2,2.6,37.9,""77.11063193"",""94.184867719"",12,28.5,46.9,52.1,762,26,23.9,43.3,56,10.3,24.1,9.5"
"Adam, Jason,592094,2026,""32.1"",134,16.4,6,""97"",""2.51"",""2"","".224"","".309"","".288"",26.5,6.9,36.3,""77.312867451"",""93.393945248"",18.6,35.6,46.2,54.1,551,35,28.6,53.4,46.1,31.4,14.7,7.8"
"Sands, Cole,663485,2026,""12.0"",56,19.6,8.9,""36"",""8.25"",""1"","".268"","".409"","".364"",33.3,10.3,56.4,""87.479249474"",""96.512770263"",20.3,27.1,31,51.2,209,15,23.3,49.3,41,35.9,23.1,0"
"Carrasco, Carlos,471911,2026,""16.2"",73,9.6,4.1,""50"",""5.94"",""2"","".371"","".372"","".431"",47.5,9.8,41,""78.3841"",""94.612314828"",8.3,39.3,35.8,54.9,246,7,19,55.7,44.3,14.8,34.4,6.6"
"Morejon, Adrian,670970,2026,""62.1"",256,29.3,6.3,""187"",""2.89"",""4"","".207"","".246"","".243"",27.3,1.9,32.3,""74.7150485"",""93.293847688"",18.6,37.6,62,50.5,985,60,34.5,51.8,61.5,13,21.7,3.7"
"Rodriguez, Carlos,692230,2026,""9.1"",42,19,9.5,""28"",""3.86"",""0"","".228"","".323"","".282"",33.3,3.3,16.7,""72.742499333"",""91.243844667"",17.2,27.8,48.1,53.3,182,11,26.4,50,23.3,36.7,30,10"
"Gerber, Joey,680702,2026,""8.1"",34,23.5,11.8,""25"",""4.32"",""0"","".230"","".306"","".309"",45.5,9.1,54.5,""85.731002727"",""96.105960909"",16.7,23.1,40,50.4,129,6,23.5,39.5,22.7,31.8,36.4,9.1"
"Cook, Alex,702047,2026,""3.2"",17,11.8,11.8,""11"",""7.36"",""0"","".201"","".381"","".293"",53.8,7.7,46.2,""84.347542857"",""95.290857692"",21.7,16.7,0,50,72,5,17.2,40.3,7.7,30.8,38.5,23.1"
"Stallings, Garrett,668831,2026,""8.0"",30,30,10,""24"",""0.00"",""0"","".136"","".159"","".182"",16.7,0,16.7,""82.524535556"",""91.770706471"",17.1,34.8,58.3,56.6,122,6,33.9,48.4,38.9,38.9,11.1,11.1"
"Adams, Travis,701519,2026,""34.1"",150,27.3,11.3,""103"",""5.50"",""0"","".227"","".329"","".310"",43.5,6.5,29.3,""76.203910455"",""93.448068851"",19.7,32,44.5,57.5,598,34,29.3,47.3,39.1,26.1,27.2,7.6"
"Holton, Tyler,663947,2026,""55.0"",228,19.3,5.3,""165"",""2.78"",""4"","".245"","".314"","".289"",33.3,5.4,38.1,""76.319371566"",""93.502211627"",14.9,28.9,42.1,50.6,861,42,23.3,47.3,51.2,17.3,25,6.5"
"Kochanowicz, Jack,686799,2026,""64.0"",296,15.9,12.2,""192"",""6.19"",""5"","".273"","".331"","".359"",30.3,7.4,42.8,""77.89732901"",""94.691266287"",16.9,25.6,39.3,52.9,1106,59,23.6,45.2,57.2,19.7,18.8,4.3"
"Latz, Jacob,656641,2026,""53.0"",196,28.1,6.6,""159"",""1.87"",""0"","".190"","".196"","".246"",25.8,5.5,38.3,""78.449819206"",""93.6349292"",21.3,36.1,43.8,51.6,821,60,29.2,53,39.8,26.6,18.8,14.8"
"Blanco, Ronel,669854,2026,""19.1"",81,21,13.6,""58"",""6.98"",""1"","".231"","".372"","".358"",25,13.5,34.6,""78.198975769"",""93.280693529"",17.5,30.7,45.1,50.2,331,20,26.1,49.8,46.2,40.4,11.5,1.9"
"Arcia, Orlando,606115,2026,""1.0"",5,0,40,""3"",""9.00"",""0"","".234"","".457"","".411"",33.3,0,0,""86.424955"",""89.737513333"",0,0,,64.3,14,0,0,21.4,66.7,0,33.3,0"
"Morris, Andrew,702193,2026,""55.1"",233,22.3,8.6,""166"",""3.09"",""2"","".223"","".284"","".275"",28.9,3.8,34,""75.045613291"",""93.185490382"",17.4,26.3,34.2,48.3,946,56,21.9,46.7,45.3,28.9,19.5,6.3"
"Rasmussen, Drew,656876,2026,""124.1"",485,26.8,4.5,""373"",""2.75"",""6"","".226"","".248"","".272"",31.2,6.7,33,""76.815617284"",""93.552956749"",14.6,33.6,47.1,50.7,1911,93,25.6,50.2,45.3,22.9,24.2,7.6"
"Carrillo, Gerardo,672629,2026,""10.2"",42,26.2,14.3,""32"",""0.84"",""0"","".158"","".224"","".226"",28,4,16,""72.590503846"",""90.8726352"",14.3,27,41.7,53.9,165,7,23.3,44.2,56,20,20,4"
"Williams, Gavin,668909,2026,""144.2"",573,32.3,7.2,""434"",""3.55"",""3"","".225"","".283"","".299"",34.6,11.3,47.6,""78.939113684"",""95.022875953"",19.9,34,52.2,50.9,2270,145,31.2,49.8,45.3,25.3,23,6.4"
"Lauer, Eric,641778,2026,""92.0"",389,14.7,7.5,""276"",""4.89"",""3"","".256"","".338"","".341"",35.8,11.4,35.5,""77.949292857"",""93.55719534"",13,32.4,28.5,52,1501,68,18.1,51.6,31.8,37.8,20.7,9.7"
"Solesky, Chase,686678,2026,""3.0"",17,23.5,5.9,""9"",""6.00"",""0"","".291"","".467"","".353"",41.7,8.3,33.3,""79.709023333"",""93.7593"",9.5,4.5,0,37.9,58,2,9.1,37.9,50,16.7,25,8.3"
"Andrews, Tanner,681084,2026,""3.0"",11,9.1,18.2,""9"",""0.00"",""0"","".135"","".208"","".273"",25,12.5,25,""67.064095"",""91.096065"",8.3,21.4,50,65.1,43,1,22.2,41.9,50,37.5,0,12.5"
"Warren, Will,701542,2026,""114.0"",496,23,7.5,""342"",""4.18"",""3"","".267"","".331"","".327"",35.6,7.4,42.4,""80.21183213"",""94.915092285"",14.3,28.3,37.3,53.6,1924,79,22.3,43.8,44.1,22.6,26.8,6.5"
"Bernardino, Brennan,657514,2026,""47.2"",200,18,7,""143"",""2.64"",""3"","".254"","".288"","".305"",29.5,4.8,31.5,""75.592814225"",""92.821717254"",16.9,25.8,38.6,51.9,755,42,23.1,46.4,45.9,24.7,24,5.5"
"Ponce, Cody,664074,2026,""2.1"",10,30,10,""7"",""3.86"",""0"","".177"","".196"","".243"",33.3,0,33.3,""78.841886667"",""92.73116"",27.3,50,66.7,76.6,47,3,51.7,61.7,50,16.7,33.3,0"
"Martin, Corbin,656686,2026,""5.0"",25,16,20,""15"",""10.80"",""0"","".248"","".410"","".396"",25,12.5,56.3,""85.05037875"",""95.8569125"",15.6,31.8,61.9,59.5,111,5,34,47.7,37.5,25,18.8,18.8"
"Henry, Cole,669371,2026,""13.2"",71,21.1,11.3,""41"",""7.90"",""3"","".256"","".409"","".374"",36.4,13.6,40.9,""78.079554545"",""93.987374091"",16.3,29.4,36.2,56.7,282,14,23.3,47.2,27.3,38.6,22.7,11.4"
"Eflin, Zach,621107,2026,""3.2"",17,41.2,11.8,""11"",""2.45"",""0"","".202"","".381"","".307"",12.5,25,75,""92.6260325"",""100.16077"",21.7,25,63.6,59.5,74,5,35.3,45.9,62.5,25,12.5,0"
"Guerrero, Tyron,594027,2026,""30.0"",120,27.5,2.5,""90"",""2.10"",""2"","".200"","".243"","".232"",26.8,3.7,29.3,""72.945646667"",""92.94465013"",20.8,36.5,43.1,40.3,442,40,26.5,58.1,54.9,19.5,20.7,4.9"
"Kelly, Kevin,687330,2026,""54.0"",200,21.5,4.5,""162"",""2.00"",""3"","".262"","".233"","".295"",30.3,6.3,44.8,""78.595830704"",""94.743334648"",8.8,32.7,40.4,49.3,708,20,19.4,48,60,12.4,26.9,0.7"
"McGreevy, Michael,700241,2026,""126.0"",513,16.6,6.2,""378"",""3.64"",""0"","".289"","".315"","".361"",34.3,10.4,43.4,""79.441005385"",""95.013243667"",8.3,28.9,38.6,53.7,2033,50,18.7,45.2,43.7,27.3,25,4"
"Kahnle, Tommy,592454,2026,""9.0"",43,11.6,14,""27"",""8.00"",""0"","".285"","".434"","".381"",31.3,15.6,56.3,""83.671368125"",""96.818810968"",14.1,26.8,27.3,48.8,168,9,17.4,51.2,40.6,18.8,25,15.6"
"Schlittler, Cam,693645,2026,""146.2"",579,31.4,5.4,""440"",""2.21"",""6"","".210"","".253"","".266"",33.7,8.4,39.8,""77.116893729"",""93.966192465"",21.6,34.6,43,50.2,2289,177,28.6,53.2,42.3,27.6,22,8.1"
"Palmquist, Carson,687223,2026,""16.1"",78,19.2,10.3,""49"",""7.71"",""3"","".271"","".378"","".337"",40.4,3.8,23.1,""75.2212944"",""91.862239184"",12,34.3,39,55,313,11,22.5,48.2,36.5,28.8,26.9,7.7"
"Richardson, Lyon,680689,2026,""1.2"",10,30,20,""5"",""27.00"",""1"","".308"","".622"","".649"",50,66.7,50,""85.684675"",""100.24048"",25,14.3,50,68.3,41,2,33.3,29.3,25,50,0,25"
"Matthews, Zebby,805673,2026,""86.0"",365,20,7.7,""258"",""5.23"",""3"","".257"","".346"","".335"",35.2,12.3,40.6,""80.475398682"",""94.708299264"",13.6,27.8,42.3,52.2,1386,61,22.5,46.8,42.5,26.4,24.5,6.5"
"Hurt, Kyle,669165,2026,""38.1"",166,27.7,12.7,""115"",""4.46"",""1"","".212"","".303"","".296"",31.6,7.1,41.8,""79.280590612"",""94.267089691"",27.9,28.8,55.4,48.3,596,63,35.3,51.8,43.9,25.5,23.5,7.1"
"Banks, Tanner,621383,2026,""29.0"",146,21.9,8.9,""87"",""7.14"",""0"","".262"","".423"","".323"",43.6,7,33.7,""75.890163469"",""93.547628557"",18.1,31.7,34.1,50.5,551,34,23.2,50.1,35.6,31.7,28.7,4"
"Sanders, Cam,676742,2026,""11.0"",53,28.3,18.9,""33"",""7.36"",""1"","".201"","".339"","".321"",40.7,7.4,25.9,""75.066159231"",""92.706618077"",23.3,37.2,56.4,61.7,240,14,39.1,47.9,37,18.5,33.3,11.1"
"Weathers, Ryan,677960,2026,""121.0"",503,26.2,6.8,""363"",""3.79"",""3"","".256"","".307"","".322"",33.2,8.7,42.2,""78.42934297"",""94.836063636"",16.7,29.7,47.3,53.5,2008,99,27.4,45.4,47.9,21.6,25.7,4.8"
"Taillon, Jameson,592791,2026,""80.0"",346,20.8,8.4,""240"",""5.96"",""2"","".264"","".371"","".371"",38.3,15.2,39.9,""78.147134132"",""94.410942479"",15.9,30.4,46.2,54.2,1353,65,26.6,46.6,33.7,39.1,21,6.2"
"Saucedo, Tayler,642048,2026,""5.2"",24,37.5,4.2,""17"",""4.76"",""1"","".204"","".361"","".300"",30.8,23.1,38.5,""69.671708571"",""94.971770769"",21.2,28.8,93.3,54.2,96,7,43.8,50,38.5,38.5,15.4,7.7"
"Bradish, Kyle,680694,2026,""127.0"",535,22.6,10.1,""381"",""3.69"",""3"","".234"","".314"","".308"",31.1,8,37.5,""76.389366229"",""93.878414785"",9.2,30.7,50,56.2,2109,54,24.8,45,48.7,22.7,21.6,7"
"Singer, Brady,663903,2026,""119.2"",530,18.9,7.5,""359"",""4.66"",""8"","".270"","".348"","".342"",36.1,8.6,40.8,""80.635546216"",""94.615871162"",13.1,28.3,48.6,54.7,2076,78,25.5,44.2,42.7,27,27,3.4"
"Rodriguez, Eduardo,593958,2026,""143.1"",590,17.1,8,""430"",""2.70"",""0"","".267"","".299"","".335"",35.3,8.4,36,""77.182018165"",""93.62821623"",13,30.2,35.3,53.5,2275,94,20.6,47.9,41.6,27.8,24.7,5.9"
"Garcia, Robert,676395,2026,""8.0"",34,17.6,20.6,""24"",""3.38"",""0"","".239"","".285"","".333"",23.8,0,33.3,""78.782930909"",""93.610478571"",22.9,18.7,57.1,49,153,11,30.6,40.5,57.1,23.8,14.3,4.8"
"Criswell, Jeff,676105,2026,""4.0"",18,16.7,16.7,""12"",""4.50"",""0"","".300"","".442"","".436"",41.7,16.7,25,""72.343555"",""92.77767"",25,20.5,33.3,55.7,79,7,27,46.8,33.3,25,25,16.7"
"Robles, Victor,645302,2026,""1.0"",9,0,11.1,""3"",""27.00"",""0"","".490"","".572"","".504"",50,0,37.5,""87.5538325"",""94.46135875"",0,20,0,57.7,26,0,0,42.3,37.5,12.5,50,0"
"Miller, Bryce,682243,2026,""79.0"",306,25.8,4.9,""237"",""3.08"",""1"","".206"","".273"","".258"",28.9,6.7,30.8,""76.775488846"",""92.638977981"",20.2,36.2,39.6,49.6,1179,90,26.4,55.8,37.9,34.6,19.9,7.6"
"Trivino III, Lou,642152,2026,""6.0"",36,19.4,19.4,""18"",""15.00"",""1"","".217"","".465"","".330"",42.9,4.8,38.1,""73.490401818"",""93.038717143"",12.5,26.1,65.2,61.1,144,5,31.7,43.8,38.1,23.8,33.3,4.8"
"Drohan, Shane,675660,2026,""93.0"",390,23.8,7.2,""279"",""3.87"",""3"","".230"","".306"","".291"",35.3,8.7,37.2,""76.804064341"",""93.702349341"",20.9,33.1,39.8,51.1,1455,96,27.5,48.5,41.4,29.3,23.3,6"
"Smith-Shawver, AJ,700363,2026,""4.1"",19,21.1,10.5,""13"",""4.15"",""0"","".299"","".280"","".386"",30.8,15.4,53.8,""81.280314286"",""96.676494615"",8.7,18.2,0,47.8,69,2,6.9,42,38.5,30.8,30.8,0"
"Keller, Brad,641745,2026,""31.1"",135,23.7,9.6,""94"",""4.02"",""2"","".226"","".309"","".284"",27.3,4.6,31.8,""73.919911364"",""92.65674069"",13.2,28,40.7,54.2,533,21,22.5,45,44.3,28.4,22.7,4.5"
"Walker, Ryan,676254,2026,""26.1"",125,15.2,12,""79"",""7.52"",""1"","".260"","".377"","".324"",30,6.7,35.6,""72.537604545"",""93.129238068"",8.8,25.5,29.7,51.2,490,13,15.2,43.1,47.8,23.3,23.3,5.6"
"Wilcox, Cole,677961,2026,""27.0"",123,22.8,13.8,""81"",""4.00"",""2"","".284"","".325"","".355"",36.8,6.7,46.1,""81.182641053"",""95.235350667"",19.9,31,52.5,52.9,488,29,31.4,46.3,44.7,17.1,34.2,3.9"
"Medina, Luis,665622,2026,""52.2"",233,27,11.2,""158"",""3.76"",""3"","".241"","".334"","".326"",39.7,8.7,39,""80.161633088"",""94.309945185"",20.4,25.1,51.6,53.8,918,56,30.2,43.4,35.5,34,24.1,6.4"
"Backhus, Kyle,679775,2026,""20.0"",94,21.3,6.4,""60"",""4.95"",""2"","".247"","".349"","".308"",40.9,4.6,30.3,""74.422889063"",""92.8346325"",10.8,28.2,37.3,51.1,354,11,19.6,43.2,45.5,22.7,27.3,4.5"
"Junk, Janson,676083,2026,""81.2"",350,17.7,6.6,""245"",""4.63"",""1"","".255"","".332"","".316"",29.7,7.6,41.4,""79.592425736"",""94.842072062"",10.9,27.4,31,46.6,1315,51,16.1,48.5,44.5,22.8,19.8,12.9"
"Clarke, Taylor,664199,2026,""53.1"",203,13.8,4.4,""160"",""2.19"",""3"","".247"","".238"","".305"",28.8,8,31.9,""74.523560741"",""93.220534938"",10,30.6,40.2,53.3,749,24,20.1,48.5,50.9,22.7,17.2,9.2"
"Agnos, Zach,688642,2026,""65.2"",293,14.3,8.2,""197"",""6.03"",""4"","".288"","".351"","".355"",39.9,8.1,41.7,""78.063291455"",""94.253807818"",8.7,33.8,42.2,54.9,1072,30,20.9,50.8,37.7,30,28.7,3.6"
"Svanson, Matt,694335,2026,""43.1"",207,19.8,10.1,""130"",""7.27"",""2"","".301"","".364"","".369"",38.5,7,44.8,""80.273224507"",""94.915151197"",13.4,25.2,35.1,47.3,788,39,18.8,48.7,37.8,27.3,26.6,8.4"
"Bellozo, Valente,678368,2026,""10.2"",48,16.7,14.6,""32"",""7.59"",""1"","".316"","".420"","".475"",43.8,15.6,50,""80.20477375"",""96.118864839"",20.3,21.6,57.9,51.8,170,12,29.5,45.9,28.1,40.6,21.9,9.4"
"Rock, Joe,697812,2026,""10.1"",53,22.6,20.8,""31"",""3.48"",""2"","".267"","".364"","".390"",35.7,3.6,57.1,""87.123432143"",""96.791274444"",18.8,19.8,55,51.8,195,12,27.4,43.1,28.6,32.1,28.6,10.7"
"Lucchesi, Joey,664192,2026,""3.1"",24,16.7,25,""10"",""13.50"",""1"","".286"","".528"","".441"",30.8,15.4,69.2,""89.04257"",""96.889582308"",10,28.4,23.8,66.7,111,2,17.1,36.9,69.2,15.4,15.4,0"
"Voth, Austin,608723,2026,""10.0"",56,5.4,10.7,""30"",""9.90"",""0"","".338"","".458"","".402"",38.3,8.5,40.4,""81.976357917"",""94.360564894"",3.1,25.2,40.6,59.1,215,2,15.6,44.7,25.5,36.2,31.9,6.4"
"Yean, Eddy,678868,2026,""10.0"",39,15.4,5.1,""30"",""1.80"",""1"","".211"","".227"","".257"",23.3,3.3,33.3,""80.365412"",""92.853130333"",14.3,24.3,17.6,50,140,7,15.2,47.1,53.3,23.3,13.3,10"
"Santos, Gregory,666619,2026,""5.0"",22,4.5,13.6,""15"",""3.60"",""0"","".327"","".363"","".376"",38.9,0,55.6,""80.238957778"",""96.755923333"",6.3,14.3,20,40.7,86,2,8.1,43,50,16.7,27.8,5.6"
"Smith, Dylan,681916,2026,""22.1"",98,27.6,11.2,""67"",""2.82"",""2"","".216"","".283"","".302"",34.5,8.6,41.4,""77.913551071"",""93.980005357"",16.4,30.3,51.7,50.5,392,22,27.3,49.5,31,20.7,27.6,20.7"
"Kay, Anthony,641743,2026,""116.0"",519,18.1,8.3,""348"",""3.96"",""21"","".263"","".335"","".344"",34.6,9,39.9,""76.381277471"",""94.33992227"",12.8,33.1,39,56.5,2066,74,23.3,46.7,44.6,22.2,25.5,7.8"
"Valdez, Framber,664285,2026,""127.1"",558,18.5,8.1,""382"",""4.17"",""12"","".255"","".318"","".319"",28.9,6.1,43,""79.021046888"",""94.662376138"",10,31.6,40.1,52.7,2025,61,20.7,46.8,54.5,20.4,21.4,3.8"
"Tur, Yunior,814305,2026,""2.2"",24,12.5,16.7,""8"",""47.25"",""0"","".442"","".766"","".618"",70.6,29.4,41.2,""80.171406667"",""95.333874706"",23.1,36.7,66.7,56.3,87,6,40.9,50.6,11.8,52.9,29.4,5.9"
