"pitches,""player_id"",""player_name"",""total_pitches"",""pitch_percent"",""ba"",""iso"",""babip"",""slg"",""woba"",""xwoba"",""xba"",""hits"",""abs"",""launch_speed"",""launch_angle"",""spin_rate"",""velocity"",""effective_speed"",""whiffs"",""swings"",""takes"",""eff_min_vel"",""release_extension"",""pos3_int_start_distance"",""pos4_int_start_distance"",""pos5_int_start_distance"",""pos6_int_start_distance"",""pos7_int_start_distance"",""pos8_int_start_distance"",""pos9_int_start_distance"",""pitcher_run_exp"",""run_exp"",""bat_speed"",""swing_length"",""miss_distance"",""pa"",""bip"",""singles"",""doubles"",""triples"",""hrs"",""so"",""k_percent"",""bb"",""bb_percent"",""api_break_z_with_gravity"",""api_break_z_induced"",""api_break_x_arm"",""api_break_x_batter_in"",""hyper_speed"",""bbdist"",""hardhit_percent"",""barrels_per_bbe_percent"",""barrels_per_pa_percent"",""release_pos_z"",""release_pos_x"",""plate_x"",""plate_z"",""obp"",""barrels_total"",""batter_run_value_per_100"",""xobp"",""xslg"",""pitcher_run_value_per_100"",""xbadiff"",""xobpdiff"",""xslgdiff"",""wobadiff"",""swing_miss_percent"",""arm_angle"",""attack_angle"",""attack_direction"",""swing_path_tilt"",""rate_ideal_attack_angle"",""intercept_ball_minus_batter_pos_x_inches"",""intercept_ball_minus_batter_pos_y_inches"""
"521,676282,""Cantillo, Joey"",2091,24.9,0.31,0.142,0.478,0.451,0.369,0.263,0.195,35,113,88.6,5,2137,84.3,85.63,89,225,296,1.2999999999999972,7.23,106,151,117,144,302,324,290,""-6.747"",""6.747"",""71.2"",""7.6"",""3.478397213"",129,70,26,5,1,3,44,34.1,15,11.6,""3.22"",""0.04"",""-0.02"",""0.02"",""91.9"",117,47.82608695652174,5.797101449275362,3.10077519379845,5.8,0.98,0.02,1.97,0.388,4,""1.295009597"",0.287,0.287,""-1.295009597"",0.115,0.10100000000000003,0.164,0.106,39.6,""47.9"",12.286088007036533,-6.822165355262455,31.681391894388415,0.48847926267281105,36.993697967343024,34.61007541570423"
"497,675660,""Drohan, Shane"",1455,34.2,0.282,0.185,0.337,0.468,0.35,0.31,0.238,35,124,87.1,15.1,2561,90,89.83,63,230,267,-0.20000000000000284,6.16,108,152,122,147,306,326,299,""-3.277"",""3.277"",""71.1"",""7.2"",""1.940882303"",137,95,22,8,0,5,31,22.6,10,7.3,""2.32"",""0.52"",""0.45"",""-0.45"",""92.5"",162,38.94736842105263,10.526315789473683,7.2992700729927,5.4,1.64,-0.06,2.13,0.338,10,""0.659356137"",0.303,0.389,""-0.659356137"",0.044,0.03500000000000003,0.079,0.04,27.4,""31.7"",8.06847133859035,-0.7091576747039378,34.72189667021506,0.47161572052401746,34.26800482160797,29.74434091750107"
"483,695611,""Jump, Gage"",1262,38.3,0.327,0.257,0.453,0.584,0.429,0.352,0.275,33,101,89.6,12.8,2253,91,91.31,64,220,263,0.29999999999999716,6.38,105,149,115,145,299,320,289,""-11.625"",""11.625"",""69.4"",""7.0"",""1.973168177"",120,68,15,14,0,4,34,28.3,18,15,""2.12"",""0.66"",""0.31"",""-0.31"",""92.2"",162,45.588235294117645,8.823529411764707,5,5.56,1.85,0.12,2.12,0.425,6,""2.406832298"",0.382,0.416,""-2.406832298"",0.052,0.04299999999999998,0.168,0.077,29.1,""43.5"",5.739847651177275,2.5573851374768797,32.25469961236755,0.37037037037037035,36.26374597350148,28.610435303225294"
"477,571510,""Boyd, Matthew"",1234,38.7,0.215,0.116,0.227,0.331,0.278,0.324,0.254,26,121,87.4,17.4,2159,84.3,84.11,33,236,241,-0.20000000000000284,6.15,108,153,122,150,308,328,294,""4.1"",""-4.1"",""70.2"",""7.4"",""4.569093106"",133,101,20,2,0,4,20,15,9,6.8,""2.89"",""0.41"",""0.76"",""-0.76"",""91.3"",168,29.7029702970297,8.91089108910891,6.7669172932330826,5.4,2.28,0.25,2.29,0.286,9,""-0.859538784"",0.321,0.419,""0.859538784"",-0.039,-0.03500000000000003,-0.088,-0.046,14,""24.9"",10.721687499054648,-3.218537227675228,32.8335883811712,0.4829059829059829,38.662727322725374,32.525564557972025"
"462,666200,""Luzardo, Jesús"",2329,19.8,0.2,0.127,0.26,0.327,0.277,0.278,0.213,22,110,89.3,11.4,2183,90.1,88.92,66,215,247,-1.1999999999999886,5.68,110,152,116,145,296,324,283,""5.134"",""-5.134"",""70.4"",""7.3"",""4.114643304"",123,76,14,5,0,3,34,27.6,9,7.3,""2.47"",""0.38"",""0.49"",""-0.49"",""91.9"",150,38.666666666666664,8,4.878048780487805,5.55,2.79,-0.17,2.13,0.285,6,""-1.111255411"",0.297,0.316,""1.111255411"",-0.013,-0.01200000000000001,0.011,-0.001,30.7,""26.5"",9.669392877201323,-3.414639228207214,33.835072529763,0.3427230046948357,34.388814231350175,30.48950712824585"
"461,800048,""Messick, Parker"",2111,21.8,0.179,0.132,0.205,0.311,0.236,0.255,0.21,19,106,88.3,14.8,2102,91.2,91.46,45,221,240,0.29999999999999716,6.46,109,153,119,148,299,324,296,""5.439"",""-5.439"",""70.0"",""7.1"",""2.927839906"",112,81,11,5,0,3,25,22.3,6,5.4,""1.93"",""0.84"",""0.57"",""-0.57"",""91.3"",175,33.33333333333333,3.7037037037037033,2.6785714285714284,5.4,1.02,0.16,2.31,0.223,3,""-1.179826464"",0.252,0.327,""1.179826464"",-0.031,-0.028999999999999998,-0.016,-0.019,20.4,""40.8"",5.592919903708589,4.8433749325446795,29.152955094736985,0.4541284403669725,37.23797647370363,28.507601151534438"
"458,671096,""Abbott, Andrew"",2223,20.6,0.206,0.052,0.241,0.258,0.274,0.336,0.26,20,97,87,11.2,2424,86.6,86.81,44,203,255,0.20000000000000284,6.47,105,151,113,146,301,325,286,""2.838"",""-2.838"",""71.6"",""7.4"",""3.136205873"",115,80,17,2,0,1,18,15.7,17,14.8,""2.39"",""0.68"",""0.27"",""-0.27"",""91.3"",159,34.177215189873415,6.329113924050633,4.3478260869565215,6.02,2.65,0.35,2.18,0.322,5,""-0.619650655"",0.369,0.374,""0.619650655"",-0.054,-0.046999999999999986,-0.116,-0.062,21.7,""49.2"",9.82324447690523,0.8282785880735538,32.15435679608624,0.4752475247524752,40.24333199947985,30.20669004088854"
"454,656492,""Griffin, Foster"",2144,21.2,0.3,0.145,0.33,0.445,0.338,0.309,0.283,33,110,87.3,12.2,2147,85.9,85.95,55,230,224,0,6.18,104,150,118,147,307,328,297,""-1.707"",""1.707"",""70.8"",""7.1"",""2.203555163"",118,95,23,7,0,3,17,14.4,6,5.1,""2.65"",""0.46"",""-0.06"",""0.06"",""92.3"",152,35.78947368421053,4.2105263157894735,3.389830508474576,5.86,2.76,0.26,2.28,0.333,4,""0.375991189"",0.318,0.39,""-0.375991189"",0.017,0.015000000000000013,0.055,0.029,23.9,""44.4"",6.0199229204048,3.782081847463933,34.091915241906754,0.38596491228070173,35.34016992921953,28.30548220829777"
"450,593958,""Rodriguez, Eduardo"",2276,19.8,0.274,0.142,0.321,0.415,0.321,0.318,0.262,29,106,85.9,20.6,2144,88.5,88.71,57,242,208,0.20000000000000284,6.37,108,149,119,147,308,322,288,""1.354"",""-1.354"",""70.4"",""7.1"",""2.149298114"",114,87,19,7,1,2,20,17.5,7,6.1,""2.1"",""0.83"",""0.67"",""-0.67"",""90.5"",174,32.18390804597701,6.896551724137931,5.263157894736842,5.97,1.3,0.12,2.44,0.319,6,""-0.300888889"",0.307,0.423,""0.300888889"",0.012,0.01200000000000001,-0.008,0.003,23.6,""42.6"",6.99086092740702,2.038858689369209,31.92646571199326,0.45188284518828453,37.369120169924685,27.599980367864266"
"450,693855,""Seymour, Ian"",1478,30.4,0.188,0.168,0.271,0.356,0.258,0.257,0.199,19,101,89.1,18.6,1987,85.7,85.8,75,226,224,0.09999999999999432,6.27,102,153,119,147,308,333,298,""4.414"",""-4.414"",""70.6"",""7.3"",""2.798528216"",109,62,10,4,2,3,40,36.7,7,6.4,""2.21"",""0.91"",""0.37"",""-0.37"",""91.1"",173,40.32258064516129,9.67741935483871,5.5045871559633035,5.66,1.42,0.22,2.37,0.239,6,""-0.980888889"",0.251,0.332,""0.980888889"",-0.011,-0.01200000000000001,0.024,0.001,33.2,""42.8"",10.367139259590827,-4.321696223742414,30.67594722058435,0.4864864864864865,38.24664104605866,32.449779350100705"
"443,640455,""Manaea, Sean"",1799,24.6,0.236,0.209,0.256,0.445,0.319,0.316,0.239,26,110,89.8,14,2126,86.9,87.83,50,245,198,0.8999999999999915,6.88,107,152,123,147,304,324,289,""-0.075"",""0.075"",""71.3"",""7.1"",""2.250405058"",120,84,15,5,0,6,27,22.5,6,5,""2.52"",""0.56"",""0.53"",""-0.53"",""91.9"",180,45.23809523809524,11.904761904761903,8.333333333333332,5.14,3.22,0.1,2.49,0.292,10,""0.016930023"",0.295,0.435,""-0.016930023"",-0.003,-0.0030000000000000027,0.01,0.003,20.4,""15.2"",6.050700512725446,3.8916821219762214,32.428183760846565,0.4315352697095436,36.825399554774286,28.011398497589525"
"439,650911,""Sánchez, Cristopher"",2300,19.1,0.396,0.198,0.473,0.594,0.462,0.397,0.34,40,101,91.1,4.8,2079,90.6,91.51,59,196,243,0.9000000000000057,6.82,107,152,117,143,299,329,288,""-16.658"",""16.658"",""71.7"",""7.5"",""4.146490449"",115,79,30,5,0,5,22,19.1,11,9.6,""2.67"",""0.12"",""1.18"",""-1.18"",""93.1"",133,44.303797468354425,7.59493670886076,5.217391304347826,6.08,1.99,-0.01,1.9,0.47,6,""3.79453303"",0.42,0.481,""-3.79453303"",0.056,0.04999999999999999,0.113,0.065,30.1,""31.7"",13.55346271256617,-7.419488753804134,34.834757227965746,0.4717948717948718,37.74341029038169,33.05142586472584"
"436,702070,""Cameron, Noah"",2048,21.3,0.183,0.144,0.211,0.327,0.261,0.293,0.22,19,104,88.7,10.1,2145,86.6,86.93,62,208,228,0.30000000000001137,6.27,109,152,117,147,303,326,284,""6.378"",""-6.378"",""69.8"",""7.3"",""3.097323036"",116,79,10,6,0,3,26,22.4,10,8.6,""2.52"",""0.53"",""0.23"",""-0.23"",""91.7"",158,37.9746835443038,8.860759493670885,6.0344827586206895,6.28,1.3,0.09,2.32,0.259,7,""-1.462844037"",0.294,0.37,""1.462844037"",-0.037,-0.034999999999999976,-0.043,-0.032,29.8,""54.0"",9.38726158102563,-1.7606623014807343,32.56727241214365,0.5048076923076923,36.29519436380291,30.81625356670781"
"428,677960,""Weathers, Ryan"",2008,21.3,0.27,0.079,0.354,0.348,0.313,0.319,0.268,24,89,89.9,0.8,2328,88.1,87.35,55,194,234,-0.7999999999999972,5.77,105,149,123,148,293,325,291,""-1.665"",""1.665"",""71.1"",""7.7"",""4.100703697"",99,66,19,4,0,1,23,23.2,8,8.1,""2.67"",""0.3"",""0.47"",""-0.47"",""92.2"",120,42.42424242424242,3.0303030303030303,2.0202020202020203,5.44,2.87,0.23,1.99,0.343,2,""0.389018692"",0.342,0.374,""-0.389018692"",0.002,0.0010000000000000009,-0.026,-0.006,28.4,""32.0"",12.801040548042462,-6.557296589752865,33.12239765915146,0.4842105263157895,38.54287385418451,32.74180146308174"
"420,669022,""Gore, MacKenzie"",2168,19.4,0.235,0.235,0.266,0.471,0.323,0.269,0.206,24,102,86.1,20.3,2154,90.4,91.28,71,229,191,0.8999999999999915,6.82,107,152,116,146,304,329,297,""0.706"",""-0.706"",""70.2"",""7.2"",""2.987927832"",111,72,14,3,0,7,32,28.8,4,3.6,""2.07"",""0.76"",""0.48"",""-0.48"",""91.7"",159,37.5,9.722222222222223,6.306306306306306,5.64,1.75,0.02,2.34,0.282,7,""-0.168095238"",0.256,0.36,""0.168095238"",0.029,0.025999999999999968,0.111,0.054,31,""47.8"",6.352093882029658,2.2208899839994345,30.973170219684455,0.48,37.03647906093933,28.412817728184866"
"409,669373,""Skubal, Tarik"",1517,27,0.19,0.11,0.258,0.3,0.247,0.261,0.192,19,100,84.5,15.9,2142,92.3,92.52,75,214,195,0.20000000000000284,6.35,109,153,119,147,304,328,287,""7.626"",""-7.626"",""70.2"",""7.2"",""3.620557715"",109,69,12,5,0,2,32,29.4,7,6.4,""1.85"",""0.85"",""0.52"",""-0.52"",""90.7"",181,28.985507246376812,8.695652173913043,5.5045871559633035,6.13,1.89,0.19,2.45,0.25,6,""-1.864547677"",0.252,0.336,""1.864547677"",-0.002,-0.0020000000000000018,-0.036,-0.014,35,""47.7"",8.780500990616263,0.5523336297523876,31.875432582748616,0.4449760765550239,38.09114114704211,28.31465118122504"
"407,687562,""Bennett, Jake"",1076,37.8,0.231,0.116,0.253,0.347,0.268,0.301,0.25,28,121,85.4,14.7,2068,88.1,89.49,47,216,191,1.4000000000000057,7.13,106,153,121,147,300,318,293,""4.071"",""-4.071"",""69.2"",""7.2"",""4.641553876"",128,104,20,5,0,3,19,14.8,3,2.3,""2.42"",""0.55"",""0.93"",""-0.93"",""91.9"",163,38.46153846153847,5.769230769230769,4.6875,5.67,3.08,0.26,2.24,0.262,6,""-1.0002457"",0.28,0.415,""1.0002457"",-0.019,-0.018000000000000016,-0.068,-0.033,21.8,""31.8"",8.580529050229863,0.036863986166910445,32.02904964405284,0.45754716981132076,38.37056758398234,31.336289437445505"
"406,641743,""Kay, Anthony"",2066,19.7,0.233,0.186,0.246,0.419,0.352,0.349,0.243,20,86,85.1,9.9,2290,89.8,88.97,54,199,207,-0.7999999999999972,5.84,102,152,119,144,299,328,290,""-3.805"",""3.805"",""71.1"",""7.4"",""2.035105008"",105,70,12,4,0,4,17,16.2,12,11.4,""2.46"",""0.4"",""0.27"",""-0.27"",""92.5"",135,42.857142857142854,11.428571428571429,7.6190476190476195,5.68,2.41,-0.18,2.19,0.365,8,""0.937192118"",0.375,0.395,""-0.937192118"",-0.01,-0.010000000000000009,0.024,0.003,27.1,""34.1"",9.348437417673333,-3.859537320683482,31.17185625895922,0.4642857142857143,34.80233808140886,30.539105778604068"
"406,607536,""Freeland, Kyle"",1845,22,0.247,0.258,0.263,0.505,0.336,0.333,0.269,24,97,90.6,12.1,2242,87.6,88.55,44,196,210,1,6.61,105,152,115,146,306,329,292,""1.353"",""-1.353"",""70.5"",""7.3"",""3.071167757"",104,80,9,9,2,4,18,17.3,5,4.8,""2.48"",""0.48"",""0.41"",""-0.41"",""92.6"",156,48.75,10,7.6923076923076925,5.68,2.72,0.05,2.29,0.288,8,""-0.333251232"",0.308,0.467,""0.333251232"",-0.022,-0.020000000000000018,0.038,0.003,22.4,""25.4"",9.012008469120344,-3.1606792468511076,32.964806184133884,0.5284974093264249,35.55407572758659,29.962433362070062"
"406,592662,""Ray, Robbie"",2154,18.8,0.242,0.132,0.299,0.374,0.323,0.313,0.238,22,91,88.6,17.8,2066,87.9,88.06,45,193,213,0.19999999999998863,6.27,106,152,121,147,301,324,292,""0.254"",""-0.254"",""70.8"",""7.4"",""3.686721315"",105,69,14,6,0,2,22,21,13,12.4,""2.28"",""0.69"",""0.65"",""-0.65"",""91.3"",163,34.78260869565217,5.797101449275362,3.8095238095238098,6.04,2.71,0.22,2.16,0.343,4,""-0.062561576"",0.34,0.353,""0.062561576"",0.004,0.0030000000000000027,0.021,0.01,23.3,""43.0"",9.284660560509653,-1.3379790572307584,32.907676419624764,0.45108695652173914,37.75286776080432,30.628009131995455"
"401,669432,""Rogers, Trevor"",1877,21.4,0.245,0.122,0.306,0.367,0.283,0.288,0.243,24,98,91.9,15.7,2193,89.1,89.83,55,227,174,0.7000000000000028,6.75,105,152,118,144,306,328,294,""3.568"",""-3.568"",""70.7"",""7.4"",""2.570371087"",106,74,17,4,1,2,26,24.5,6,5.7,""2.14"",""0.77"",""0.66"",""-0.66"",""92.1"",163,45.83333333333333,6.944444444444445,4.716981132075472,5.76,2.19,0.03,2.25,0.283,5,""-0.889775561"",0.288,0.365,""0.889775561"",0.002,-0.0050000000000000044,0.002,-0.005,24.2,""23.1"",10.583980802836694,-0.70359404803914,32.834619815579565,0.5377777777777778,36.73674258271563,30.789472327980096"
"401,801139,""Tolle, Payton"",1626,24.7,0.242,0.232,0.367,0.474,0.331,0.26,0.195,23,95,89,15.3,2250,93,94.89,74,237,164,1.9000000000000057,7.3,104,151,120,145,294,319,291,""-0.325"",""0.325"",""70.6"",""7.1"",""2.351596622"",102,54,12,5,1,5,41,40.2,6,5.9,""1.79"",""0.85"",""0.56"",""-0.56"",""90.6"",186,40.74074074074074,12.962962962962962,6.862745098039216,5.48,2.71,0.04,2.51,0.294,7,""0.081047382"",0.25,0.343,""-0.081047382"",0.047,0.043999999999999984,0.131,0.071,31.2,""27.6"",6.463952144600236,3.4119355492182706,31.548758953071456,0.4444444444444444,35.491240170226355,27.05343412108306"
"398,672282,""Detmers, Reid"",2132,18.7,0.247,0.271,0.3,0.518,0.347,0.347,0.251,21,85,92.2,19.7,2232,87.3,87.16,54,190,208,-0.09999999999999432,6.37,111,151,121,148,310,329,300,""-2.271"",""2.271"",""69.9"",""7.3"",""3.186149024"",91,56,11,3,1,6,29,31.9,6,6.6,""2.62"",""0.48"",""0.22"",""-0.22"",""92.5"",183,42.857142857142854,16.071428571428573,9.89010989010989,6.02,1.92,-0.03,2.31,0.297,9,""0.570603015"",0.3,0.513,""-0.570603015"",-0.004,-0.0030000000000000027,0.005,0,28.4,""41.0"",10.139671058735143,-2.408421036453076,30.909956812680175,0.543010752688172,36.246689881189795,30.86921242595059"
"398,664285,""Valdez, Framber"",2028,19.6,0.278,0.093,0.321,0.371,0.326,0.32,0.268,27,97,90.2,3,2307,87.2,86.29,32,185,213,-0.9000000000000057,5.72,105,151,118,147,305,326,286,""0.428"",""-0.428"",""70.3"",""7.1"",""2.554636459"",110,80,22,3,0,2,18,16.4,9,8.2,""3.19"",""-0.13"",""0.33"",""-0.33"",""93.1"",117,48.75,3.75,2.727272727272727,5.95,0.89,-0.15,2.05,0.355,3,""-0.107537688"",0.346,0.367,""0.107537688"",0.01,0.009000000000000008,0.004,0.006,17.3,""43.4"",8.21864884877967,-1.4486580374955946,33.080348059060135,0.4918032786885246,35.39833277311962,30.82968078831837"
"397,656849,""Peterson, David"",1743,22.8,0.256,0.14,0.282,0.395,0.332,0.356,0.277,22,86,86.6,8.2,2045,88.9,90.58,35,175,222,1.6999999999999886,7.1,109,153,123,149,306,321,293,""-1.955"",""1.955"",""71.1"",""7.3"",""1.879986499"",100,73,14,6,0,2,14,14,13,13,""2.36"",""0.53"",""0.59"",""-0.59"",""92.0"",154,41.0958904109589,5.47945205479452,4,6.12,1.37,0.25,2.37,0.35,4,""0.492443325"",0.369,0.441,""-0.492443325"",-0.021,-0.019000000000000017,-0.046,-0.024,20,""40.1"",8.251636166354691,-0.534005030276221,32.71575117117815,0.4647058823529412,36.83505555826362,28.56613749766168"
"397,684007,""Imanaga, Shota"",2075,19.1,0.269,0.075,0.333,0.344,0.281,0.293,0.261,25,93,89.2,18,1971,85.5,85.44,53,214,183,-0.09999999999999432,6.2,108,154,122,150,306,324,293,""3.961"",""-3.961"",""71.5"",""7.5"",""3.685318788"",96,71,22,1,0,2,22,22.9,3,3.1,""2.44"",""0.71"",""0.64"",""-0.64"",""91.5"",145,35.2112676056338,4.225352112676056,3.125,5.43,1.3,0.09,2.38,0.292,3,""-0.997732997"",0.284,0.391,""0.997732997"",0.008,0.008000000000000007,-0.047,-0.012,24.8,""36.8"",12.84622741473794,-6.968891016384695,32.67333541150317,0.49523809523809526,36.913268348765406,33.98661727776774"
"395,519242,""Sale, Chris"",1970,20.1,0.169,0.079,0.245,0.247,0.208,0.247,0.201,15,89,91.9,18.6,2412,88.7,88.93,74,208,187,0.20000000000000284,6.51,109,151,125,148,310,325,295,""8.546"",""-8.546"",""69.4"",""7.3"",""3.776796398"",94,55,12,1,0,2,34,36.2,4,4.3,""2.7"",""0.27"",""0.29"",""-0.29"",""92.3"",158,45.45454545454545,7.2727272727272725,4.25531914893617,4.85,2.94,-0.13,2.19,0.213,4,""-2.163544304"",0.243,0.317,""2.163544304"",-0.032,-0.03,-0.07,-0.039,35.6,""11.6"",9.502821131278475,-1.460585406584404,33.3083527736196,0.47058823529411764,35.85893440942036,29.99660166649177"
"377,669461,""Liberatore, Matthew"",1915,19.7,0.275,0.132,0.354,0.407,0.324,0.27,0.218,25,91,88,20.3,2408,88.1,88.19,47,181,196,0.10000000000000853,6.3,105,152,116,146,311,319,293,""1.347"",""-1.347"",""71.5"",""7.6"",""4.305779287"",100,67,17,6,0,2,25,25,6,6,""2.62"",""0.34"",""0.16"",""-0.16"",""92.0"",163,35.82089552238806,2.9850746268656714,2,6.5,0.73,-0.07,2.18,0.33,2,""-0.35729443"",0.279,0.329,""0.35729443"",0.057,0.05099999999999999,0.078,0.054,26,""45.3"",10.94056870612305,-7.544700605512569,33.95864574430885,0.4915254237288136,35.03710247726912,32.795003252944845"
"374,674841,""Alvarez, Andrew"",1163,32.2,0.227,0.034,0.27,0.261,0.281,0.31,0.237,20,88,86,9,2468,87.2,87.47,44,172,202,0.29999999999999716,6.27,102,150,117,147,305,329,301,""3.268"",""-3.268"",""69.6"",""7.4"",""6.090497757"",105,74,17,3,0,0,16,15.2,12,11.4,""2.89"",""0.12"",""0.01"",""-0.01"",""92.1"",144,35.13513513513514,4.054054054054054,2.857142857142857,6.42,1.29,-0.19,2.02,0.333,3,""-0.873796791"",0.347,0.327,""0.873796791"",-0.01,-0.013999999999999957,-0.066,-0.029,25.6,""48.3"",9.969089353495136,-3.068549517330278,32.81894770755796,0.5059523809523809,34.164726957461816,32.20911334309783"
"370,702273,""Schultz, Noah"",1147,32.3,0.291,0.163,0.333,0.453,0.354,0.375,0.304,25,86,89.8,13.2,2446,90.6,90.87,39,188,182,0.30000000000001137,6.33,101,151,118,144,301,330,294,""-5.172"",""5.172"",""70.3"",""7.2"",""2.061831776"",95,68,19,2,0,4,19,20,5,5.3,""2.29"",""0.49"",""0.54"",""-0.54"",""92.4"",158,47.05882352941176,8.823529411764707,6.315789473684211,5.82,2.17,0.07,2.35,0.351,6,""1.397837838"",0.363,0.503,""-1.397837838"",-0.013,-0.01200000000000001,-0.05,-0.021,20.7,""21.6"",8.383894671630287,-0.7914380066680999,31.844102695957083,0.43783783783783786,36.943624903393655,29.58824946585547"
"341,688107,""Gasser, Robert"",1114,30.6,0.315,0.202,0.338,0.517,0.382,0.387,0.329,28,89,88.9,19.4,2265,88.6,89.53,27,170,171,0.9000000000000057,6.89,108,153,121,149,302,324,298,""-4.995"",""4.995"",""71.0"",""7.3"",""4.262525342"",97,76,18,6,0,4,14,14.4,5,5.2,""2.28"",""0.65"",""0.25"",""-0.25"",""91.7"",167,38.15789473684211,5.263157894736842,4.123711340206185,5.05,2.8,0.06,2.24,0.365,4,""1.464809384"",0.378,0.513,""-1.464809384"",-0.014,-0.013000000000000012,0.004,-0.005,15.9,""23.9"",8.503134404710988,-4.837639466428387,34.365037960651726,0.5696969696969697,35.97699024224044,30.57986708719346"
"338,682052,""Lopez, Jacob"",1413,23.9,0.254,0.149,0.349,0.403,0.347,0.258,0.165,17,67,85,28.6,2299,84.1,85.18,52,157,181,1.1000000000000085,6.97,104,150,117,146,304,321,289,""-2.795"",""2.795"",""69.1"",""7.3"",""3.438920455"",79,45,11,4,0,2,22,27.8,9,11.4,""2.65"",""0.63"",""0.31"",""-0.31"",""90.3"",171,26.666666666666668,6.666666666666667,3.79746835443038,5.07,3.55,0.26,2.45,0.367,3,""0.826923077"",0.292,0.25,""-0.826923077"",0.089,0.07500000000000001,0.153,0.089,33.1,""18.1"",13.477806186634112,-3.8043690695651753,31.44427102780332,0.43312101910828027,38.00981185524219,33.89083114662633"
"331,671737,""Bradley, Taj"",2242,14.8,0.227,0.107,0.3,0.333,0.287,0.286,0.232,17,75,90.4,14.8,2247,93,93.39,35,163,168,0.4000000000000057,6.44,106,152,117,144,294,329,295,""1.507"",""-1.507"",""70.2"",""7.4"",""3.334284276"",83,52,13,2,0,2,23,27.7,7,8.4,""1.96"",""0.69"",""0.13"",""0.13"",""91.8"",162,48.07692307692308,1.9230769230769231,1.2048192771084338,6.17,-1.13,0.14,2.28,0.301,1,""-0.455287009"",0.306,0.331,""0.455287009"",-0.005,-0.0050000000000000044,0.002,0.001,21.5,""55.9"",9.73389104575553,-1.2667625853628277,30.351642732954115,0.5679012345679012,37.33976343915684,28.941321906189092"
"320,663567,""Lambert, Peter"",1890,16.9,0.257,0.081,0.36,0.338,0.303,0.257,0.188,19,74,86.6,21.1,2299,89.5,89.21,40,156,164,-0.29999999999999716,6.2,108,152,116,147,301,324,286,""0.099"",""-0.099"",""69.9"",""7.3"",""2.892166978"",82,51,15,3,0,1,23,28,6,7.3,""2.1"",""0.78"",""0.24"",""0.24"",""90.9"",149,29.411764705882355,5.88235294117647,3.6585365853658534,5.96,-2.48,0.16,2.34,0.329,3,""-0.0309375"",0.267,0.298,""0.0309375"",0.069,0.062,0.04,0.046,25.6,""48.2"",9.021685896286867,-3.1859200060891126,29.939059616285046,0.5369127516778524,36.40837986459845,31.23687830467901"
"317,592332,""Gausman, Kevin"",2238,14.2,0.278,0.056,0.377,0.333,0.3,0.337,0.285,20,72,85.5,18.4,2093,89.6,90.44,43,162,155,0.8000000000000114,6.84,105,151,118,147,298,321,291,""1.582"",""-1.582"",""69.8"",""7.3"",""4.089783977"",81,56,17,2,1,0,19,23.5,6,7.4,""1.95"",""0.92"",""0.79"",""0.79"",""92.1"",171,44.642857142857146,5.357142857142857,3.7037037037037033,5.72,-2.45,0.01,1.93,0.333,3,""-0.499053628"",0.34,0.431,""0.499053628"",-0.007,-0.007000000000000006,-0.098,-0.037,26.5,""37.7"",8.048855544554883,-5.995966848810246,31.858204664313398,0.3741935483870968,34.4102791659324,31.48820871943162"
"307,680736,""Wrobleski, Justin"",1795,17.1,0.278,0.361,0.283,0.639,0.416,0.372,0.276,20,72,86.3,18.3,2325,90.6,89.49,28,150,157,-1.0999999999999943,5.5,105,153,121,148,301,316,288,""-8.584"",""8.584"",""70.9"",""7.1"",""2.234599605"",81,54,8,5,0,7,19,23.5,8,9.9,""2.04"",""0.76"",""0.39"",""-0.39"",""91.9"",189,37.03703703703704,12.962962962962962,8.641975308641975,5.56,2.28,0.11,2.51,0.35,7,""2.796091205"",0.349,0.517,""-2.796091205"",0.002,0.0010000000000000009,0.122,0.044,18.7,""34.6"",5.934315672288321,2.6399491945287146,31.173962908217373,0.4527027027027027,36.50408527138939,26.987311566966493"
"303,645261,""Alcantara, Sandy"",2467,12.3,0.253,0.152,0.288,0.405,0.308,0.285,0.244,20,79,87.9,10.5,2230,92.6,91.96,36,153,150,-0.5999999999999943,6.03,112,152,118,146,307,327,290,""1.625"",""-1.625"",""69.9"",""7.3"",""3.239710775"",84,62,14,3,0,3,17,20.2,4,4.8,""2.16"",""0.54"",""0.6"",""0.6"",""92.3"",142,45.16129032258064,4.838709677419355,3.571428571428571,5.91,-1.96,0.16,2.28,0.298,3,""-0.53630363"",0.289,0.359,""0.53630363"",0.009,0.009000000000000008,0.046,0.023,23.5,""32.7"",7.838901364939213,-0.5585714917372921,32.868727041260875,0.47058823529411764,35.48790673186488,29.239327027855598"
"300,683352,""Bratt, Mitch"",466,64.4,0.197,0.115,0.222,0.311,0.309,0.311,0.195,12,61,86.5,26.9,2262,86.8,86.75,23,137,163,-0.09999999999999432,6.16,109,149,119,147,299,323,285,""0.616"",""-0.616"",""70.6"",""7.1"",""1.600301501"",77,48,9,1,0,2,14,18.2,14,18.2,""2.36"",""0.69"",""0.09"",""-0.09"",""91.1"",172,41.66666666666667,6.25,3.896103896103896,5.55,2.3,-0.02,2.6,0.355,3,""-0.205333333"",0.354,0.324,""0.205333333"",0.002,0.0010000000000000009,-0.013,-0.002,16.8,""35.4"",8.134666085140113,-0.4159414219318313,30.37570359216669,0.5074626865671642,34.68230740820732,30.29420483109002"
"299,663776,""Sandoval, Patrick"",406,73.6,0.247,0.096,0.309,0.342,0.295,0.305,0.264,18,73,84.4,16.4,2155,88.3,88.62,42,151,148,0.29999999999999716,6.25,103,153,119,146,292,316,288,""1.437"",""-1.437"",""70.4"",""7.4"",""2.976321483"",82,56,13,4,0,1,18,22,8,9.8,""2.15"",""0.78"",""0.47"",""-0.47"",""91.2"",152,33.92857142857143,1.7857142857142856,1.2195121951219512,5.92,1.36,0.11,2.13,0.317,1,""-0.480602007"",0.333,0.349,""0.480602007"",-0.017,-0.016000000000000014,-0.007,-0.01,27.8,""51.1"",8.23831856689974,-2.7895527795712214,31.125078790780254,0.48,35.82869479610395,31.423258963054465"
"288,657277,""Webb, Logan"",1985,14.5,0.208,0.125,0.22,0.333,0.265,0.319,0.259,15,72,86,3.8,2044,89.2,90.42,32,145,143,1.2000000000000028,6.88,105,150,120,144,303,320,293,""3.87"",""-3.87"",""71.1"",""7.2"",""2.414255332"",79,61,11,1,1,2,12,15.2,5,6.3,""2.71"",""0.15"",""0.49"",""0.49"",""91.4"",135,32.78688524590164,6.557377049180328,5.063291139240507,4.91,-1.67,0.35,2.2,0.266,4,""-1.34375"",0.32,0.395,""1.34375"",-0.051,-0.05399999999999999,-0.062,-0.054,22.1,""21.6"",7.2645047196057115,1.5977466936223403,33.48292672252485,0.5586206896551724,37.372664813772694,28.709718676110178"
"284,804267,""Thornton, Zac"",560,50.7,0.235,0.103,0.259,0.338,0.287,0.316,0.257,16,68,86.7,16,2338,88,87.98,22,140,144,0,6.22,104,152,119,147,303,323,288,""2.504"",""-2.504"",""70.7"",""7.1"",""1.476953693"",77,57,13,1,0,2,13,16.9,6,7.8,""2.13"",""0.83"",""0.11"",""-0.11"",""92.1"",159,33.33333333333333,7.017543859649122,5.194805194805195,6.2,2.47,-0.14,2.42,0.303,4,""-0.881690141"",0.323,0.394,""0.881690141"",-0.022,-0.020000000000000018,-0.056,-0.029,15.7,""51.7"",8.414828464720106,1.4272607391779797,30.502398063154068,0.5182481751824818,33.765952527691184,29.840003751996395"
"282,669467,""Pallante, Andre"",2018,14,0.19,0.048,0.226,0.238,0.225,0.284,0.258,12,63,86.5,4.7,2279,89.9,90.55,25,125,157,0.5999999999999943,6.58,109,151,118,147,310,317,293,""5.098"",""-5.098"",""70.0"",""7.1"",""4.5267938"",68,53,9,3,0,0,10,14.7,5,7.4,""2.55"",""0.3"",""0.12"",""0.12"",""90.8"",126,26.41509433962264,1.8867924528301887,1.4705882352941175,5.94,-1.75,0.11,2.24,0.25,1,""-1.807801418"",0.312,0.318,""1.807801418"",-0.068,-0.062,-0.08,-0.059,20,""55.7"",8.982799107151443,0.7820491503260018,32.53746300298432,0.5241935483870968,36.40704413249262,30.62772942910821"
"272,668909,""Williams, Gavin"",2270,12,0.19,0.207,0.241,0.397,0.271,0.236,0.177,11,58,85.9,10.3,2318,92,93.17,48,147,125,1.2000000000000028,7.04,109,153,121,147,305,326,291,""1.756"",""-1.756"",""66.4"",""7.2"",""5.215286578"",61,33,7,0,0,4,25,41,2,3.3,""2.47"",""0.27"",""-0.08"",""-0.08"",""90.5"",153,48.484848484848484,9.090909090909092,4.918032786885246,5.92,-2.69,0.59,2.31,0.23,3,""-0.645588235"",0.218,0.32,""0.645588235"",0.013,0.01200000000000001,0.077,0.035,32.7,""33.7"",8.89140476520945,-3.769809185464199,31.18137239880813,0.47586206896551725,40.95374576923458,32.22389969317436"
"272,675512,""Melton, Troy"",1162,23.4,0.136,0.015,0.214,0.152,0.167,0.22,0.183,9,66,85.1,12.3,2253,93,94.16,45,133,139,1.2000000000000028,6.83,107,152,121,148,306,329,289,""7.76"",""-7.76"",""69.5"",""7.3"",""2.418191671"",71,42,8,1,0,0,24,33.8,5,7,""1.98"",""0.67"",""0.24"",""0.24"",""91.7"",124,30.952380952380953,2.380952380952381,1.4084507042253522,5.63,-1.67,0.09,2.04,0.197,1,""-2.852941176"",0.241,0.244,""2.852941176"",-0.047,-0.043999999999999984,-0.092,-0.053,33.8,""38.5"",8.974270414820177,-0.7404670855102273,32.74854174856214,0.5378787878787878,36.065699117501794,29.42266605343767"
"272,694297,""Pfaadt, Brandon"",1300,20.9,0.246,0.043,0.279,0.29,0.267,0.275,0.228,17,69,88.6,11.8,2511,89.6,90.07,24,137,135,0.5,6.61,110,150,121,147,309,324,289,""3.527"",""-3.527"",""72.3"",""7.6"",""2.334763097"",74,61,14,3,0,0,8,10.8,4,5.4,""2.22"",""0.64"",""0.38"",""0.38"",""91.6"",139,31.147540983606557,6.557377049180328,5.405405405405405,5.45,-1.95,0.35,2.13,0.297,4,""-1.296691176"",0.28,0.34,""1.296691176"",0.018,0.01699999999999996,-0.05,-0.008,17.5,""27.2"",9.582854926153749,-4.032760374354931,32.35808131454599,0.6030534351145038,37.64098839321304,32.42882001848646"
"271,808967,""Yamamoto, Yoshinobu"",2069,13.1,0.239,0.164,0.265,0.403,0.31,0.258,0.209,16,67,86.7,14.1,2193,91.7,92.36,30,136,135,0.7000000000000028,6.6,108,153,120,148,304,319,290,""-1.717"",""1.717"",""70.5"",""7.3"",""3.186208708"",74,52,11,2,0,3,15,20.3,6,8.1,""2.24"",""0.5"",""0.42"",""0.42"",""91.1"",149,32.69230769230769,5.769230769230769,4.054054054054054,5.4,-1.97,0.08,1.99,0.311,3,""0.633579336"",0.284,0.298,""-0.633579336"",0.03,0.027000000000000024,0.105,0.052,22.1,""40.4"",8.417288807755472,-3.4777800722537777,34.47011071825275,0.5227272727272727,35.34891570346499,31.08958799988365"
"270,672456,""Montero, Keider"",1768,15.3,0.167,0.121,0.196,0.288,0.231,0.244,0.192,11,66,86.2,5.1,2392,90.9,90.97,35,128,142,0.09999999999999432,6.35,105,151,118,147,306,326,288,""4.112"",""-4.112"",""69.2"",""7.1"",""3.438524012"",73,50,7,2,0,2,18,24.7,2,2.7,""2.13"",""0.66"",""0.42"",""0.42"",""91.8"",117,36,6,4.10958904109589,5.86,-2.32,0.19,2.31,0.225,3,""-1.522962963"",0.249,0.294,""1.522962963"",-0.025,-0.023999999999999994,-0.006,-0.013,27.3,""41.6"",8.39250633907879,-3.7209330872519457,32.524196409896405,0.532258064516129,36.586044762902084,29.78537643696776"
"267,676917,""Cavalli, Cade"",2158,12.4,0.293,0.19,0.4,0.483,0.357,0.313,0.244,17,58,87.4,3,2293,91.9,92.21,40,130,137,0.29999999999999716,6.32,106,151,118,149,312,331,300,""-2.288"",""2.288"",""68.1"",""7.3"",""3.862404357"",62,38,12,2,0,3,20,32.3,4,6.5,""2.5"",""0.2"",""-0.13"",""-0.13"",""91.2"",143,39.473684210526315,10.526315789473683,6.451612903225806,6.02,-1.65,0.5,1.97,0.339,4,""0.856928839"",0.293,0.428,""-0.856928839"",0.049,0.04600000000000004,0.055,0.044,30.8,""37.0"",9.229922048611517,1.0734295176064517,33.26197611817921,0.5348837209302325,40.057337113587096,30.474076705849566"
"261,621111,""Buehler, Walker"",1883,13.9,0.264,0.264,0.27,0.528,0.398,0.324,0.196,14,53,84.9,15.1,2237,90.5,91.09,32,106,155,0.5999999999999943,6.55,114,151,120,147,308,327,291,""-4.238"",""4.238"",""67.9"",""6.9"",""2.754527629"",65,42,8,2,0,4,12,18.5,11,16.9,""2.07"",""0.72"",""0.08"",""0.08"",""91.4"",157,40.476190476190474,9.523809523809524,6.153846153846154,5.56,-1.06,0.48,2.29,0.391,4,""1.623754789"",0.335,0.385,""-1.623754789"",0.068,0.055999999999999994,0.143,0.074,30.2,""46.7"",5.4647922277984735,0.9047583311494991,32.18577967553527,0.4117647058823529,38.82024712761801,27.094576102788047"
"261,650633,""King, Michael"",2227,11.7,0.193,0.158,0.243,0.351,0.277,0.264,0.175,11,57,88.1,18.8,2385,88.8,88.16,44,127,134,-0.5999999999999943,5.93,117,152,122,146,304,326,297,""2.978"",""-2.978"",""70.7"",""7.5"",""2.49992028"",63,39,6,3,0,2,18,28.6,5,7.9,""2.34"",""0.59"",""0.42"",""0.42"",""91.6"",153,25.64102564102564,7.6923076923076925,4.761904761904762,5.52,-3.11,0.14,2.43,0.27,3,""-1.140996169"",0.253,0.341,""1.140996169"",0.018,0.017000000000000015,0.01,0.013,34.6,""26.8"",13.025564771232595,-9.916035462729749,30.849698480804587,0.5327868852459017,35.58427551910451,35.00228089099784"
"260,681517,""Leahy, Kyle"",1852,14,0.133,0.133,0.167,0.267,0.169,0.209,0.184,8,60,90.5,17.3,2219,89.5,90.95,36,133,127,1.5,7.16,106,152,117,146,311,317,294,""9.011"",""-9.011"",""69.3"",""7.2"",""2.972618327"",60,38,4,2,0,2,22,36.7,0,0,""2.55"",""0.32"",""-0.01"",""-0.01"",""91.3"",148,44.73684210526316,5.263157894736842,3.3333333333333335,5.56,-1.84,0.34,2.22,0.133,2,""-3.465769231"",0.184,0.305,""3.465769231"",-0.051,-0.05099999999999999,-0.038,-0.04,27.1,""42.8"",6.768142632624293,0.8868550655687178,32.40474748195661,0.5076923076923077,37.06547225498462,29.447917347447238"
"259,682243,""Miller, Bryce"",1183,21.9,0.194,0.177,0.2,0.371,0.267,0.257,0.194,12,62,87.1,15.6,2135,90.2,90.39,32,136,123,0.20000000000000284,6.39,107,152,116,147,296,321,292,""1.512"",""-1.512"",""72.0"",""7.6"",""2.952573893"",66,48,8,0,1,3,14,21.2,4,6.1,""2"",""0.83"",""0.22"",""0.22"",""91.3"",168,31.25,8.333333333333332,6.0606060606060606,5.59,-1.12,0.39,2.06,0.242,4,""-0.583783784"",0.243,0.344,""0.583783784"",0,-0.0010000000000000009,0.027,0.01,23.5,""46.5"",11.450015099006853,-7.461084788141488,31.63286772451586,0.5413533834586466,38.788714709259885,32.54918170575771"
"259,656302,""Cease, Dylan"",2140,12.1,0.148,0.033,0.231,0.18,0.185,0.251,0.21,9,61,86.8,10.5,2582,90.6,90.88,37,121,138,0.30000000000001137,6.4,106,151,115,147,293,314,283,""6.498"",""-6.498"",""69.5"",""7.5"",""3.792436249"",66,39,7,2,0,0,22,33.3,5,7.6,""2.18"",""0.63"",""0.02"",""0.02"",""90.7"",146,33.33333333333333,2.564102564102564,1.5151515151515151,6.16,-1.53,0.32,2.19,0.212,1,""-2.508880309"",0.27,0.287,""2.508880309"",-0.062,-0.058000000000000024,-0.107,-0.066,30.6,""53.0"",8.960612986262998,-3.306979729175967,29.97975777233709,0.453781512605042,38.827013478233965,31.27165136081031"
"258,641778,""Lauer, Eric"",1502,17.2,0.259,0.222,0.239,0.481,0.33,0.337,0.278,14,54,87.3,24.2,2207,87.1,86.67,20,142,116,-0.3999999999999915,5.81,109,153,121,147,299,315,287,""-1.347"",""1.347"",""72.9"",""7.4"",""1.672967153"",58,49,8,3,0,3,6,10.3,3,5.2,""2.31"",""0.71"",""0.32"",""-0.32"",""91.5"",157,32.6530612244898,8.16326530612245,6.896551724137931,6.1,1.65,0.26,2.62,0.293,4,""0.522093023"",0.313,0.477,""-0.522093023"",-0.019,-0.020000000000000018,0.004,-0.007,14.1,""37.8"",10.829251951223306,-4.723348495734679,30.066973004220046,0.5539568345323741,37.211143334126355,31.00379200222357"
"257,543135,""Eovaldi, Nathan"",2007,12.8,0.241,0.293,0.273,0.534,0.356,0.363,0.265,14,58,92.6,18.3,1886,86.9,87.83,50,139,118,0.8999999999999915,6.85,108,153,120,146,297,332,301,""-1.935"",""1.935"",""72.2"",""7.8"",""4.080137735"",64,38,8,0,1,5,20,31.3,4,6.3,""2.87"",""0.21"",""0.42"",""0.42"",""93.4"",154,63.1578947368421,15.789473684210526,9.375,5.69,-2.23,0.29,1.84,0.302,6,""0.752918288"",0.324,0.523,""-0.752918288"",-0.024,-0.02200000000000002,0.011,-0.007,36,""38.2"",14.835410805322754,-11.917037852440899,33.406859246812196,0.44696969696969696,35.96867130498209,35.78160581514801"
"255,687064,""Young, Brandon"",1713,14.9,0.308,0.2,0.37,0.508,0.36,0.333,0.279,20,65,90.9,18.4,2023,89.5,89.79,32,132,123,0.29999999999999716,6.42,107,151,116,144,307,325,291,""-2.102"",""2.102"",""69.2"",""7.2"",""3.839570968"",67,49,13,4,0,3,16,23.9,2,3,""2.19"",""0.69"",""0.36"",""0.36"",""92.1"",154,44.680851063829785,10.638297872340425,7.462686567164178,5.97,-1.47,0.24,2.25,0.328,5,""0.824313725"",0.301,0.478,""-0.824313725"",0.029,0.027000000000000024,0.03,0.027,24.2,""41.8"",9.565930830646067,-0.26094164677327547,29.913156741654298,0.4580152671755725,37.04370745822655,29.69715074054463"
"251,687931,""Whisenhunt, Carson"",394,63.7,0.333,0.333,0.395,0.667,0.449,0.424,0.307,19,57,92,17.5,2135,87,87.5,49,133,118,0.5,6.61,105,152,121,147,300,321,293,""-5.868"",""5.868"",""71.6"",""7.7"",""4.93529066"",66,42,9,5,1,4,16,24.2,8,12.1,""2.27"",""0.76"",""0.9"",""-0.9"",""93.7"",176,59.523809523809526,16.666666666666664,10.606060606060606,6.1,1.91,0.09,2.05,0.409,7,""2.337848606"",0.398,0.594,""-2.337848606"",0.026,0.010999999999999954,0.073,0.025,36.8,""49.3"",15.482615272965313,-14.863652031146895,34.592985140368405,0.4728682170542636,37.40602161382926,37.98055506028713"
"249,607625,""Lugo, Seth"",2157,11.5,0.25,0.1,0.298,0.35,0.296,0.316,0.26,15,60,87.5,8.2,2606,85,84.43,25,114,135,-0.5999999999999943,5.83,106,150,119,146,304,326,285,""0.823"",""-0.823"",""70.6"",""7.5"",""3.901471288"",67,48,11,3,0,1,13,19.4,5,7.5,""2.94"",""0.28"",""-0.15"",""-0.15"",""91.7"",147,43.75,4.166666666666666,2.9850746268656714,5.4,-1.95,0.42,2.23,0.313,2,""-0.330522088"",0.323,0.396,""0.330522088"",-0.01,-0.010000000000000009,-0.046,-0.02,21.9,""26.4"",8.985786418555158,-3.322161722898217,31.55539178768599,0.4732142857142857,39.11762351526649,30.56221003523777"
"248,680694,""Bradish, Kyle"",2110,11.8,0.278,0.148,0.271,0.426,0.317,0.317,0.237,15,54,88.4,11,2407,90.2,90.34,25,120,128,0.09999999999999432,6.42,107,153,117,146,307,325,294,""0.527"",""-0.527"",""67.7"",""7.3"",""6.189462619"",63,50,11,2,0,2,8,12.7,3,4.8,""2.55"",""0.28"",""-0.14"",""-0.14"",""92.3"",149,42.5531914893617,8.51063829787234,6.349206349206349,6.14,-1.32,0.45,1.91,0.317,4,""-0.2125"",0.305,0.387,""0.2125"",0.041,0.01200000000000001,0.039,0,20.8,""51.6"",9.78085225462946,-1.1405282614611856,32.3499434011009,0.5470085470085471,39.86754097611585,30.594266075924235"
"247,680570,""Rodriguez, Grayson"",1026,24.1,0.25,0.288,0.257,0.538,0.383,0.435,0.291,13,52,89.6,10.3,2206,90.1,91.57,30,129,118,1.5,7.19,110,152,120,148,308,326,297,""-2.65"",""2.65"",""70.7"",""7.3"",""4.231781665"",60,39,7,1,1,4,13,21.7,4,6.7,""2.09"",""0.76"",""0.51"",""0.51"",""91.7"",171,46.15384615384615,20.51282051282051,13.333333333333334,5.69,-2.42,0.16,2.29,0.35,8,""1.072874494"",0.386,0.644,""-1.072874494"",-0.041,-0.03600000000000003,-0.106,-0.052,23.3,""39.9"",10.167477599896955,-2.876645085549228,30.84274487021401,0.4765625,35.416023706981285,31.0116332901577"
"245,663556,""McClanahan, Shane"",1547,15.8,0.206,0.079,0.24,0.286,0.25,0.268,0.224,13,63,83.7,8.6,2082,89.3,89.72,40,128,117,0.4000000000000057,6.6,101,151,113,145,304,338,300,""2.588"",""-2.588"",""69.9"",""7.4"",""3.901020214"",68,51,10,2,0,1,12,17.6,4,5.9,""2.32"",""0.57"",""0.72"",""-0.72"",""91.2"",139,33.33333333333333,3.9215686274509802,2.941176470588235,6.22,0.75,0.05,2.2,0.265,2,""-1.056326531"",0.282,0.317,""1.056326531"",-0.018,-0.01699999999999996,-0.031,-0.018,31.3,""39.6"",10.583370330504422,-6.957491991709948,31.09443214455887,0.5772357723577236,36.52393647180944,33.62630441091816"
"243,669302,""Gilbert, Logan"",2166,11.2,0.2,0.167,0.233,0.367,0.272,0.307,0.232,12,60,87,12.5,2037,90.5,92.62,40,127,116,2.0999999999999943,7.54,109,151,114,146,294,324,293,""2.731"",""-2.731"",""72.1"",""7.6"",""3.059733794"",68,46,6,4,0,2,16,23.5,6,8.8,""2.3"",""0.52"",""0.2"",""0.2"",""92.2"",134,39.130434782608695,13.043478260869565,8.823529411764707,5.98,-1.35,0.04,1.85,0.269,6,""-1.123868313"",0.298,0.424,""1.123868313"",-0.032,-0.02899999999999997,-0.057,-0.035,31.5,""41.6"",9.225098475464979,-8.027972392188312,29.440276500657134,0.5772357723577236,35.53264763785098,34.61155436798806"
"242,665152,""Kremer, Dean"",686,35.3,0.259,0.241,0.275,0.5,0.336,0.313,0.245,15,58,85.4,14.4,2171,87.4,87.53,33,118,124,0.09999999999999432,6.23,103,152,118,144,300,324,298,""-1.932"",""1.932"",""70.3"",""7.5"",""4.992775282"",62,44,9,2,0,4,15,24.2,3,4.8,""2.36"",""0.64"",""0.27"",""0.27"",""91.3"",177,36.36363636363637,6.8181818181818175,4.838709677419355,6.07,-1.88,0.56,2.04,0.29,3,""0.798347107"",0.279,0.455,""-0.798347107"",0.014,0.010999999999999954,0.045,0.023,28,""43.5"",13.1669277626425,-4.293820380946006,30.674634584851116,0.5175438596491229,39.132299986864716,33.62208877084223"
"242,680732,""Burke, Sean"",2091,11.6,0.196,0.059,0.3,0.255,0.243,0.25,0.205,10,51,88.6,19.3,2541,90.4,91.39,40,133,109,1,6.8,106,152,118,143,295,329,293,""3.529"",""-3.529"",""68.6"",""7.0"",""2.480984332"",56,31,9,0,0,1,20,35.7,3,5.4,""2.04"",""0.78"",""0.09"",""0.09"",""90.9"",177,25.806451612903224,3.225806451612903,1.7857142857142856,6.2,-1.96,0.21,2.54,0.268,1,""-1.458264463"",0.276,0.274,""1.458264463"",-0.009,-0.008000000000000007,-0.019,-0.007,30.1,""42.7"",7.813155243036,1.4422232657408027,29.95942180925023,0.49624060150375937,36.945049384193126,28.622268933195677"
"241,527048,""Pérez, Martín"",1559,15.5,0.158,0.088,0.17,0.246,0.251,0.295,0.214,9,57,87.1,2,1975,85.2,85.05,23,97,144,-0.10000000000000853,6.07,106,150,123,147,313,324,301,""3.676"",""-3.676"",""73.1"",""7.7"",""2.127121514"",67,48,7,0,1,1,9,13.4,10,14.9,""2.46"",""0.69"",""0.8"",""-0.8"",""92.1"",146,33.33333333333333,2.083333333333333,1.4925373134328357,5.59,1.14,0.25,2.12,0.284,1,""-1.525311203"",0.331,0.308,""1.525311203"",-0.056,-0.04700000000000004,-0.062,-0.044,23.7,""44.7"",11.12790432891271,-4.378928843556795,32.746521527120606,0.5531914893617021,39.288739977134696,31.96217871361492"
"240,805673,""Matthews, Zebby"",1386,17.3,0.264,0.321,0.25,0.585,0.39,0.385,0.292,14,53,89.5,12.7,2333,90.5,90.8,28,117,123,0.29999999999999716,6.38,103,148,114,144,298,329,291,""-3.204"",""3.204"",""69.6"",""7.1"",""3.810720753"",61,44,6,3,1,4,10,16.4,6,9.8,""2.18"",""0.63"",""0.24"",""0.24"",""91.9"",150,45.45454545454545,13.636363636363635,9.836065573770492,5.85,-2.27,0.13,2.01,0.344,6,""1.335"",0.378,0.508,""-1.335"",-0.028,-0.03400000000000003,0.077,0.005,23.9,""38.2"",8.259342808011034,-2.8708116448116483,33.15212502282165,0.47413793103448276,36.73625721991676,29.570769310874496"
"240,677958,""Rocker, Kumar"",1846,13,0.227,0.258,0.262,0.485,0.313,0.245,0.193,15,66,85.4,15,2142,88.6,89.54,39,126,114,0.9000000000000057,6.75,104,152,117,146,300,331,298,""1.707"",""-1.707"",""68.3"",""7.5"",""4.369284041"",70,46,7,3,1,4,21,30,2,2.9,""2.66"",""0.26"",""0.51"",""0.51"",""91.5"",136,30.434782608695656,6.521739130434782,4.285714285714286,5.91,-2.15,0.08,2.18,0.257,3,""-0.71125"",0.231,0.329,""0.71125"",0.034,0.025999999999999995,0.156,0.068,31,""34.4"",12.725762157534108,-7.285675842868576,31.661070679410145,0.46774193548387094,35.70865668693838,34.3458426407008"
"239,676664,""Sears, JP"",529,45.2,0.264,0.094,0.333,0.358,0.301,0.299,0.236,14,53,90.5,17.8,1973,88,88.13,24,108,131,0.09999999999999432,6.3,114,153,122,147,306,324,293,""1.557"",""-1.557"",""69.2"",""7.1"",""2.653077681"",58,40,11,2,0,1,13,22.4,4,6.9,""2.41"",""0.56"",""0.76"",""-0.76"",""91.6"",158,46.34146341463415,7.317073170731707,5.172413793103448,4.86,1.19,0.37,2.32,0.316,3,""-0.651464435"",0.289,0.391,""0.651464435"",0.028,0.027000000000000024,-0.033,0.002,22.2,""26.5"",6.151262871724719,2.941861809496104,31.685393498074845,0.39603960396039606,38.27070039730645,29.750898173994333"
"238,677976,""Dobnak, Randy"",616,38.6,0.269,0.135,0.302,0.404,0.345,0.376,0.319,14,52,89.1,5,2177,87.4,86.7,22,101,137,-0.7000000000000028,5.74,110,153,120,148,302,326,285,""-0.686"",""0.686"",""68.7"",""7.6"",""4.50062573"",60,44,9,4,0,1,8,13.3,8,13.3,""2.96"",""0.04"",""0.42"",""0.42"",""94.2"",111,47.72727272727273,4.545454545454546,3.3333333333333335,5.42,-2.05,0.22,1.84,0.367,2,""0.288235294"",0.409,0.44,""-0.288235294"",-0.05,-0.04199999999999998,-0.036,-0.031,21.8,""19.7"",11.89035751335865,-6.721909126973337,34.304928926178995,0.5757575757575758,36.39697723340671,32.229108011554096"
"236,694973,""Skenes, Paul"",2208,10.7,0.327,0.192,0.484,0.519,0.404,0.305,0.236,17,52,86.9,15.2,2142,91.4,92.22,34,119,117,0.7999999999999972,6.82,103,148,118,146,306,322,295,""-3.236"",""3.236"",""68.8"",""7.2"",""3.430726757"",59,33,11,4,0,2,19,32.2,5,8.5,""2.06"",""0.7"",""0.41"",""0.41"",""90.8"",155,39.39393939393939,6.0606060606060606,3.389830508474576,5.57,-2.14,0.15,2.41,0.407,2,""1.371186441"",0.327,0.345,""-1.371186441"",0.091,0.07999999999999996,0.174,0.099,28.6,""26.2"",8.62604127208292,0.93843370084596,29.8571091742728,0.5,37.48917809977805,29.030294719919464"
"235,691587,""Pérez, Eury"",1795,13.1,0.25,0.036,0.326,0.286,0.288,0.285,0.245,14,56,89.9,13.2,2605,93.5,93.9,28,116,119,0.4000000000000057,6.65,110,151,119,145,313,332,294,""1.12"",""-1.12"",""71.5"",""7.5"",""3.385342514"",63,43,12,2,0,0,13,20.6,5,7.9,""1.53"",""1.12"",""0.53"",""0.53"",""92.8"",136,51.162790697674424,2.3255813953488373,1.5873015873015872,5.95,-1.84,0.12,2.2,0.333,1,""-0.476595745"",0.329,0.287,""0.476595745"",0.005,0.0040000000000000036,-0.001,0.003,24.1,""31.2"",10.828268916331925,-4.563820550905541,31.565720196749123,0.5862068965517241,35.87432317243406,32.42193771219016"
"234,642547,""Peralta, Freddy"",2165,10.8,0.364,0.318,0.481,0.682,0.483,0.336,0.256,16,44,84.7,19.2,2414,90.2,90.52,31,108,126,0.29999999999999716,6.5,106,151,121,148,305,325,291,""-7.116"",""7.116"",""69.3"",""7.3"",""3.343029979"",53,31,9,3,1,3,14,26.4,8,15.1,""1.93"",""0.92"",""0.25"",""0.25"",""90.6"",180,38.70967741935484,9.67741935483871,5.660377358490567,5.3,-3.29,0.21,2.2,0.462,3,""3.041025641"",0.37,0.374,""-3.041025641"",0.108,0.09200000000000003,0.308,0.147,28.7,""36.2"",7.9931731179765055,-5.422678547898183,31.474943046242323,0.4672897196261682,35.946086646460124,31.806600157169907"
"232,669456,""Bieber, Shane"",745,31.1,0.333,0.143,0.396,0.476,0.376,0.377,0.322,21,63,87.2,6.1,2406,88.6,89.14,29,108,124,0.5,6.6,108,153,117,147,296,324,291,""-1.897"",""1.897"",""70.8"",""7.6"",""3.85159503"",68,50,16,3,0,2,13,19.1,5,7.4,""2.38"",""0.54"",""0.43"",""0.43"",""92.3"",136,36,6,4.411764705882353,5.61,-1.52,0.4,2.21,0.382,3,""0.817672414"",0.372,0.494,""-0.817672414"",0.011,0.010000000000000009,-0.018,-0.001,26.9,""39.2"",10.504985919644934,-1.5646360165404836,29.086052059722956,0.5294117647058824,40.30931405322015,31.413344981496724"
"230,607067,""Rea, Colin"",2000,11.5,0.25,0.346,0.216,0.596,0.386,0.354,0.243,13,52,86.5,15.7,2147,89.4,90,24,105,125,0.5999999999999943,6.52,108,153,123,150,309,326,296,""-1.431"",""1.431"",""70.9"",""7.4"",""3.159958548"",57,42,5,3,0,5,10,17.5,4,7,""2.36"",""0.5"",""0.2"",""0.2"",""91.0"",180,38.095238095238095,9.523809523809524,7.017543859649122,5.45,-1.63,0.35,2.09,0.316,4,""0.622173913"",0.31,0.518,""-0.622173913"",0.007,0.006000000000000005,0.078,0.032,22.9,""28.7"",7.8383925314858995,-1.298312687969176,31.913828284031833,0.44,38.8140647298762,30.25189268830126"
"229,641816,""Mahle, Tyler"",1672,13.7,0.226,0.094,0.268,0.321,0.285,0.302,0.234,12,53,91.1,12.1,2256,90.1,90.92,20,99,130,0.8000000000000114,6.66,109,153,120,148,303,323,298,""2.143"",""-2.143"",""70.3"",""7.1"",""3.386854955"",60,43,9,2,0,1,11,18.3,5,8.3,""1.87"",""0.93"",""0.48"",""0.48"",""92.4"",167,41.86046511627907,4.651162790697675,3.3333333333333335,5.54,-1.82,0.5,2.32,0.305,2,""-0.93580786"",0.312,0.365,""0.93580786"",-0.008,-0.007000000000000006,-0.044,-0.017,20.2,""43.2"",8.606426222732482,4.271472477575329,29.668373302567318,0.5473684210526316,39.22860519517015,28.79542223376675"
"228,554430,""Wheeler, Zack"",1762,12.9,0.241,0.19,0.324,0.431,0.295,0.169,0.15,14,58,79.8,13.8,2413,89.7,91.01,38,113,115,1.2999999999999972,7.09,109,151,119,145,298,323,286,""2.082"",""-2.082"",""67.8"",""7.2"",""4.363873803"",61,37,10,0,1,3,22,36.1,2,3.3,""2.37"",""0.51"",""0.43"",""0.43"",""90.8"",140,18.91891891891892,0,0,4.93,-1.82,-0.05,2.12,0.262,0,""-0.913157895"",0.178,0.196,""0.913157895"",0.091,0.08400000000000002,0.235,0.126,33.6,""21.4"",9.007234900856332,-2.4013882566014035,34.90706799486654,0.34545454545454546,35.81934578338994,30.06640737912139"
"228,608379,""Wacha, Michael"",2165,10.5,0.218,0.364,0.158,0.582,0.347,0.395,0.3,12,55,93.7,18.3,1981,87.6,88.6,22,112,116,1,6.76,110,153,120,147,303,326,287,""-1.426"",""1.426"",""70.8"",""7.2"",""3.414587575"",59,44,4,2,0,6,12,20.3,2,3.4,""2.26"",""0.74"",""0.39"",""0.39"",""92.8"",196,61.36363636363637,15.909090909090908,11.864406779661017,6.57,-2.03,0.1,2.39,0.254,7,""0.625438596"",0.331,0.616,""-0.625438596"",-0.082,-0.07700000000000001,-0.034,-0.048,19.6,""53.7"",7.877356709347718,-0.04764583041041559,32.16729982541499,0.45535714285714285,37.16890807619229,29.052170878107784"
"226,663436,""Martin, Davis"",2000,11.3,0.255,0.091,0.289,0.345,0.292,0.333,0.268,14,55,87.9,17.2,2534,89.6,89.85,19,124,102,0.20000000000000284,6.36,101,151,119,144,298,328,290,""1.487"",""-1.487"",""69.4"",""7.2"",""4.316000922"",60,47,11,2,0,1,9,15,2,3.3,""2.51"",""0.35"",""0.16"",""0.16"",""91.9"",155,40.42553191489361,6.382978723404255,5,5.81,-2.08,0.3,2.13,0.305,3,""-0.657964602"",0.318,0.447,""0.657964602"",-0.013,-0.013000000000000012,-0.102,-0.041,15.3,""35.6"",7.788451402468206,0.33051491751462625,32.81743713377797,0.5241935483870968,37.42093169378413,29.438893464974374"
"225,664299,""Javier, Cristian"",566,39.8,0.294,0.235,0.353,0.529,0.375,0.366,0.284,15,51,90.9,27.8,2319,89.3,89.01,42,129,96,-0.29999999999999716,6.17,104,148,115,143,299,325,290,""-1.395"",""1.395"",""71.3"",""7.4"",""4.099037369"",57,37,10,1,1,3,15,26.3,5,8.8,""1.84"",""1.05"",""-0.05"",""-0.05"",""91.3"",188,48.64864864864865,8.108108108108109,5.263157894736842,5.54,-1.8,0.26,2.61,0.351,3,""0.62"",0.348,0.498,""-0.62"",0.01,0.0030000000000000027,0.031,0.009,32.6,""36.1"",10.207321619881837,-4.022974806004876,28.472505981512874,0.6062992125984252,38.76951162667494,31.36402619043094"
"224,670950,""Richards, Trevor"",831,27,0.375,0.188,0.472,0.563,0.436,0.287,0.224,18,48,84.9,19.2,2308,88.2,88.59,25,99,125,0.3999999999999915,6.52,107,152,120,145,297,327,294,""-6.056"",""6.056"",""69.3"",""7.4"",""6.806702941"",55,38,12,4,1,1,11,20,6,10.9,""1.92"",""1.04"",""0.54"",""0.54"",""92.3"",197,26.31578947368421,5.263157894736842,3.6363636363636362,6.27,-2.34,0.15,2.18,0.444,2,""2.703571429"",0.31,0.323,""-2.703571429"",0.151,0.134,0.24,0.149,25.3,""52.7"",11.15560639271213,-8.437351359076827,30.575702806125513,0.4489795918367347,35.94188940944789,33.858832837375324"
"223,518876,""Kelly, Merrill"",1927,11.6,0.229,0.063,0.303,0.292,0.296,0.339,0.243,11,48,95.6,8.4,2315,90,89.79,30,106,117,-0.20000000000000284,6.2,109,150,120,148,308,326,289,""1.903"",""-1.903"",""71.7"",""7.6"",""2.135070139"",56,34,10,0,0,1,14,25,7,12.5,""2.33"",""0.49"",""0.67"",""0.67"",""93.4"",134,52.94117647058824,11.76470588235294,7.142857142857142,5.35,-1.85,0.21,1.85,0.339,4,""-0.853363229"",0.351,0.412,""0.853363229"",-0.014,-0.011999999999999955,-0.12,-0.043,28.3,""23.0"",9.337182991231753,-6.965239460786983,34.202545406813634,0.5196078431372549,36.87468116153991,33.12271654898666"
"222,700712,""Ureña, Walbert"",1746,12.7,0.143,0,0.207,0.143,0.22,0.265,0.184,6,42,85.7,6.9,2170,94.5,94.14,28,108,114,-0.4000000000000057,6.18,107,151,119,148,310,325,297,""4.614"",""-4.614"",""71.8"",""7.5"",""2.696487728"",50,29,6,0,0,0,13,26,6,12,""2.08"",""0.5"",""0.73"",""0.73"",""91.5"",110,27.586206896551722,0,0,6.34,-1.14,0.02,1.92,0.28,0,""-2.078378378"",0.315,0.236,""2.078378378"",-0.041,-0.034999999999999976,-0.093,-0.045,25.9,""44.7"",8.488384061226524,-3.845292596187099,31.821193903752494,0.6,34.48308734406458,31.716455967587194"
"222,605488,""Springs, Jeffrey"",1875,11.8,0.3,0.24,0.308,0.54,0.395,0.383,0.3,15,50,87.3,20,1888,85.7,86.09,27,105,117,0.3999999999999915,6.44,107,151,117,147,301,327,290,""-2.934"",""2.934"",""69.4"",""7.6"",""3.111554574"",56,42,9,3,0,3,8,14.3,6,10.7,""2.3"",""0.83"",""0.61"",""-0.61"",""92.0"",185,38.095238095238095,7.142857142857142,5.357142857142857,6.08,2.25,0.17,2.39,0.375,3,""1.321621622"",0.375,0.51,""-1.321621622"",0,0,0.03,0.012,25.7,""47.3"",12.851368662970586,-7.262385550820385,31.616429768924906,0.6039603960396039,38.96168075430799,34.19914990832088"
"221,694738,""Roupp, Landen"",2194,10.1,0.189,0.113,0.195,0.302,0.261,0.315,0.238,10,53,82.6,11.7,2433,86.4,86.48,23,98,123,0.09999999999999432,6.29,106,152,120,148,303,319,292,""0.171"",""-0.171"",""68.4"",""7.3"",""3.504705099"",59,43,8,0,0,2,10,16.9,6,10.2,""3.19"",""-0.07"",""0.07"",""0.07"",""90.2"",138,18.6046511627907,6.976744186046512,5.084745762711865,5.36,-1.24,0.33,2,0.271,3,""-0.077375566"",0.315,0.401,""0.077375566"",-0.049,-0.043999999999999984,-0.099,-0.054,23.5,""24.4"",10.036261046544137,-7.229365485408987,32.3902057850191,0.5789473684210527,37.176642168067396,33.45225511061729"
"221,663372,""Feltner, Ryan"",1335,16.6,0.333,0.386,0.342,0.719,0.457,0.35,0.243,19,57,87.3,11.9,2390,90.6,91.67,30,117,104,1.1000000000000085,6.63,104,151,116,145,306,332,294,""-10.421"",""10.421"",""70.6"",""7.3"",""2.45027705"",60,44,9,4,0,6,13,21.7,3,5,""2.24"",""0.53"",""0.06"",""0.06"",""92.1"",163,45.45454545454545,15.909090909090908,11.666666666666666,5.54,-1.67,0.05,2.37,0.367,7,""4.715384615"",0.281,0.549,""-4.715384615"",0.09,0.08599999999999997,0.17,0.107,25.6,""44.3"",9.139393937861945,0.8464541907672211,31.962777914869154,0.5175438596491229,35.66167733706058,29.692860390354245"
"220,669358,""Baz, Shane"",2216,9.9,0.228,0.07,0.295,0.298,0.252,0.272,0.247,13,57,90,8,2386,91.1,91.72,33,108,112,0.6000000000000085,6.6,104,150,116,143,310,328,296,""3.358"",""-3.358"",""70.1"",""7.1"",""3.792593562"",60,44,9,4,0,0,13,21.7,3,5,""2.32"",""0.44"",""0.24"",""0.24"",""91.7"",149,36.36363636363637,2.272727272727273,1.6666666666666667,5.73,-1.21,0.25,2.1,0.267,1,""-1.526363636"",0.285,0.334,""1.526363636"",-0.019,-0.01799999999999996,-0.036,-0.02,30.6,""38.0"",8.120349784480217,0.258416593237381,30.954207856051543,0.5327102803738317,36.762035867944235,29.523160507811117"
"220,543037,""Cole, Gerrit"",1248,17.6,0.246,0.131,0.326,0.377,0.282,0.292,0.258,15,61,92.2,17.2,2391,93.4,93.19,20,104,116,-0.20000000000000284,6.26,108,149,123,148,295,328,294,""1.829"",""-1.829"",""71.4"",""7.4"",""2.254643546"",63,44,9,5,0,1,17,27,2,3.2,""1.83"",""0.82"",""0.35"",""0.35"",""93.0"",174,56.81818181818182,11.363636363636363,7.936507936507936,5.87,-1.97,0.31,2.22,0.27,5,""-0.831363636"",0.281,0.39,""0.831363636"",-0.012,-0.01100000000000001,-0.013,-0.01,19.2,""39.1"",7.073993596892547,1.8471382784424728,30.738019831018427,0.5728155339805825,38.23369112941921,28.589794648247995"
"219,686613,""Brown, Hunter"",1019,21.5,0.146,0.083,0.167,0.229,0.247,0.259,0.161,7,48,80,1.8,2216,93,93.65,22,88,131,0.7000000000000028,6.7,107,151,114,147,297,325,283,""1.604"",""-1.604"",""70.0"",""7.0"",""3.107272584"",57,37,5,1,0,1,11,19.3,7,12.3,""2.09"",""0.57"",""0.56"",""0.56"",""90.2"",106,21.62162162162162,2.7027027027027026,1.7543859649122806,6.1,-2.05,-0.1,2.56,0.281,1,""-0.732420091"",0.293,0.249,""0.732420091"",-0.015,-0.011999999999999955,-0.02,-0.012,25,""53.4"",6.201664357312037,6.226503016428268,30.04510970880557,0.5,33.73724196675707,26.425308649915802"
"218,656550,""Holmes, Grant"",1815,12,0.273,0.073,0.341,0.345,0.287,0.313,0.263,15,55,90.6,17.3,2424,90.5,90.28,31,122,96,-0.20000000000000284,6.03,106,151,124,148,314,322,299,""0.981"",""-0.981"",""70.5"",""7.3"",""3.855403048"",59,44,11,4,0,0,12,20.3,2,3.4,""2.24"",""0.55"",""0.4"",""0.4"",""92.1"",166,36.36363636363637,6.8181818181818175,5.084745762711865,5.84,-2.26,0.15,1.95,0.305,3,""-0.45"",0.303,0.41,""0.45"",0.01,0.0020000000000000018,-0.065,-0.026,25.4,""40.4"",9.192745077698994,-4.646676938382376,34.647926128980714,0.5416666666666666,35.98430666588305,30.826224464959388"
"213,608331,""Fried, Max"",1208,17.6,0.163,0.061,0.267,0.224,0.194,0.184,0.154,8,49,84.2,12.1,2246,89,89.46,33,108,105,0.5,6.47,106,149,124,149,293,323,291,""4.826"",""-4.826"",""67.8"",""7.0"",""2.379323094"",53,30,6,1,1,0,20,37.7,3,5.7,""2.58"",""0.36"",""-0.02"",""0.02"",""90.7"",129,30,0,0,5.89,1.13,-0.12,2.52,0.208,0,""-2.2657277"",0.201,0.194,""2.2657277"",0.009,0.0069999999999999785,0.03,0.01,30.6,""47.6"",7.873855749317215,2.982901919832599,31.364829018739204,0.3942307692307692,35.147816006323495,28.761436217404253"
"213,693645,""Schlittler, Cam"",2292,9.3,0.163,0.102,0.189,0.265,0.223,0.225,0.178,8,49,86.8,15.8,2567,96.6,97.66,18,105,108,1.1000000000000085,6.84,109,149,126,149,296,330,294,""4.272"",""-4.272"",""72.1"",""7.3"",""0.929472766"",53,38,5,2,0,1,11,20.8,3,5.7,""1.52"",""0.93"",""0.49"",""0.49"",""90.4"",142,31.57894736842105,5.263157894736842,3.7735849056603774,6.09,-1.73,0.24,2.63,0.226,2,""-2.005633803"",0.241,0.251,""2.005633803"",-0.015,-0.014999999999999986,0.014,-0.002,17.1,""41.7"",4.353004960170117,7.4304630938555825,27.188073353549804,0.42718446601941745,37.08537210467701,24.351890844821266"
"212,684442,""Drake, Kohl"",325,65.2,0.295,0.182,0.353,0.477,0.375,0.416,0.316,13,44,87.7,19.3,2222,86.5,86.78,23,90,122,0.29999999999999716,6.49,106,149,118,146,306,322,285,""-1.587"",""1.587"",""70.6"",""7.4"",""2.777728817"",52,35,7,5,0,1,10,19.2,5,9.6,""2.31"",""0.77"",""0.69"",""-0.69"",""92.6"",214,51.42857142857142,14.285714285714285,9.615384615384617,5.82,1.42,-0.02,2.33,0.385,5,""0.748584906"",0.403,0.578,""-0.748584906"",-0.021,-0.018000000000000016,-0.101,-0.041,25.6,""39.0"",10.11017470128341,-9.42979307666523,31.913810062781085,0.42528735632183906,36.597859700298955,34.164116488930105"
"211,700241,""McGreevy, Michael"",2033,10.4,0.294,0.196,0.325,0.49,0.331,0.335,0.276,15,51,89.7,12,2278,87.2,88,20,98,113,0.7999999999999972,6.7,108,150,114,145,313,319,293,""-0.837"",""0.837"",""71.8"",""7.3"",""2.946869902"",56,42,9,4,0,2,12,21.4,2,3.6,""2.83"",""0.19"",""0.15"",""0.15"",""92.2"",145,42.857142857142854,11.904761904761903,8.928571428571429,5.7,-2.01,0.17,2.06,0.304,5,""0.396682464"",0.298,0.464,""-0.396682464"",0.018,0.006000000000000005,0.026,-0.004,20.4,""32.2"",8.655488791834625,-2.751433195691406,33.663145287305014,0.4948453608247423,35.73738402358997,32.332213056111925"
"207,594798,""deGrom, Jacob"",1983,10.4,0.333,0.071,0.483,0.405,0.37,0.303,0.248,14,42,84.2,10.1,2533,93.7,94.54,29,108,99,0.7999999999999972,6.74,103,151,118,146,299,331,299,""-1.654"",""1.654"",""70.6"",""7.6"",""3.358267779"",48,29,11,3,0,0,13,27.1,6,12.5,""1.92"",""0.69"",""0.13"",""0.13"",""90.4"",148,31.03448275862069,6.896551724137931,4.166666666666666,5.65,-1.48,0.65,1.98,0.417,2,""0.799033816"",0.342,0.318,""-0.799033816"",0.085,0.07499999999999996,0.087,0.067,26.9,""35.3"",9.398371541613656,-0.15588080014464528,31.151758104818285,0.5188679245283019,40.77441529055714,28.88833628597931"
"206,670970,""Morejon, Adrian"",994,20.7,0.17,0.085,0.269,0.255,0.243,0.25,0.176,8,47,93.2,6.1,1829,96,95.67,42,104,102,-0.29999999999999716,6.21,110,151,119,146,306,321,282,""3.537"",""-3.537"",""68.0"",""7.0"",""2.620586546"",56,27,6,1,0,1,20,35.7,8,14.3,""2.09"",""0.41"",""0.96"",""-0.96"",""91.6"",150,44.44444444444444,3.7037037037037033,1.7857142857142856,5.91,2.54,0.15,2.09,0.304,1,""-1.716990291"",0.308,0.273,""1.716990291"",-0.006,-0.0040000000000000036,-0.018,-0.007,40.4,""41.0"",4.28181237229549,3.368490760367191,31.696635642656215,0.4444444444444444,38.28266801621477,27.542697315844425"
"206,663554,""Mize, Casey"",1395,14.8,0.227,0.205,0.242,0.432,0.302,0.334,0.259,10,44,89.4,20.3,2230,90.8,91.73,28,101,105,0.9000000000000057,6.83,107,150,119,145,309,329,291,""-1.894"",""1.894"",""73.1"",""7.3"",""2.139227732"",51,36,5,3,0,2,11,21.6,4,7.8,""1.96"",""0.82"",""0.36"",""0.36"",""91.6"",161,44.44444444444444,11.11111111111111,7.8431372549019605,5.84,-2.28,0.4,2.2,0.28,4,""0.919417476"",0.319,0.453,""-0.919417476"",-0.032,-0.03899999999999998,-0.021,-0.032,27.7,""44.9"",11.154497268394486,-3.5327664892877726,30.52934109186054,0.6,38.15655876970843,31.57037129263379"
"205,696149,""Chandler, Bubba"",1994,10.3,0.25,0,0.316,0.25,0.267,0.258,0.222,12,48,82.4,6.9,2366,95.3,96.08,18,95,110,0.7999999999999972,6.68,102,149,119,147,312,325,297,""1.798"",""-1.798"",""69.7"",""6.8"",""1.71594924"",53,38,12,0,0,0,10,18.9,5,9.4,""1.61"",""0.91"",""0.56"",""0.56"",""90.3"",155,26.31578947368421,0,0,5.52,-1.41,-0.06,2.67,0.321,0,""-0.877073171"",0.295,0.265,""0.877073171"",0.028,0.026000000000000023,-0.015,0.009,18.9,""39.3"",3.566360737691962,7.413696194747481,30.90293863962601,0.43478260869565216,35.63709802350643,23.55423091991962"
"205,663903,""Singer, Brady"",2077,9.9,0.128,0.021,0.158,0.149,0.184,0.264,0.212,6,47,87.8,7.9,2408,87.9,89.18,28,84,121,1.2999999999999972,6.9,106,153,115,148,301,327,288,""5.779"",""-5.779"",""70.6"",""7.2"",""3.474856813"",54,38,5,1,0,0,10,18.5,5,9.3,""2.49"",""0.46"",""0.47"",""0.47"",""92.2"",132,39.473684210526315,2.631578947368421,1.8518518518518516,5.03,-1.24,0.66,2,0.222,1,""-2.81902439"",0.301,0.269,""2.81902439"",-0.084,-0.07899999999999999,-0.12,-0.08,33.3,""22.1"",8.815604126170921,1.7293338109074727,31.437460853750252,0.4523809523809524,40.44179095760221,29.650017556224263"
"205,676879,""Ashby, Aaron"",1180,17.4,0.311,0.089,0.481,0.4,0.356,0.303,0.239,14,45,91.5,3.7,2206,92.1,91.05,31,87,118,-1,5.57,108,151,121,148,303,322,297,""-1.459"",""1.459"",""67.2"",""7.1"",""5.204361479"",51,28,12,1,0,1,17,33.3,6,11.8,""2.76"",""-0.04"",""0.57"",""-0.57"",""92.1"",149,39.285714285714285,7.142857142857142,3.9215686274509802,6.55,0.32,0.06,1.82,0.392,2,""0.711707317"",0.328,0.341,""-0.711707317"",0.072,0.064,0.059,0.053,35.6,""54.3"",5.499684255867345,-0.8077921736036402,34.17574327116114,0.38372093023255816,37.22287421746646,29.265310440559855"
"203,606996,""Hart, Kyle"",750,27.1,0.175,0.05,0.259,0.225,0.227,0.229,0.167,7,40,87.3,-0.1,1984,89.4,89.35,25,89,114,0,6.29,114,153,120,146,303,323,291,""2.842"",""-2.842"",""70.3"",""7.3"",""2.317403154"",46,27,5,2,0,0,14,30.4,5,10.9,""2.53"",""0.35"",""0.49"",""-0.49"",""91.1"",159,25.925925925925924,0,0,5.65,1.88,0.27,1.96,0.261,0,""-1.4"",0.259,0.226,""1.4"",0.008,0.0020000000000000018,-0.001,-0.002,28.1,""38.2"",8.30189994034226,0.33320910350141,35.50962439508327,0.42696629213483145,38.35917794744922,30.603725581139336"
"203,696270,""Johnson, Ryan"",918,22.1,0.25,0.275,0.233,0.525,0.376,0.398,0.291,10,40,89.2,20.9,2352,87.1,87.25,20,88,115,0.10000000000000853,6.28,106,152,121,149,309,327,300,""-1.854"",""1.854"",""69.8"",""7.5"",""2.568525396"",48,33,5,2,0,3,8,16.7,5,10.4,""2.45"",""0.57"",""0.16"",""0.16"",""92.0"",190,42.42424242424242,12.121212121212121,8.333333333333332,5.74,-2.68,0.35,2.16,0.354,4,""0.913300493"",0.389,0.549,""-0.913300493"",-0.041,-0.03500000000000003,-0.024,-0.022,22.7,""21.2"",12.58979732826458,-4.736016744138118,33.06667238925012,0.5697674418604651,38.52130297557119,32.401638804489146"
"202,676106,""Hancock, Emerson"",1914,10.6,0.241,0.111,0.273,0.352,0.264,0.264,0.249,13,54,89,14.2,2393,90.5,90.59,31,110,92,0.09999999999999432,6.21,109,151,120,147,294,322,292,""2.879"",""-2.879"",""69.4"",""7.3"",""4.098050482"",55,45,9,3,0,1,9,16.4,1,1.8,""2.46"",""0.38"",""0.48"",""0.48"",""92.2"",156,40,6.666666666666667,5.454545454545454,5.01,-2.91,-0.04,2.35,0.255,3,""-1.425247525"",0.263,0.344,""1.425247525"",-0.008,-0.008000000000000007,0.008,0,28.2,""11.7"",5.79630494177966,0.6478915793580615,30.90118791115559,0.42592592592592593,35.186189410223946,29.150246347270226"
"201,663687,""Harris, Hogan"",1015,19.8,0.231,0.179,0.35,0.41,0.361,0.369,0.23,9,39,87.9,19.7,2430,88,88.29,26,79,122,0.29999999999999716,6.6,103,151,116,147,298,322,292,""-1.475"",""1.475"",""67.6"",""6.9"",""1.925813457"",49,22,6,1,0,2,17,34.7,9,18.4,""2.59"",""0.51"",""0.29"",""-0.29"",""91.5"",176,40.909090909090914,13.636363636363635,6.122448979591836,5.96,2.42,-0.31,2.28,0.388,3,""0.733830846"",0.387,0.442,""-0.733830846"",0.001,0.0010000000000000009,-0.032,-0.008,32.9,""55.3"",7.076570632923086,1.9541739552284298,33.7420226492107,0.24675324675324675,34.33064605895683,29.887178701119474"
"196,657746,""Ryan, Joe"",2091,9.4,0.255,0.319,0.273,0.574,0.354,0.341,0.261,12,47,84.9,23.2,2435,88.2,89.21,25,100,96,1,6.88,108,151,115,145,303,331,293,""-1.446"",""1.446"",""69.1"",""7.2"",""3.358424693"",52,36,4,4,1,3,13,25,3,5.8,""2.41"",""0.56"",""0.31"",""0.31"",""91.5"",185,30.555555555555557,16.666666666666664,11.538461538461538,4.68,-2.55,0.49,2.27,0.288,6,""0.737755102"",0.3,0.501,""-0.737755102"",-0.006,-0.01200000000000001,0.073,0.013,25,""22.7"",9.105528921267766,-7.278323982448088,31.234578546151056,0.5555555555555556,37.13635978070204,31.865221895622817"
"196,687396,""Headrick, Brent"",930,21.1,0.205,0.091,0.381,0.295,0.238,0.241,0.195,9,44,89.3,13.4,1920,90.4,91.35,39,108,88,0.8999999999999915,6.87,108,151,124,149,293,327,292,""2.623"",""-2.623"",""70.7"",""7.5"",""3.081264452"",46,22,7,1,0,1,22,47.8,2,4.3,""1.86"",""0.95"",""0.57"",""-0.57"",""91.4"",163,54.54545454545454,4.545454545454546,2.1739130434782608,6.35,1.74,0.32,2.17,0.239,1,""-1.338265306"",0.23,0.321,""1.338265306"",0.01,0.00899999999999998,-0.026,-0.003,36.1,""40.5"",9.594885130323743,-0.5667390126278921,31.723662953526237,0.514018691588785,39.12883130224827,30.217506187551702"
"196,687570,""Prielipp, Connor"",1413,13.9,0.146,0.271,0.107,0.417,0.252,0.28,0.206,7,48,91.5,13.2,2601,91.2,90.51,26,103,93,-0.7000000000000028,5.78,106,151,115,145,296,328,294,""2.952"",""-2.952"",""71.4"",""7.5"",""2.401590095"",50,32,2,1,0,4,16,32,2,4,""2.34"",""0.42"",""0.3"",""-0.3"",""91.4"",159,46.875,9.375,6,6.02,1.62,0.12,2.35,0.18,3,""-1.506122449"",0.237,0.413,""1.506122449"",-0.06,-0.056999999999999995,0.004,-0.028,25.2,""39.4"",9.433056950627844,1.056421366306199,30.448152956190846,0.504950495049505,37.78442980459468,28.144486219076754"
"195,571945,""Mikolas, Miles"",1788,10.9,0.347,0.306,0.318,0.653,0.446,0.409,0.33,17,49,89.5,7,2239,87.9,87.79,16,100,95,-0.10000000000000853,6.11,103,150,119,148,310,331,301,""-6.933"",""6.933"",""72.3"",""7.5"",""2.287907393"",53,47,8,6,0,3,2,3.8,3,5.7,""2.44"",""0.53"",""0.26"",""0.26"",""93.1"",158,51.06382978723404,10.638297872340425,9.433962264150944,6.65,-1.9,0.24,2.04,0.396,5,""3.555384615"",0.381,0.577,""-3.555384615"",0.017,0.015000000000000013,0.076,0.037,16,""44.4"",11.384820609477039,-1.8562353048787124,32.521299030350534,0.5151515151515151,37.48707644030474,31.33793760146888"
"195,676440,""Bibee, Tanner"",2151,9.1,0.2,0.067,0.25,0.267,0.253,0.254,0.203,9,45,86.5,19.9,2392,88.1,88.73,17,85,110,0.6000000000000085,6.68,109,153,123,148,301,326,289,""2.559"",""-2.559"",""70.1"",""7.4"",""3.194480043"",50,36,6,3,0,0,9,18,4,8,""2.58"",""0.39"",""0.1"",""0.1"",""91.8"",158,27.77777777777778,2.7777777777777777,2,6.13,-2.41,0.35,2.27,0.28,1,""-1.312307692"",0.282,0.271,""1.312307692"",-0.003,-0.0019999999999999463,-0.004,-0.001,20,""50.4"",8.223319315259003,-3.805378446659472,29.47564242591206,0.4588235294117647,37.34622732590134,31.42746642413484"
"193,808963,""Sasaki, Roki"",1786,10.8,0.222,0.378,0.2,0.6,0.371,0.28,0.198,10,45,87.1,14.6,1686,92.1,93.68,22,97,96,1.6000000000000085,7.16,108,152,121,147,303,318,291,""-2.454"",""2.454"",""69.6"",""7.4"",""5.065056207"",49,34,1,5,0,4,11,22.4,4,8.2,""2.21"",""0.49"",""0.44"",""0.44"",""91.4"",164,32.35294117647059,11.76470588235294,8.16326530612245,6.23,-1.74,-0.01,1.95,0.286,4,""1.271502591"",0.263,0.375,""-1.271502591"",0.024,0.022999999999999965,0.225,0.091,22.7,""49.2"",9.103399492149473,-1.427616661098749,35.03071602231933,0.53125,34.64635707553893,29.375937139704078"
"191,683003,""Jones, Jared"",963,19.8,0.271,0.271,0.273,0.542,0.359,0.31,0.218,13,48,89.8,19.2,2574,93.6,94.41,29,94,97,0.8000000000000114,6.66,108,151,121,148,310,323,297,""-2.039"",""2.039"",""71.0"",""7.5"",""3.962664044"",52,37,8,1,0,4,12,23.1,2,3.8,""1.91"",""0.7"",""0.27"",""0.27"",""92.8"",176,43.24324324324324,13.513513513513514,9.615384615384617,5.45,-1.18,0.21,2.25,0.308,5,""1.067539267"",0.259,0.473,""-1.067539267"",0.053,0.04899999999999999,0.069,0.049,30.9,""42.2"",8.905258570095132,-3.5193498203171885,32.30068329528735,0.5913978494623656,36.561498410250735,31.456281907144742"
"190,669160,""May, Dustin"",1849,10.3,0.292,0.083,0.378,0.375,0.337,0.347,0.286,14,48,88.8,10.1,2554,94,94.57,20,85,105,0.5999999999999943,6.68,106,152,116,146,310,315,290,""-0.983"",""0.983"",""70.5"",""7.0"",""2.319963051"",54,37,10,4,0,0,11,20.4,3,5.6,""2.15"",""0.46"",""0.4"",""0.4"",""92.4"",163,40.54054054054054,10.81081081081081,7.4074074074074066,5.44,-1.77,0.13,2.37,0.37,4,""0.517368421"",0.365,0.415,""-0.517368421"",0.006,0.0050000000000000044,-0.04,-0.01,23.5,""33.5"",6.31289781889207,6.05969541496575,32.149976793215544,0.4939759036144578,35.940440229511694,26.79462905528954"
"190,686218,""Sheehan, Emmet"",1704,11.2,0.225,0.225,0.269,0.45,0.326,0.266,0.186,9,40,88.2,18.4,2287,88.9,89.59,39,100,90,0.6999999999999886,6.64,105,153,121,148,302,315,288,""-0.815"",""0.815"",""69.2"",""7.4"",""3.938074408"",46,28,4,3,0,2,13,28.3,3,6.5,""2.34"",""0.57"",""0.2"",""0.2"",""91.0"",182,39.285714285714285,14.285714285714285,8.695652173913043,5.45,-1.42,0.38,2.41,0.304,4,""0.428947368"",0.271,0.323,""-0.428947368"",0.039,0.032999999999999974,0.127,0.06,39,""32.8"",9.88645524265381,-3.2597508649509104,29.422572550875486,0.58,39.70174866345279,31.186068074534496"
"189,702056,""Yesavage, Trey"",1549,12.2,0.194,0.194,0.227,0.389,0.295,0.297,0.218,7,36,84.9,15.2,2136,89.4,89.29,25,78,111,-0.10000000000000853,6.06,105,151,115,145,296,317,289,""1.515"",""-1.515"",""67.5"",""7.3"",""3.196878588"",43,25,4,1,0,2,13,30.2,5,11.6,""1.97"",""0.89"",""0.4"",""0.4"",""90.5"",166,32,12,6.976744186046512,7.11,-0.51,0.16,2.14,0.286,3,""-0.801587302"",0.309,0.359,""0.801587302"",-0.024,-0.02300000000000002,0.03,-0.002,32.1,""65.0"",10.715258620732223,-5.322066977127323,32.515367689706636,0.5844155844155844,35.920403876501936,32.002064101691836"
"188,641793,""Littell, Zack"",1783,10.5,0.313,0.083,0.333,0.396,0.333,0.316,0.269,15,48,85.4,8.8,1922,87.6,87.79,15,99,89,0.20000000000000284,6.14,101,148,115,144,307,329,300,""0.596"",""-0.596"",""70.9"",""7.1"",""1.289470311"",53,43,13,1,0,1,6,11.3,4,7.5,""2.36"",""0.61"",""0.32"",""0.32"",""90.9"",143,30.23255813953488,2.3255813953488373,1.8867924528301887,6.1,-0.72,0.17,2.46,0.358,1,""-0.317021277"",0.325,0.384,""0.317021277"",0.044,0.032999999999999974,0.012,0.017,15.2,""39.0"",9.239361174942028,1.5068718212492436,31.0173264718955,0.5360824742268041,37.17292494908724,29.23272756705872"
"187,665871,""Assad, Javier"",1204,15.5,0.214,0.071,0.242,0.286,0.261,0.284,0.232,9,42,87.9,3.8,2142,91.1,91.54,9,83,104,0.4000000000000057,6.51,109,153,121,150,309,325,292,""2.814"",""-2.814"",""71.5"",""7.3"",""2.707580436"",46,34,8,0,0,1,8,17.4,3,6.5,""2.03"",""0.73"",""0.47"",""0.47"",""90.4"",144,26.47058823529412,2.941176470588235,2.1739130434782608,5.86,-1.69,0.4,2.12,0.283,1,""-1.504812834"",0.298,0.335,""1.504812834"",-0.018,-0.015000000000000013,-0.049,-0.023,10.8,""51.5"",3.979435938188752,6.563149459124786,32.631884211955956,0.4146341463414634,37.55187214120633,26.430786843046178"
"186,681035,""Scott, Christian"",1362,13.7,0.132,0.053,0.217,0.184,0.212,0.253,0.16,5,38,89.7,20.1,2403,89.8,90.8,26,84,102,1,6.95,104,153,122,148,310,320,294,""3.832"",""-3.832"",""70.2"",""7.1"",""2.486479578"",44,23,4,0,1,0,15,34.1,6,13.6,""2.01"",""0.87"",""-0.08"",""-0.08"",""91.7"",181,39.130434782608695,13.043478260869565,6.8181818181818175,5.19,-3.06,0.37,2.51,0.25,3,""-2.060215054"",0.274,0.268,""2.060215054"",-0.028,-0.02400000000000002,-0.084,-0.041,31,""28.6"",5.51390970677297,1.7158574918129985,27.235047771810425,0.47619047619047616,39.09323329347558,28.024684579607072"
"185,624133,""Suarez, Ranger"",1648,11.2,0.302,0.093,0.4,0.395,0.339,0.358,0.325,13,43,87.1,7.9,1971,85.3,85.12,13,83,102,-0.20000000000000284,6.09,108,152,122,146,298,317,290,""-1.349"",""1.349"",""71.1"",""7.4"",""3.922284711"",47,31,11,1,0,1,12,25.5,3,6.4,""2.84"",""0.33"",""0.09"",""-0.09"",""91.5"",129,41.935483870967744,3.225806451612903,2.127659574468085,5.94,2.35,0.14,2.17,0.362,1,""0.729189189"",0.383,0.428,""-0.729189189"",-0.023,-0.02100000000000002,-0.033,-0.019,15.7,""41.2"",9.402530223803762,0.12098319088143228,33.590704722204045,0.3780487804878049,36.370342750329364,32.03250723497467"
"185,678022,""Perkins, Jack"",1352,13.7,0.255,0.234,0.273,0.489,0.354,0.307,0.237,12,47,85.2,18.9,2347,91.2,91.31,26,85,100,0.09999999999999432,6.26,104,151,115,147,299,324,291,""-1.283"",""1.283"",""69.3"",""7.4"",""4.981089066"",52,36,7,2,0,3,11,21.2,4,7.7,""2.17"",""0.58"",""0.25"",""0.25"",""91.2"",174,30.555555555555557,8.333333333333332,5.769230769230769,5.38,-1.87,0.1,2.23,0.327,3,""0.693513514"",0.311,0.38,""-0.693513514"",0.018,0.016000000000000014,0.109,0.047,30.6,""32.1"",11.753055006546278,-3.57803200007329,32.18653605603741,0.5882352941176471,37.76508656205928,31.825627402398858"
"183,669372,""Ginn, J.T."",1918,9.5,0.229,0.063,0.282,0.292,0.242,0.254,0.237,11,48,83.3,14.2,2014,90.4,91.13,21,91,92,0.6999999999999886,6.71,103,151,114,145,297,318,295,""3.817"",""-3.817"",""69.0"",""7.4"",""3.180474073"",51,39,8,3,0,0,10,19.6,0,0,""2.57"",""0.23"",""0.62"",""0.62"",""90.9"",125,30.76923076923077,2.564102564102564,1.9607843137254901,5.49,-1.31,0.41,2.15,0.255,1,""-2.08579235"",0.268,0.302,""2.08579235"",-0.008,-0.013000000000000012,-0.01,-0.012,23.1,""41.0"",11.985172779831878,-4.437466099538021,35.00517018908293,0.5384615384615384,37.51059104871708,32.05986761106406"
"183,547179,""Lorenzen, Michael"",2106,8.7,0.426,0.17,0.442,0.596,0.443,0.44,0.349,20,47,93.8,3.6,2391,89.2,88.72,9,86,97,-0.5,5.86,101,151,116,144,304,325,296,""-5.293"",""5.293"",""71.4"",""7.4"",""1.999609424"",50,44,15,3,1,1,4,8,2,4,""2.42"",""0.46"",""0.6"",""0.6"",""93.9"",158,50,13.636363636363635,12,5.61,-2.83,0.23,2.28,0.44,6,""2.892349727"",0.379,0.655,""-2.892349727"",0.077,0.061,-0.059,0.003,10.5,""36.3"",6.970107568700714,-3.7951833908169426,30.20195402187294,0.573170731707317,37.38741007250211,30.85823809005097"
"182,663969,""Phillips, Tyler"",1483,12.3,0.239,0.217,0.25,0.457,0.33,0.333,0.275,11,46,91.2,11.5,2048,89.3,89.15,27,92,90,-0.09999999999999432,6.26,108,152,119,145,306,323,283,""-0.283"",""0.283"",""69.7"",""7.5"",""3.387085407"",50,35,7,1,0,3,11,22,2,4,""2.69"",""0.2"",""0.41"",""0.41"",""93.4"",134,45.714285714285715,8.571428571428571,6,6.13,-1.01,0.19,1.79,0.3,3,""0.155494505"",0.333,0.423,""-0.155494505"",-0.036,-0.03300000000000003,0.034,-0.003,29.3,""32.9"",10.882685564568481,-4.032103770037298,34.018586369872075,0.5604395604395604,36.50913865699629,31.985585951581292"
"180,605400,""Nola, Aaron"",2178,8.3,0.268,0.244,0.333,0.512,0.357,0.267,0.216,11,41,85.2,9.9,2341,85.6,86.64,30,82,98,1,6.91,106,152,118,144,295,325,293,""-3.104"",""3.104"",""70.2"",""7.5"",""2.650858662"",44,27,7,1,0,3,14,31.8,3,6.8,""3.04"",""0.12"",""0.24"",""0.24"",""91.4"",143,33.33333333333333,11.11111111111111,6.8181818181818175,4.92,-1.83,0.4,1.85,0.318,3,""1.724444444"",0.269,0.334,""-1.724444444"",0.052,0.04899999999999999,0.178,0.09,36.6,""19.1"",11.767679073770156,-7.310496797633076,32.93876684862919,0.4375,37.820971657380376,33.26070998075944"
"180,693821,""Elder, Bryce"",1884,9.6,0.217,0.217,0.194,0.435,0.318,0.372,0.272,10,46,90.6,11.1,2194,89.3,89.51,15,80,100,0.20000000000000284,6.4,107,152,125,149,314,323,300,""-0.95"",""0.95"",""71.7"",""7.4"",""3.028046438"",52,39,6,1,0,3,7,13.5,5,9.6,""2.24"",""0.63"",""0.5"",""0.5"",""92.9"",150,48.717948717948715,15.384615384615385,11.538461538461538,6.14,-1.49,0.21,2.07,0.294,6,""0.527777778"",0.343,0.525,""-0.527777778"",-0.055,-0.049000000000000044,-0.09,-0.054,18.8,""49.6"",10.807004646174946,-0.619000956834688,31.70074385903149,0.6103896103896104,37.61744307062314,29.89691945694227"
"178,677952,""Ashcraft, Braxton"",2019,8.8,0.302,0.302,0.345,0.605,0.39,0.307,0.247,13,43,87.1,10.7,2488,93.1,93.31,24,97,81,0.20000000000000284,6.29,108,150,119,148,309,325,297,""-3.167"",""3.167"",""70.1"",""7.3"",""3.667136259"",46,32,6,4,0,3,12,26.1,1,2.2,""2.18"",""0.45"",""0.35"",""0.35"",""91.6"",140,41.935483870967744,9.67741935483871,6.521739130434782,6.15,-0.86,0.14,2.1,0.326,3,""1.779213483"",0.286,0.421,""-1.779213483"",0.055,0.040000000000000036,0.184,0.083,24.7,""38.1"",10.020638487517857,-2.2241210847503545,32.08141018088119,0.5773195876288659,36.317221086241666,30.86614975572433"
"177,690986,""Harrison, Kyle"",1527,11.6,0.211,0.158,0.292,0.368,0.269,0.255,0.206,8,38,94.3,9.1,2194,89.5,89.93,23,82,95,0.4000000000000057,6.64,111,152,123,148,310,327,301,""0.555"",""-0.555"",""71.2"",""7.3"",""2.675224301"",40,25,4,3,0,1,13,32.5,2,5,""2.43"",""0.47"",""0.42"",""-0.42"",""92.4"",182,52,8,5,4.97,2.91,0.16,2.31,0.25,2,""-0.313559322"",0.246,0.341,""0.313559322"",0.005,0.0040000000000000036,0.027,0.014,28,""30.3"",6.320926883536262,1.605307690402632,32.10047537346495,0.41975308641975306,38.17304487488931,28.158420419073376"
"177,694819,""Misiorowski, Jacob"",1987,8.9,0.222,0.267,0.3,0.489,0.317,0.222,0.166,10,45,84.8,12.1,2612,97.6,99.92,34,101,76,2.3000000000000114,7.6,114,153,125,148,308,326,303,""-0.415"",""0.415"",""67.9"",""7.1"",""5.030884075"",47,24,6,0,0,4,21,44.7,2,4.3,""1.68"",""0.74"",""0.4"",""0.4"",""90.7"",163,45.83333333333333,8.333333333333332,4.25531914893617,5.19,-1.9,0.3,2.5,0.255,2,""0.234463277"",0.202,0.309,""-0.234463277"",0.056,0.05299999999999999,0.18,0.095,33.7,""30.2"",5.146238719900012,2.9797750307052597,30.274591217742127,0.48484848484848486,37.66295720322288,25.6596407341848"
"177,667755,""Soriano, José"",2141,8.3,0.211,0.079,0.267,0.289,0.263,0.342,0.304,8,38,90,5.6,2145,91.6,92.5,27,87,90,0.9000000000000057,6.81,110,150,118,147,307,328,294,""2.835"",""-2.835"",""71.0"",""7.6"",""5.875469557"",42,30,5,3,0,0,8,19,3,7.1,""2.54"",""0.2"",""0.2"",""0.2"",""92.1"",130,41.37931034482759,3.4482758620689653,2.380952380952381,5.9,-2.09,0.26,1.8,0.286,1,""-1.601694915"",0.372,0.394,""1.601694915"",-0.093,-0.08600000000000002,-0.105,-0.079,31,""38.4"",9.716520822040518,-3.7152318680315046,30.201192166054888,0.5294117647058824,38.08989176256133,32.660884443978524"
"176,608718,""Suter, Brent"",1141,15.4,0.289,0.184,0.333,0.474,0.354,0.367,0.321,11,38,87.4,10.3,1997,85,86.54,19,74,102,1.5,7.3,113,153,123,149,308,325,299,""-1.595"",""1.595"",""68.2"",""6.7"",""3.175808976"",41,31,6,4,0,1,7,17.1,3,7.3,""2.14"",""1.06"",""0.48"",""-0.48"",""91.1"",168,32.25806451612903,3.225806451612903,2.4390243902439024,6.04,3.42,0.26,2.51,0.341,1,""0.90625"",0.37,0.472,""-0.90625"",-0.032,-0.02899999999999997,0.002,-0.013,25.7,""47.7"",3.9969758306822043,9.52921515613338,30.880267216142983,0.3333333333333333,35.25847282401152,25.67813258962966"
"176,690928,""Dobbins, Hunter"",661,26.6,0.325,0.25,0.393,0.575,0.419,0.253,0.19,13,40,89.6,12.9,2529,88.6,88.64,21,85,91,0,6.25,107,151,114,146,314,318,293,""-3.364"",""3.364"",""71.7"",""7.4"",""3.28774938"",45,30,8,2,1,2,10,22.2,4,8.9,""2.51"",""0.43"",""-0.25"",""-0.25"",""91.9"",169,40,3.3333333333333335,2.2222222222222223,5.98,-1.77,0.28,2.07,0.4,1,""1.911363636"",0.28,0.265,""-1.911363636"",0.135,0.12,0.31,0.166,24.7,""44.8"",12.048604522678513,-5.067968697220097,34.32837117921326,0.47058823529411764,37.68988348044351,33.18187810216723"
"175,805123,""Blubaugh, AJ"",1259,13.9,0.235,0.265,0.316,0.5,0.361,0.253,0.14,8,34,88.9,25.9,2369,91.2,91.5,23,85,90,0.29999999999999716,6.5,111,153,118,147,299,324,289,""-2.188"",""2.188"",""68.9"",""7.3"",""5.28912117"",39,21,3,3,0,2,13,33.3,4,10.3,""1.83"",""0.94"",""0.32"",""0.32"",""91.0"",192,42.857142857142854,14.285714285714285,7.6923076923076925,6.14,-2.15,0.44,2.26,0.333,3,""1.250285714"",0.25,0.307,""-1.250285714"",0.095,0.08300000000000002,0.193,0.108,27.1,""46.6"",9.090566251324733,0.4165172202966646,29.961962557352077,0.5365853658536586,39.459814056575745,29.964851670538334"
"175,615698,""Quantrill, Cal"",1043,16.8,0.174,0.043,0.186,0.217,0.209,0.206,0.179,8,46,82.4,22,1958,90.8,91.01,6,82,93,0.20000000000000284,6.37,106,151,117,146,304,332,298,""3.968"",""-3.968"",""71.0"",""7.2"",""1.512297548"",51,43,6,2,0,0,4,7.8,3,5.9,""2.06"",""0.72"",""0.76"",""0.76"",""89.8"",135,13.953488372093023,0,0,6.24,-1.45,-0.13,2.38,0.235,0,""-2.267428571"",0.24,0.204,""2.267428571"",-0.005,-0.0050000000000000044,0.013,0.003,7.3,""43.0"",8.626475509305498,2.78241048490167,30.787685669055126,0.5789473684210527,34.41499598221892,29.973968205205068"
"175,622491,""Castillo, Luis"",1839,9.5,0.222,0.178,0.211,0.4,0.269,0.296,0.265,10,45,89,10.8,2195,92.3,91.21,22,97,78,-1.0999999999999943,5.57,108,150,116,143,294,323,293,""1.677"",""-1.677"",""70.4"",""7.3"",""2.368093619"",47,40,6,2,0,2,6,12.8,1,2.1,""2.22"",""0.48"",""0.83"",""0.83"",""91.7"",156,37.5,5,4.25531914893617,5,-2.87,0.27,2.41,0.234,2,""-0.958285714"",0.276,0.417,""0.958285714"",-0.043,-0.04200000000000001,-0.017,-0.027,22.7,""15.2"",7.251862994000847,0.11638618955167797,31.03500016865959,0.53125,35.9707554263496,29.93860813519486"
"174,669923,""Kirby, George"",2009,8.7,0.224,0.184,0.243,0.408,0.279,0.297,0.229,11,49,90,20.5,2279,93.1,93.64,31,100,74,0.5,6.64,108,151,112,147,294,321,296,""3.377"",""-3.377"",""68.1"",""7.1"",""2.889913879"",50,39,6,3,0,2,10,20,0,0,""2.15"",""0.5"",""0.43"",""0.43"",""92.3"",167,41.02564102564102,12.82051282051282,10,5.72,-1.57,0.25,2.47,0.24,5,""-1.940804598"",0.244,0.456,""1.940804598"",-0.005,-0.0040000000000000036,-0.048,-0.018,31,""33.5"",6.586859176074223,5.723971664125883,27.655100741352356,0.5,38.05600134796756,28.33672833322957"
"174,687312,""Hughes, Gabriel"",470,37,0.195,0.073,0.308,0.268,0.255,0.197,0.125,8,41,88.2,19.4,2187,90.1,91.68,24,92,82,1.6000000000000085,6.89,106,150,116,144,310,331,297,""3.362"",""-3.362"",""69.4"",""7.2"",""1.784519909"",46,26,5,3,0,0,15,32.6,4,8.7,""2.16"",""0.63"",""-0.15"",""-0.15"",""90.3"",186,30.76923076923077,3.8461538461538463,2.1739130434782608,5.47,-2.45,0.2,2.28,0.283,1,""-1.932183908"",0.22,0.193,""1.932183908"",0.07,0.06299999999999997,0.075,0.058,26.1,""41.9"",4.34854800222914,4.54431969325544,31.45848361903333,0.42391304347826086,38.46267256281914,27.218735390069444"
"173,669276,""Lee, Dylan"",819,21.1,0.229,0.2,0.3,0.429,0.305,0.268,0.18,8,35,86.6,19.2,2047,85.6,85.56,35,87,86,0,6.24,108,150,124,147,313,324,299,""-0.921"",""0.921"",""71.7"",""7.9"",""4.210367627"",39,22,5,1,0,2,14,35.9,3,7.7,""2.36"",""0.78"",""0.31"",""-0.31"",""90.5"",176,22.727272727272727,9.090909090909092,5.128205128205128,6.51,1.77,0.09,2.1,0.282,2,""0.532369942"",0.243,0.363,""-0.532369942"",0.049,0.03899999999999998,0.066,0.037,40.2,""47.4"",15.084724068534317,-15.088440447537577,31.080417103891733,0.5232558139534884,37.43664494024688,37.972617468804344"
"172,686930,""Barnett, Mason"",598,28.8,0.286,0.4,0.286,0.686,0.457,0.411,0.251,10,35,93,19.5,2414,90,89.94,18,73,99,-0.09999999999999432,6.21,106,152,114,146,303,320,287,""-4.127"",""4.127"",""70.5"",""7.3"",""2.068973596"",42,25,4,2,0,4,10,23.8,5,11.9,""2.39"",""0.46"",""-0.35"",""-0.35"",""92.1"",178,48,16,9.523809523809524,6.02,-2.2,0.34,2.14,0.405,4,""2.399418605"",0.376,0.59,""-2.399418605"",0.035,0.029000000000000026,0.096,0.046,24.7,""54.4"",9.227699159742395,2.487453698057617,32.508521087013555,0.5492957746478874,37.41739511926049,29.60388907335546"
"172,607259,""Martinez, Nick"",1801,9.6,0.271,0.083,0.279,0.354,0.298,0.352,0.314,13,48,85.4,16.1,2202,87.7,87.3,13,88,84,-0.4000000000000057,5.99,104,153,119,147,304,330,292,""-0.489"",""0.489"",""70.1"",""7.3"",""2.874759871"",51,44,11,1,0,1,4,7.8,2,3.9,""2.18"",""0.82"",""0.7"",""0.7"",""91.1"",149,31.818181818181817,4.545454545454546,3.9215686274509802,6.07,-1.55,0.04,2.2,0.314,2,""0.284302326"",0.354,0.451,""-0.284302326"",-0.043,-0.03999999999999998,-0.097,-0.054,14.8,""55.3"",10.093321549590504,-2.6466508189292446,31.15418870521748,0.5517241379310345,36.008752912972845,31.041413427096252"
"172,668881,""Greene, Hunter"",456,37.7,0.273,0.205,0.303,0.477,0.33,0.379,0.333,12,44,89.9,21.9,2358,94.7,95.3,24,99,73,0.5999999999999943,6.63,106,151,116,146,304,328,291,""-1.292"",""1.292"",""70.4"",""7.1"",""4.360056568"",47,35,7,3,0,2,10,21.3,2,4.3,""1.67"",""0.89"",""0.23"",""0.23"",""91.5"",205,42.857142857142854,5.714285714285714,4.25531914893617,6.1,-2.36,0.22,2.48,0.298,2,""0.751162791"",0.354,0.544,""-0.751162791"",-0.06,-0.055999999999999994,-0.067,-0.049,24.2,""39.9"",7.279385307686105,1.831079023025163,30.1373845755098,0.41836734693877553,38.0400060484335,28.001936760262083"
"169,685299,""Gordon, Tanner"",1056,16,0.256,0.233,0.258,0.488,0.334,0.33,0.25,11,43,90.7,18.7,2158,89.1,89.21,17,90,79,0.10000000000000853,6.08,106,153,120,147,308,334,296,""-1.976"",""1.976"",""72.2"",""7.6"",""1.504405095"",46,35,7,1,0,3,9,19.6,2,4.3,""2"",""0.87"",""0.5"",""0.5"",""92.6"",172,51.42857142857142,8.571428571428571,6.521739130434782,6.33,-2.73,0.29,2.22,0.289,3,""1.169230769"",0.283,0.49,""-1.169230769"",0.006,0.006000000000000005,-0.002,0.004,18.9,""43.7"",10.546728744414004,-0.317232874422124,32.06309451264528,0.5056179775280899,37.49487855307255,29.887269587950804"
"167,656288,""Canning, Griffin"",1221,13.7,0.216,0.162,0.261,0.378,0.255,0.285,0.233,8,37,85.3,12,2344,90.1,89.65,26,87,80,-0.5,5.86,111,152,123,147,310,329,297,""1.623"",""-1.623"",""68.1"",""7.0"",""2.651486483"",39,26,6,0,0,2,12,30.8,0,0,""2.47"",""0.35"",""0.24"",""0.24"",""91.3"",152,44.44444444444444,14.814814814814813,10.256410256410255,5.6,-0.83,0.34,2.37,0.216,4,""-0.971856287"",0.233,0.441,""0.971856287"",-0.017,-0.017000000000000015,-0.063,-0.03,29.9,""38.5"",6.098299449614213,3.465707152971015,31.598929058254182,0.5301204819277109,39.916212029568705,28.52991188471637"
"167,679883,""Avila, Luinder"",1293,12.9,0.323,0.29,0.364,0.613,0.466,0.411,0.298,10,31,84.9,12.3,2548,92.7,93.78,18,67,100,1.0999999999999943,6.69,106,152,120,147,301,326,285,""-5.354"",""5.354"",""67.3"",""7.2"",""3.942661348"",41,25,5,3,0,2,7,17.1,8,19.5,""2.15"",""0.5"",""0.13"",""0.13"",""91.2"",128,36,8,4.878048780487805,6.11,-1.49,0,2.16,0.475,2,""3.205988024"",0.456,0.471,""-3.205988024"",0.025,0.01899999999999996,0.142,0.055,26.9,""52.2"",8.07322889447218,2.9790274669197423,35.36014014984138,0.48484848484848486,36.05739509083547,27.75508880900911"
"166,607200,""Fedde, Erick"",1832,9.1,0.277,0.319,0.273,0.596,0.368,0.323,0.257,13,47,86.4,14.8,2276,88.9,89.69,18,74,92,0.7999999999999972,6.64,109,151,120,145,300,330,292,""-1.218"",""1.218"",""70.8"",""7.4"",""4.995789406"",47,37,6,3,0,4,10,21.3,0,0,""2.49"",""0.42"",""-0.24"",""-0.24"",""92.5"",181,35.13513513513514,10.81081081081081,8.51063829787234,5.87,-1.21,0.49,2.12,0.277,4,""0.73373494"",0.257,0.512,""-0.73373494"",0.02,0.020000000000000018,0.084,0.045,24.3,""37.3"",9.367408140076364,-2.0120525523648416,31.250342384864407,0.5616438356164384,38.716904191265975,33.209826934932224"
"163,694477,""Patrick, Chad"",1399,11.7,0.205,0.077,0.269,0.282,0.248,0.277,0.22,8,39,82.9,11.5,2360,93.3,93.08,26,79,84,-0.20000000000000284,6.1,108,151,123,148,307,326,300,""2.916"",""-2.916"",""68.6"",""7.1"",""1.639069746"",42,27,7,0,0,1,12,28.6,1,2.4,""1.72"",""0.9"",""0.36"",""0.36"",""90.6"",170,29.629629629629626,3.7037037037037033,2.380952380952381,5.45,-1.11,0.36,2.41,0.262,1,""-1.788957055"",0.275,0.347,""1.788957055"",-0.015,-0.013000000000000012,-0.065,-0.029,32.9,""30.2"",5.097459467265646,5.124305286229656,31.52929005370028,0.42857142857142855,38.83730803932868,25.31596051537983"
"162,643377,""Jax, Griffin"",1410,11.5,0.238,0.119,0.3,0.357,0.298,0.287,0.226,10,42,82.1,10.1,2631,90.9,90.66,22,85,77,-0.20000000000000284,6.28,103,150,118,145,305,336,302,""1.242"",""-1.242"",""69.2"",""7.2"",""4.708699049"",49,32,7,2,0,1,12,24.5,4,8.2,""2.37"",""0.42"",""0.27"",""0.27"",""92.2"",149,28.125,6.25,4.081632653061225,5.49,-1.08,0.14,2.01,0.313,2,""-0.766666667"",0.302,0.34,""0.766666667"",0.012,0.01100000000000001,0.017,0.011,25.9,""42.1"",9.821527369477145,-7.310606326324243,31.706822919699466,0.5903614457831325,36.50038579929629,32.096022385687064"
"162,677944,""Cecconi, Slade"",1860,8.7,0.375,0.313,0.455,0.688,0.466,0.376,0.286,12,32,93,16.7,2416,90.3,90.73,18,77,85,0.4000000000000057,6.55,107,152,124,147,300,325,293,""-3.971"",""3.971"",""69.3"",""7.4"",""2.929713347"",37,24,6,4,0,2,9,24.3,4,10.8,""2.27"",""0.55"",""0.37"",""0.37"",""92.2"",175,45.83333333333333,16.666666666666664,10.81081081081081,5.76,-2.12,0.3,2.52,0.432,4,""2.451234568"",0.357,0.531,""-2.451234568"",0.089,0.07500000000000001,0.157,0.09,23.4,""37.3"",12.836693179832404,-2.0453150176577486,34.06883680937634,0.5263157894736842,37.30935285823848,30.627807262934745"
"162,678394,""Bello, Brayan"",1362,11.9,0.175,0.025,0.259,0.2,0.179,0.213,0.211,7,40,86.7,-0.2,2115,91.7,91.83,25,81,81,0.09999999999999432,6.27,107,153,123,146,292,316,293,""4.943"",""-4.943"",""69.3"",""7.5"",""3.54960076"",41,27,6,1,0,0,13,31.7,0,0,""2.45"",""0.27"",""0.63"",""0.63"",""90.7"",93,25.925925925925924,0,0,5.55,-1.62,0.07,2.06,0.195,0,""-3.051234568"",0.23,0.248,""3.051234568"",-0.036,-0.035,-0.048,-0.034,30.9,""38.6"",10.877977930109806,-8.39562603836464,33.32995103528413,0.5625,35.96783205178464,34.12010832044751"
"161,696519,""Natera Jr., Samy"",432,37.3,0.2,0.2,0.286,0.4,0.266,0.215,0.177,7,35,89.8,30.9,2387,93.6,94.25,29,85,76,0.6000000000000085,6.83,109,151,120,148,311,330,299,""2.21"",""-2.21"",""71.1"",""7.2"",""2.218612039"",36,22,2,4,0,1,13,36.1,1,2.8,""1.12"",""1.51"",""0.28"",""-0.28"",""90.9"",203,36.36363636363637,4.545454545454546,2.7777777777777777,6.09,1.14,0.11,2.47,0.222,1,""-1.372670807"",0.2,0.295,""1.372670807"",0.023,0.021999999999999992,0.105,0.051,34.1,""49.6"",8.70808531140126,-1.4561032045585216,31.425793740642767,0.5119047619047619,36.46339356610033,28.914786375419645"
"161,664076,""Cleavinger, Garrett"",615,26.2,0.074,0,0.133,0.074,0.165,0.21,0.124,2,27,84.7,24.1,2589,90.5,90.34,27,81,80,-0.20000000000000284,6.09,102,152,120,146,306,336,300,""3.596"",""-3.596"",""71.4"",""7.5"",""2.21786948"",32,15,2,0,0,0,12,37.5,5,15.6,""2.29"",""0.49"",""0.08"",""-0.08"",""90.8"",148,26.666666666666668,0,0,5.18,1.11,-0.28,2.22,0.219,0,""-2.233540373"",0.261,0.15,""2.233540373"",-0.05,-0.04200000000000001,-0.076,-0.045,33.3,""31.0"",12.045928928030918,-6.5644459218505515,30.8136413809136,0.4050632911392405,33.739218327653525,33.24071613980132"
"161,687075,""Sproat, Brandon"",1721,9.4,0.207,0.138,0.25,0.345,0.355,0.377,0.227,6,29,84,11.4,2159,93.1,93.39,18,68,93,0.30000000000001137,6.4,108,151,125,149,303,325,298,""-3.215"",""3.215"",""67.9"",""7.1"",""2.536598567"",39,21,4,1,0,1,8,20.5,10,25.6,""2.15"",""0.49"",""0.32"",""0.32"",""90.6"",149,38.095238095238095,4.761904761904762,2.564102564102564,5.51,-2.44,0.16,2.15,0.41,1,""1.99689441"",0.425,0.4,""-1.99689441"",-0.02,-0.015000000000000013,-0.055,-0.022,26.5,""32.1"",5.595464382407042,8.620261240189727,35.29456539438865,0.36363636363636365,35.175266809658005,25.2926908318016"
"160,656945,""Scott, Tanner"",701,22.8,0.265,0.176,0.45,0.441,0.343,0.326,0.272,9,34,93.7,18.1,2599,91.8,91.95,36,82,78,0.10000000000000853,6.19,108,153,121,147,300,313,287,""-0.476"",""0.476"",""71.2"",""7.8"",""3.543585138"",41,20,3,6,0,0,14,34.1,7,17.1,""2.08"",""0.62"",""-0.09"",""0.09"",""94.3"",181,55.00000000000001,5,2.4390243902439024,5.17,2.5,-0.19,2.06,0.39,1,""0.2975"",0.397,0.384,""-0.2975"",-0.007,-0.007000000000000006,0.057,0.017,43.9,""33.9"",11.872193757145407,-8.797707444247356,34.54703878138687,0.43209876543209874,33.85601819408289,33.444487180079456"
"160,656271,""Burke, Brock"",922,17.4,0.222,0.222,0.261,0.444,0.334,0.274,0.2,8,36,85.6,8.2,2221,90.8,91.64,25,83,77,0.7999999999999972,6.74,112,152,114,147,303,326,289,""-0.485"",""0.485"",""71.6"",""7.5"",""2.760732552"",41,25,4,2,0,2,11,26.8,4,9.8,""1.98"",""0.8"",""0.64"",""-0.64"",""90.9"",157,29.166666666666668,4.166666666666666,2.4390243902439024,6.25,1.72,-0.03,2.26,0.317,1,""0.303125"",0.3,0.296,""-0.303125"",0.022,0.017000000000000015,0.148,0.06,30.1,""41.8"",11.27396649170012,-5.9439235469383505,32.7367140820772,0.4691358024691358,36.523515086730264,33.21444033109946"
"160,820862,""Fermin, José"",692,23.1,0.219,0.125,0.375,0.344,0.269,0.19,0.162,7,32,82.6,13.1,2486,92.5,92.1,31,82,78,-0.4000000000000057,6.07,110,151,121,148,310,330,302,""1.205"",""-1.205"",""69.4"",""7.4"",""3.241622444"",34,17,5,1,0,1,15,44.1,2,5.9,""2.2"",""0.47"",""0.5"",""0.5"",""90.2"",118,17.647058823529413,0,0,6.24,-1.93,0.21,2.1,0.265,0,""-0.753125"",0.212,0.201,""0.753125"",0.057,0.05300000000000002,0.143,0.079,37.8,""43.4"",8.004007234456004,-4.720727431918937,31.85545834399753,0.6049382716049383,38.13419463410806,31.20539436209701"
"159,608566,""Márquez, Germán"",920,17.3,0.225,0.25,0.194,0.475,0.341,0.335,0.232,9,40,81.7,7.6,2289,91.4,89.84,14,71,88,-1.6000000000000085,5.43,112,151,122,147,303,325,296,""-3.483"",""3.483"",""71.5"",""7.4"",""4.680743669"",45,34,5,1,0,3,6,13.3,5,11.1,""2.03"",""0.72"",""0.75"",""0.75"",""90.6"",132,23.52941176470588,11.76470588235294,8.88888888888889,5.97,-1.66,0.19,1.96,0.311,4,""2.190566038"",0.317,0.454,""-2.190566038"",-0.007,-0.006000000000000005,0.021,0.006,19.7,""37.6"",12.216395670219546,-6.119957380902723,33.32285378169746,0.5,36.373574817784075,34.36373584951341"
"159,605288,""Houser, Adrian"",1552,10.2,0.234,0.043,0.262,0.277,0.215,0.269,0.252,11,47,89,10.1,2249,94.3,95.23,13,91,68,0.9000000000000057,6.69,105,149,120,144,301,320,293,""4.386"",""-4.386"",""70.4"",""7.2"",""2.760616968"",49,42,9,2,0,0,7,14.3,0,0,""1.91"",""0.65"",""1.1"",""1.1"",""92.5"",122,33.33333333333333,7.142857142857142,6.122448979591836,5.68,-1.38,-0.04,2.26,0.224,3,""-2.758490566"",0.244,0.399,""2.758490566"",-0.018,-0.01999999999999999,-0.122,-0.054,14.3,""36.2"",5.654304218967491,4.349240817639087,33.56039506848294,0.4772727272727273,33.84749689801722,26.004080325394497"
"158,642397,""Soto, Gregory"",873,18.1,0.242,0.152,0.333,0.394,0.297,0.238,0.179,8,33,88.5,20.4,2475,89.2,89.2,21,73,85,0,6.35,105,148,118,145,309,321,290,""-0.734"",""0.734"",""68.3"",""7.5"",""5.875790725"",37,23,5,2,0,1,11,29.7,3,8.1,""2.51"",""0.41"",""0.26"",""-0.26"",""91.5"",140,34.78260869565217,4.3478260869565215,2.7027027027027026,5.53,2.05,-0.36,2.06,0.306,1,""0.464556962"",0.248,0.313,""-0.464556962"",0.063,0.057999999999999996,0.081,0.059,28.8,""32.5"",13.345472683505443,-15.939875611102892,34.35525557306645,0.4794520547945205,31.867779622820983,38.27678310760707"
"158,641835,""Mayza, Tim"",877,18,0.281,0.094,0.409,0.375,0.311,0.269,0.215,9,32,92.9,17.8,2053,92.1,93.29,23,74,84,1.2000000000000028,6.91,108,150,117,141,296,324,288,""1.106"",""-1.106"",""70.7"",""7.0"",""1.779973496"",37,22,6,3,0,0,11,29.7,4,10.8,""2.06"",""0.63"",""0.7"",""-0.7"",""91.4"",192,54.54545454545454,4.545454545454546,2.7027027027027026,6.24,1.61,-0.08,2.2,0.351,1,""-0.7"",0.294,0.34,""0.7"",0.066,0.056999999999999995,0.035,0.042,31.1,""44.0"",4.844045578083708,10.245146308085316,34.0339004629963,0.4084507042253521,37.21637199660046,22.644950343514274"
"158,656876,""Rasmussen, Drew"",1911,8.3,0.267,0.178,0.314,0.444,0.321,0.345,0.3,12,45,89.4,19.3,2440,92.7,93.05,20,86,72,0.29999999999999716,6.51,101,154,119,147,307,329,294,""-0.782"",""0.782"",""69.8"",""7.1"",""1.54934219"",47,36,7,3,1,1,9,19.1,1,2.1,""1.88"",""0.78"",""0.37"",""0.37"",""92.2"",176,36.11111111111111,11.11111111111111,8.51063829787234,5.9,-1.85,0.4,2.28,0.298,4,""0.494936709"",0.329,0.473,""-0.494936709"",-0.033,-0.031000000000000028,-0.029,-0.024,23.3,""52.8"",5.596429843899133,5.431374309243482,30.58291846329295,0.5542168674698795,37.50659284110851,28.00279953402001"
"156,690997,""McLean, Nolan"",2172,7.2,0.194,0.056,0.318,0.25,0.233,0.213,0.17,7,36,84.5,3.3,2558,92.2,92.3,20,72,84,0.09999999999999432,6.49,109,151,121,146,304,327,293,""3.295"",""-3.295"",""69.1"",""6.8"",""3.270329277"",40,23,5,2,0,0,14,35,2,5,""2.35"",""0.38"",""0.4"",""0.4"",""91.1"",119,39.130434782608695,4.3478260869565215,2.5,5.3,-4.02,0.13,2.41,0.256,1,""-2.112179487"",0.234,0.223,""2.112179487"",0.024,0.021999999999999992,0.027,0.02,27.8,""30.5"",3.298244440526826,4.2571128887625225,31.131990056480383,0.4722222222222222,35.8550768675109,26.83366215296013"
"156,693433,""Woo, Bryan"",1954,8,0.318,0.182,0.406,0.5,0.358,0.319,0.291,14,44,86.9,14.2,2287,93.4,93.67,21,85,71,0.29999999999999716,6.4,106,151,115,147,294,320,295,""-2.813"",""2.813"",""69.5"",""7.0"",""3.241810951"",45,33,9,3,1,1,11,24.4,1,2.2,""1.98"",""0.65"",""0.71"",""0.71"",""91.8"",164,39.39393939393939,9.090909090909092,6.666666666666667,5.02,-1.77,0.02,2.4,0.333,3,""1.803205128"",0.307,0.434,""-1.803205128"",0.027,0.026000000000000023,0.066,0.039,24.7,""24.1"",5.968637156399439,3.265956583289619,33.22811073516673,0.40476190476190477,35.08189307942132,27.90320208942672"
"155,543243,""Gray, Sonny"",1738,8.9,0.3,0.125,0.379,0.425,0.349,0.281,0.24,12,40,91.1,11.8,2522,88.4,88.73,20,77,78,0.29999999999999716,6.41,109,152,122,146,300,318,292,""-1.796"",""1.796"",""71.8"",""7.8"",""2.670861985"",44,30,9,2,0,1,10,22.7,4,9.1,""2.72"",""0.2"",""-0.11"",""-0.11"",""91.9"",143,46.666666666666664,3.3333333333333335,2.272727272727273,5.61,-0.59,0.46,1.85,0.364,1,""1.158709677"",0.309,0.313,""-1.158709677"",0.06,0.05499999999999999,0.112,0.068,26,""47.4"",11.974594283703581,-3.805729564609634,33.13447544665074,0.6493506493506493,38.03803306792918,33.19324912805378"
"155,547973,""Chapman, Aroldis"",649,23.9,0.211,0.211,0.261,0.421,0.299,0.281,0.203,8,38,91.7,12.5,2178,94.8,96.46,25,93,62,1.7000000000000028,7.13,105,150,120,143,296,316,291,""0.457"",""-0.457"",""71.4"",""7.3"",""2.583990137"",41,25,4,2,0,2,13,31.7,3,7.3,""1.45"",""1.1"",""0.4"",""-0.4"",""91.2"",172,44,8,4.878048780487805,6.17,0.34,-0.04,2.33,0.268,2,""-0.29483871"",0.262,0.385,""0.29483871"",0.008,0.006000000000000005,0.036,0.018,26.9,""52.5"",7.01772592043076,-1.1606908401698626,29.98898540186252,0.5376344086021505,36.348522106149616,29.532889176068938"
"155,593974,""Peralta, Wandy"",969,16,0.463,0.293,0.486,0.756,0.515,0.352,0.335,19,41,85.7,8.9,2106,92.2,91.26,19,80,75,-0.9000000000000057,5.74,111,147,119,142,303,323,289,""-6.538"",""6.538"",""68.5"",""7.2"",""2.840744455"",43,37,11,6,0,2,5,11.6,1,2.3,""2.17"",""0.52"",""1.17"",""-1.17"",""91.8"",153,40.54054054054054,5.405405405405405,4.651162790697675,5.99,0.46,0.36,2.06,0.465,2,""4.218064516"",0.345,0.473,""-4.218064516"",0.128,0.12000000000000005,0.283,0.163,23.8,""41.1"",7.1560157210641036,-3.8737239283658123,32.698209523791576,0.5189873417721519,40.87682459450697,32.64862949395805"
"154,669060,""Wilson, Bryse"",362,42.5,0.326,0.14,0.4,0.465,0.36,0.312,0.273,14,43,88.8,11.6,2075,89.5,89.82,21,92,62,0.29999999999999716,6.39,111,153,124,149,302,322,294,""-0.621"",""0.621"",""69.9"",""7.1"",""1.981717137"",45,32,12,0,0,2,11,24.4,1,2.2,""2.2"",""0.65"",""0.28"",""0.28"",""91.0"",142,43.75,3.125,2.2222222222222223,5.84,-2.86,0.2,2.51,0.356,1,""0.403246753"",0.305,0.412,""-0.403246753"",0.053,0.05099999999999999,0.053,0.048,22.8,""43.4"",6.46882507835411,3.631542597556276,31.435535415165724,0.5217391304347826,38.00517434927937,27.57265590014987"
"153,669062,""Miller, Erik"",698,21.9,0.222,0,0.4,0.222,0.269,0.255,0.185,6,27,80.1,1.4,2420,92,92.68,30,71,82,0.7000000000000028,6.69,109,151,122,146,296,320,293,""2.414"",""-2.414"",""64.9"",""7.1"",""3.222588001"",35,16,6,0,0,0,13,37.1,4,11.4,""2.33"",""0.4"",""0.58"",""-0.58"",""91.8"",153,31.25,0,0,6.44,1.61,-0.19,2.15,0.353,0,""-1.577777778"",0.327,0.216,""1.577777778"",0.037,0.025999999999999968,0.006,0.014,42.3,""39.6"",8.504068561640263,-4.255155069419134,33.75896532530314,0.3235294117647059,34.435988452749264,29.96460285951091"
"153,625643,""López, Reynaldo"",1228,12.5,0.333,0.133,0.438,0.467,0.347,0.29,0.261,15,45,88.6,11,2176,91.1,91.58,18,84,69,0.5,6.58,108,151,124,148,315,324,301,""-0.454"",""0.454"",""71.3"",""7.4"",""5.012399379"",45,33,11,3,0,1,12,26.7,0,0,""1.9"",""0.87"",""0.19"",""0.19"",""92.2"",157,39.39393939393939,9.090909090909092,6.666666666666667,5.63,-1.98,0.21,2.07,0.333,3,""0.296732026"",0.261,0.416,""-0.296732026"",0.072,0.07200000000000001,0.051,0.057,21.4,""39.0"",5.418433792644591,0.3804096388870185,31.64879335914455,0.36904761904761907,36.75184470234102,29.730385088208077"
"152,595345,""Okert, Steven"",896,17,0.176,0.088,0.227,0.265,0.201,0.203,0.185,6,34,90,21,2374,85.1,85.03,23,77,75,-0.09999999999999432,6.24,110,151,114,147,297,323,287,""3.267"",""-3.267"",""71.0"",""7.4"",""2.168943635"",37,24,5,0,0,1,12,32.4,0,0,""2.32"",""0.86"",""-0.2"",""0.2"",""91.8"",171,50,0,0,5.87,3.13,0.02,2.37,0.194,0,""-2.149342105"",0.203,0.262,""2.149342105"",-0.009,-0.009000000000000008,0.003,-0.002,29.9,""33.1"",9.34526606794994,-5.922300734853636,31.31216729703281,0.35526315789473684,36.561356873988274,32.65389391101691"
"152,687473,""Gusto, Ryan"",788,19.3,0.262,0.19,0.29,0.452,0.317,0.298,0.24,11,42,89.4,12.2,2315,88.9,89.2,16,80,72,0.29999999999999716,6.52,110,151,119,144,312,326,293,""-1.92"",""1.92"",""71.2"",""7.3"",""3.570917239"",45,33,7,2,0,2,10,22.2,1,2.2,""2.47"",""0.45"",""-0.01"",""-0.01"",""91.4"",153,39.39393939393939,9.090909090909092,6.666666666666667,5.66,-1.64,-0.02,2.48,0.289,3,""1.263157895"",0.269,0.429,""-1.263157895"",0.022,0.019999999999999962,0.023,0.019,20,""45.4"",8.62033928468215,0.7718153495863337,32.02147183889365,0.5625,34.807824807878696,29.06021405496207"
"152,621237,""Alvarado, José"",863,17.6,0.172,0.207,0.222,0.379,0.31,0.304,0.177,5,29,85,31.6,2044,94.8,96.04,16,61,91,1.2000000000000028,6.95,108,152,118,144,295,321,284,""0.829"",""-0.829"",""68.3"",""7.1"",""2.071113969"",35,19,2,1,1,1,10,28.6,6,17.1,""1.76"",""0.79"",""0.65"",""-0.65"",""90.1"",190,21.052631578947366,15.789473684210526,8.571428571428571,6.48,1.2,-0.37,2.5,0.314,3,""-0.545394737"",0.318,0.354,""0.545394737"",-0.005,-0.0040000000000000036,0.025,0.006,26.2,""58.4"",11.62340100368364,-7.385321202618939,32.762347307002216,0.47540983606557374,33.75381742280187,31.29266640347029"
"151,687223,""Palmquist, Carson"",313,48.2,0.387,0.065,0.48,0.452,0.416,0.319,0.269,12,31,85,22.4,2044,81.5,83.21,18,80,71,1.7000000000000028,7.35,99,150,117,146,307,329,302,""-3.182"",""3.182"",""69.8"",""7.6"",""6.715210793"",36,25,10,2,0,0,6,16.7,3,8.3,""3.17"",""0.36"",""-0.06"",""0.06"",""90.1"",165,16,0,0,4.89,3.08,0.02,2.1,0.472,0,""2.107284768"",0.37,0.322,""-2.107284768"",0.118,0.10199999999999998,0.13,0.097,22.5,""17.0"",10.708874688235683,-8.406866243641126,32.606767398978164,0.475,37.575351369514124,35.49826251655793"
"149,695505,""Burns, Chase"",2041,7.3,0.1,0.033,0.15,0.133,0.171,0.198,0.132,3,30,89.8,25.7,2760,93.6,93.85,16,65,84,0.30000000000001137,6.35,108,150,118,147,300,321,283,""4.241"",""-4.241"",""71.3"",""7.5"",""4.284518889"",34,20,2,1,0,0,10,29.4,4,11.8,""1.77"",""0.83"",""-0.02"",""-0.02"",""90.2"",194,20,0,0,6.58,-1.41,0.54,2.11,0.206,0,""-2.846308725"",0.234,0.173,""2.846308725"",-0.032,-0.028000000000000025,-0.04,-0.027,24.6,""53.6"",10.695469761541208,-0.5929508079149004,30.330313144484002,0.6,40.31848465912527,28.47999224166394"
"149,682989,""Mederos, Victor"",279,53.4,0.129,0.194,0.167,0.323,0.245,0.251,0.185,4,31,85.9,21.5,2528,93.9,94.74,29,70,79,0.7999999999999972,6.76,113,151,123,149,311,324,297,""1.929"",""-1.929"",""70.2"",""7.2"",""1.632769783"",35,19,1,1,1,1,12,34.3,4,11.4,""1.92"",""0.68"",""0.44"",""0.44"",""90.9"",184,31.57894736842105,5.263157894736842,2.857142857142857,5.21,-2.89,0.55,2.5,0.229,1,""-1.294630872"",0.279,0.266,""1.294630872"",-0.056,-0.05000000000000002,0.057,-0.006,41.4,""23.1"",8.01936874315378,2.88422943727511,28.416917227861315,0.5217391304347826,39.88306760966833,28.61290459511892"
"149,701542,""Warren, Will"",1928,7.7,0.282,0.231,0.37,0.513,0.346,0.312,0.303,11,39,94.3,14.8,2660,90.6,91.33,17,67,82,0.7000000000000028,6.81,108,151,128,150,298,328,292,""-0.309"",""0.309"",""70.5"",""7.4"",""3.979743849"",40,28,5,4,1,1,11,27.5,1,2.5,""2.29"",""0.52"",""0.22"",""0.22"",""93.9"",159,57.14285714285714,3.571428571428571,2.5,5.47,-3.35,0.49,2.29,0.3,1,""0.20738255"",0.32,0.396,""-0.20738255"",-0.021,-0.020000000000000018,0.117,0.034,25.4,""29.5"",7.541143254223083,1.5037851943369596,30.634760152233046,0.5970149253731343,39.29433814807175,27.772427608533228"
"148,623352,""Hader, Josh"",390,37.9,0.171,0.029,0.273,0.2,0.205,0.224,0.196,6,35,88.6,15.5,2349,90.1,90.38,30,79,69,0.30000000000001137,6.6,109,152,113,146,303,329,292,""3.7"",""-3.7"",""70.1"",""7.3"",""4.219732752"",38,22,5,1,0,0,13,34.2,3,7.9,""1.89"",""0.96"",""0.39"",""-0.39"",""90.6"",153,36.36363636363637,0,0,5.7,3.02,-0.15,2.39,0.237,0,""-2.5"",0.259,0.227,""2.5"",-0.025,-0.02200000000000002,-0.027,-0.019,38,""31.3"",9.737693778870325,-5.692176866376184,30.32663963062463,0.5128205128205128,34.83105361160516,31.884646994644136"
"148,666157,""Lodolo, Nick"",1087,13.6,0.27,0.108,0.31,0.378,0.313,0.371,0.322,10,37,93.2,15,2198,89.8,89.44,17,78,70,-0.3999999999999915,6.22,108,153,124,148,296,321,283,""1.045"",""-1.045"",""71.9"",""7.2"",""3.33214722"",40,30,8,1,0,1,7,17.5,3,7.5,""2.49"",""0.37"",""1.08"",""-1.08"",""92.0"",172,44.827586206896555,10.344827586206897,7.5,5.3,3.72,0.19,2.37,0.325,3,""-0.706081081"",0.374,0.478,""0.706081081"",-0.052,-0.04899999999999999,-0.1,-0.058,21.8,""13.7"",12.528138418034626,-2.8908618103114456,33.00856059364865,0.42857142857142855,38.253311466112656,31.252322144118054"
"147,695076,""Lowder, Rhett"",1514,9.7,0.216,0.081,0.25,0.297,0.248,0.261,0.219,8,37,88.3,3.9,2469,89,88.71,15,77,70,-0.29999999999999716,6.15,112,151,115,145,304,324,287,""2.208"",""-2.208"",""69.7"",""7.4"",""3.615586548"",40,32,5,3,0,0,5,12.5,1,2.5,""2.73"",""0.17"",""0.64"",""0.64"",""90.8"",116,26.666666666666668,6.666666666666667,5,5.54,-2.4,0.12,2.08,0.256,2,""-1.502040816"",0.261,0.327,""1.502040816"",-0.003,-0.0050000000000000044,-0.03,-0.013,19.5,""28.3"",8.6361469196142,-2.7063873740406366,34.13902839265006,0.43243243243243246,36.93017428730755,30.28115686665695"
"147,673513,""Matsui, Yuki"",747,19.7,0.296,0.259,0.3,0.556,0.432,0.368,0.241,8,27,84.7,24.9,2047,87.3,86.37,20,61,86,-0.8999999999999915,5.78,109,151,121,145,301,321,289,""-3.911"",""3.911"",""70.1"",""7.5"",""7.371382888"",34,22,5,1,0,2,5,14.7,7,20.6,""2.26"",""0.76"",""0.34"",""-0.34"",""91.6"",183,22.727272727272727,9.090909090909092,5.88235294117647,6.07,2,0.31,1.92,0.441,2,""2.660544218"",0.397,0.423,""-2.660544218"",0.055,0.043999999999999984,0.133,0.064,32.8,""53.3"",12.773453041689937,-9.021350092439482,34.39297303606448,0.41379310344827586,35.78299148081456,35.66563751753326"
"146,805326,""Schweitzer, Tyler"",360,40.6,0.194,0.161,0.2,0.355,0.286,0.32,0.248,6,31,91.3,10.2,2408,90.8,90.8,16,83,63,0,6.25,103,153,125,145,299,330,293,""1.291"",""-1.291"",""72.5"",""7.3"",""1.138132536"",35,26,3,2,0,1,5,14.3,4,11.4,""2.07"",""0.71"",""0.19"",""-0.19"",""91.8"",148,57.692307692307686,3.8461538461538463,2.857142857142857,5.79,2.22,0.11,2.33,0.286,1,""-0.884246575"",0.334,0.379,""0.884246575"",-0.054,-0.04800000000000004,-0.024,-0.034,19.3,""45.4"",6.692432487868114,5.148579579173838,29.53578529497279,0.5365853658536586,38.08300925044946,26.950330910881867"
"146,685126,""Eisert, Brandon"",640,22.8,0.333,0.333,0.375,0.667,0.446,0.366,0.284,11,33,90.9,10.6,2043,87,88.25,15,62,84,1.2000000000000028,7.07,109,152,118,146,305,324,291,""-4.864"",""4.864"",""72.3"",""7.4"",""3.002370768"",36,26,4,5,0,2,7,19.4,3,8.3,""2.42"",""0.6"",""0.22"",""-0.22"",""92.5"",155,30.76923076923077,11.538461538461538,8.333333333333332,5.04,3.98,0.14,2.26,0.389,3,""3.331506849"",0.344,0.508,""-3.331506849"",0.049,0.04500000000000004,0.159,0.08,24.2,""34.7"",10.572630320873152,-1.7072350441215074,34.293888966434984,0.4426229508196721,34.86639016471316,31.339626405741406"
"145,682608,""Gray, Peyton"",760,19.1,0.355,0.29,0.417,0.645,0.449,0.341,0.27,11,31,86.6,19.9,2306,88.7,89.72,19,69,76,1,6.95,108,152,116,145,305,332,299,""-4.63"",""4.63"",""72.4"",""7.7"",""3.163322068"",37,25,6,2,2,1,7,18.9,4,10.8,""2.08"",""0.84"",""0.49"",""0.49"",""90.7"",170,36,4,2.7027027027027026,5.62,-2.93,0.23,2.22,0.432,1,""3.193103448"",0.369,0.367,""-3.193103448"",0.085,0.063,0.278,0.108,27.5,""39.8"",11.105780566157335,-5.70967319409248,31.214871608412473,0.5,37.75317023119613,33.9392460812435"
"145,815083,""Farris, Mitch"",797,18.2,0.324,0.216,0.44,0.541,0.37,0.303,0.285,12,37,95.5,14,1997,86.7,87.27,18,77,68,0.5999999999999943,6.64,107,151,116,147,309,329,300,""-0.391"",""0.391"",""70.0"",""7.2"",""4.192176531"",37,26,6,5,0,1,11,29.7,0,0,""2.28"",""0.8"",""0.79"",""-0.79"",""93.3"",172,69.23076923076923,7.6923076923076925,5.405405405405405,6.23,0.78,0.11,2.08,0.324,2,""0.269655172"",0.285,0.421,""-0.269655172"",0.039,0.039000000000000035,0.12,0.067,23.4,""51.0"",8.547443401401411,-1.065528629743917,33.003873478965424,0.4342105263157895,36.35024822127906,30.90835770629188"
"144,687911,""King, Bryan"",819,17.6,0.395,0.526,0.375,0.921,0.568,0.423,0.287,15,38,87.8,14.7,2127,88.7,89.11,11,75,69,0.3999999999999915,6.49,109,151,118,147,303,327,287,""-7.852"",""7.852"",""70.7"",""6.7"",""2.054067549"",42,30,7,2,0,6,8,19,3,7.1,""2.16"",""0.77"",""-0.16"",""0.16"",""91.6"",178,44.827586206896555,24.137931034482758,16.666666666666664,5.59,2.67,-0.05,2.67,0.452,7,""5.452777778"",0.357,0.644,""-5.452777778"",0.108,0.09500000000000003,0.277,0.145,14.7,""35.4"",2.6532523574851172,9.939309835018989,29.293866504891078,0.3918918918918919,34.330798681773274,24.972920421511756"
"143,683000,""Cornelio, Riley"",410,34.9,0.269,0.192,0.4,0.462,0.341,0.261,0.19,7,26,88,16.4,2298,90,90.26,30,76,67,0.29999999999999716,6.39,104,150,117,147,306,328,299,""-2.301"",""2.301"",""69.8"",""7.7"",""7.829571973"",30,16,4,2,0,1,11,36.7,3,10,""2.17"",""0.68"",""0.27"",""0.27"",""91.0"",185,50,12.5,6.666666666666667,5.89,-2.65,0.23,2.22,0.333,2,""1.609090909"",0.277,0.257,""-1.609090909"",0.079,0.055999999999999994,0.205,0.08,39.5,""42.2"",14.945578786496144,-14.040454175438148,31.455001705007344,0.3333333333333333,37.107728510205426,37.875566178775166"
"142,681916,""Smith, Dylan"",405,35.1,0.167,0.2,0.222,0.367,0.232,0.263,0.183,5,30,90.9,20.9,2436,91.5,92.32,23,70,72,0.7999999999999972,6.62,107,152,122,147,301,321,295,""2.524"",""-2.524"",""72.2"",""7.5"",""3.296743667"",34,20,1,3,0,1,12,35.3,2,5.9,""1.78"",""0.96"",""-0.05"",""-0.05"",""92.5"",196,55.00000000000001,15,8.823529411764707,6.09,-1.42,0.36,2.32,0.212,3,""-1.777464789"",0.237,0.403,""1.777464789"",-0.016,-0.024999999999999994,-0.036,-0.031,32.9,""51.3"",10.582540569690597,-5.370721791569306,30.341726482720738,0.46153846153846156,39.24079005265966,32.19283115256499"
"141,623211,""Brazobán, Huascar"",884,16,0.259,0.111,0.333,0.37,0.317,0.289,0.226,7,27,85.3,13.1,2257,94.9,93.97,20,73,68,-0.9000000000000057,5.72,105,150,119,145,300,320,290,""0.986"",""-0.986"",""71.9"",""7.6"",""2.557674765"",32,21,4,3,0,0,7,21.9,4,12.5,""1.92"",""0.61"",""1.27"",""1.27"",""90.7"",125,28.57142857142857,0,0,5.99,-1.32,0.23,2.02,0.344,0,""-0.69929078"",0.339,0.264,""0.69929078"",0.033,0.004999999999999949,0.106,0.028,27.4,""38.1"",11.29150808253452,-6.682822649977383,29.110479202539665,0.5342465753424658,36.22854344684509,31.79453197140497"
"141,800311,""Fuentes, Didier"",864,16.3,0.182,0,0.286,0.182,0.177,0.217,0.184,6,33,86.7,8.1,2161,95.6,96.73,26,73,68,1.1000000000000085,6.95,110,152,127,149,313,323,299,""3.139"",""-3.139"",""70.1"",""7.0"",""3.230267275"",35,21,6,0,0,0,12,34.3,2,5.7,""1.51"",""1.01"",""0.51"",""0.51"",""90.6"",165,33.33333333333333,4.761904761904762,2.857142857142857,4.98,-2.2,0.39,2.55,0.229,1,""-2.226241135"",0.23,0.289,""2.226241135"",-0.002,-0.0010000000000000009,-0.107,-0.04,35.6,""26.7"",6.046485111522946,7.885169380743259,30.457686210551692,0.4714285714285714,38.439282227387416,25.21404509349464"
"141,641302,""Alexander, Tyler"",809,17.4,0.229,0.057,0.32,0.286,0.25,0.296,0.263,8,35,92.1,7.5,1978,87.9,87.99,18,63,78,0.09999999999999432,6.34,105,152,116,145,305,330,297,""1.167"",""-1.167"",""71.0"",""7.4"",""2.131719376"",37,25,6,2,0,0,10,27,2,5.4,""2.3"",""0.66"",""0.69"",""-0.69"",""92.4"",179,52,4,2.7027027027027026,5.51,2.52,0.11,2.33,0.27,1,""-0.827659574"",0.303,0.367,""0.827659574"",-0.034,-0.032999999999999974,-0.081,-0.046,28.6,""34.1"",8.46441306590017,3.372449927994386,32.64246850956332,0.49206349206349204,38.83427010618579,28.127355817847455"
"140,621112,""Blackburn, Paul"",914,15.3,0.152,0.091,0.174,0.242,0.214,0.286,0.219,5,33,85.6,4.9,2223,91.5,91.49,11,53,87,0,6.26,108,148,125,147,297,328,293,""2.346"",""-2.346"",""69.0"",""7.3"",""3.078851535"",36,24,4,0,0,1,9,25,3,8.3,""2.25"",""0.5"",""0.52"",""0.52"",""92.4"",127,37.5,4.166666666666666,2.7777777777777777,6,-1.97,0.33,2.1,0.222,1,""-1.675714286"",0.284,0.362,""1.675714286"",-0.067,-0.06199999999999997,-0.12,-0.072,20.8,""46.7"",8.069089563417776,0.24705681348449585,28.85975752282217,0.38461538461538464,36.48591552106083,31.062659403232086"
"140,666171,""Zeferjahn, Ryan"",1018,13.8,0.133,0.033,0.25,0.167,0.168,0.12,0.084,4,30,88.3,34.6,2399,91.5,92.19,24,63,77,0.7000000000000028,6.79,109,152,123,149,311,329,297,""3.957"",""-3.957"",""70.3"",""7.4"",""3.112488695"",32,16,3,1,0,0,14,43.8,0,0,""2.01"",""0.75"",""-0.39"",""-0.39"",""90.7"",155,37.5,0,0,5.66,-2.5,0.32,2.36,0.188,0,""-2.826428571"",0.141,0.097,""2.826428571"",0.049,0.047000000000000014,0.07,0.048,38.1,""35.9"",9.860965194165555,-4.218767129363739,29.925245810170203,0.47540983606557374,39.134693091157,31.80836414273935"
"140,665622,""Medina, Luis"",924,15.2,0.194,0.097,0.25,0.29,0.266,0.355,0.272,6,31,83.3,13.8,2430,91.8,91.7,16,67,73,-0.09999999999999432,6.18,104,149,113,144,298,312,289,""2.83"",""-2.83"",""66.8"",""7.3"",""5.486546677"",36,22,5,0,0,1,10,27.8,3,8.3,""2.28"",""0.46"",""0.12"",""0.12"",""90.2"",161,27.27272727272727,13.636363636363635,8.333333333333332,6.03,-1.39,0.3,2.22,0.286,3,""-2.021428571"",0.355,0.45,""2.021428571"",-0.078,-0.069,-0.16,-0.089,23.9,""38.2"",11.033593757691474,-2.4935118242645453,30.216634716901766,0.40625,39.041750347482306,30.43354923617051"
"140,489446,""Yates, Kirby"",535,26.2,0.276,0.172,0.333,0.448,0.326,0.268,0.21,8,29,89.5,17,1957,88.9,88.49,16,85,55,-0.4000000000000057,6.12,110,152,120,148,312,327,298,""-0.004"",""0.004"",""69.6"",""7.0"",""1.865088679"",32,22,5,2,0,1,8,25,1,3.1,""2.19"",""0.72"",""1"",""1"",""90.9"",166,50,9.090909090909092,6.25,5.15,-2.33,0.02,2.32,0.313,2,""0.002857143"",0.255,0.359,""-0.002857143"",0.066,0.057999999999999996,0.089,0.058,18.8,""19.2"",4.946173939881095,0.04247251554421888,32.46511057404977,0.4470588235294118,33.93151535913897,28.90850677530419"
"139,681190,""Vásquez, Randy"",1730,8,0.098,0,0.098,0.098,0.111,0.218,0.202,4,41,88.8,13.1,2602,92.6,92.28,4,72,67,-0.29999999999999716,6.06,112,150,121,145,302,324,292,""7.922"",""-7.922"",""70.1"",""7.3"",""1.552637076"",45,41,4,0,0,0,2,4.4,1,2.2,""1.88"",""0.79"",""0.39"",""0.39"",""91.3"",151,34.146341463414636,2.4390243902439024,2.2222222222222223,5.97,-1.77,0.28,2.38,0.133,1,""-5.699280576"",0.229,0.271,""5.699280576"",-0.104,-0.096,-0.173,-0.107,5.6,""34.1"",8.841129633076163,-0.45727801757144804,30.502138169569783,0.5909090909090909,39.10035934223666,29.464932303613594"
"138,700669,""Graceffo, Gordon"",841,16.4,0.258,0.129,0.389,0.387,0.316,0.271,0.203,8,31,87.2,4,2107,91.2,91.24,13,60,78,0,6.31,108,152,117,146,309,315,291,""-0.539"",""0.539"",""67.8"",""6.8"",""3.341663909"",34,19,6,1,0,1,12,35.3,3,8.8,""2.29"",""0.47"",""0.4"",""0.4"",""90.9"",128,31.57894736842105,10.526315789473683,5.88235294117647,6.01,-1.3,-0.12,2.12,0.324,2,""0.39057971"",0.274,0.332,""-0.39057971"",0.055,0.04999999999999999,0.055,0.045,21.7,""52.0"",4.67967015647948,2.463744290901185,32.115549442766216,0.3620689655172414,32.86610529589725,28.220779439445856"
"138,622088,""Antone, Tejay"",620,22.3,0.179,0.179,0.182,0.357,0.258,0.267,0.23,5,28,82.2,22,2859,85.8,85.63,12,62,76,-0.20000000000000284,6.15,108,151,118,147,303,326,286,""1.151"",""-1.151"",""69.1"",""7.4"",""4.365504759"",31,23,2,2,0,1,5,16.1,2,6.5,""2.92"",""0.2"",""-0.85"",""-0.85"",""90.5"",181,21.73913043478261,4.3478260869565215,3.225806451612903,5.58,-1.89,0.31,2.29,0.233,1,""-0.834057971"",0.281,0.32,""0.834057971"",-0.051,-0.048000000000000015,0.037,-0.009,19.4,""25.5"",9.303831961023475,-1.6730328816671434,32.07829904299626,0.5409836065573771,41.18759047250067,29.834427846511463"
"137,660853,""De Los Santos, Enyel"",864,15.9,0.258,0.226,0.3,0.484,0.339,0.235,0.193,8,31,87,20.9,2193,90.9,91.13,22,73,64,0.19999999999998863,6.45,112,152,116,148,296,323,284,""-0.91"",""0.91"",""70.1"",""7.3"",""3.885788253"",33,22,5,1,0,2,9,27.3,2,6.1,""1.87"",""0.91"",""0.58"",""0.58"",""90.2"",146,31.818181818181817,0,0,5.4,-2.2,0.32,2.37,0.303,0,""0.664233577"",0.242,0.284,""-0.664233577"",0.065,0.061,0.2,0.104,30.1,""24.3"",8.952248838385717,-5.602117445131393,26.887765289270554,0.5342465753424658,37.95838847542062,31.887177064469387"
"136,622554,""Domínguez, Seranthony"",783,17.4,0.207,0.31,0.214,0.517,0.351,0.26,0.142,6,29,87.8,18.2,2312,93.3,93.58,22,68,68,0.29999999999999716,6.47,108,151,117,145,296,326,289,""-0.37"",""0.37"",""70.5"",""7.4"",""3.382654108"",33,17,3,0,0,3,12,36.4,4,12.1,""1.81"",""0.84"",""0.16"",""0.16"",""90.7"",204,35.294117647058826,17.647058823529413,9.090909090909092,5.63,-1.68,0.25,2.17,0.303,3,""0.272058824"",0.25,0.331,""-0.272058824"",0.065,0.05299999999999999,0.186,0.091,32.4,""31.2"",8.421643175417358,-1.2295323668340636,28.428991898926416,0.5074626865671642,38.4833580535924,30.731803798983485"
"136,683618,""Henriquez, Edgardo"",760,17.9,0.259,0,0.389,0.259,0.316,0.318,0.253,7,27,76.1,-3.4,2626,96,96.48,20,61,75,0.5,6.51,108,148,117,143,301,315,290,""-0.417"",""0.417"",""66.9"",""7.2"",""4.304758266"",34,19,7,0,0,0,9,26.5,5,14.7,""1.79"",""0.71"",""0.5"",""0.5"",""89.4"",121,21.052631578947366,0,0,6.01,-2.08,0.13,2.26,0.394,0,""0.306617647"",0.389,0.281,""-0.306617647"",0.006,0.0050000000000000044,-0.022,-0.002,32.8,""36.9"",7.5227734197393366,-3.856830370886857,32.047105079348796,0.41379310344827586,37.24571657481384,29.318895935481468"
"136,623454,""Anderson, Drew"",1129,12,0.258,0.258,0.286,0.516,0.37,0.314,0.2,8,31,90.9,8.7,2229,90.9,91.22,15,57,79,0.29999999999999716,6.52,107,150,118,146,306,329,289,""-2.697"",""2.697"",""69.5"",""7.0"",""1.880722857"",35,23,5,0,1,2,8,22.9,3,8.6,""2.65"",""0.16"",""0.26"",""0.26"",""92.4"",150,34.78260869565217,13.043478260869565,8.571428571428571,5.61,-2.11,0.14,2.33,0.343,3,""1.983088235"",0.292,0.424,""-1.983088235"",0.058,0.051000000000000045,0.092,0.056,26.3,""40.5"",8.622838272051846,-0.3548841345410554,31.377813292574505,0.631578947368421,36.218005413755826,28.15171297922514"
"135,656794,""Newcomb, Sean"",1006,13.4,0.233,0.167,0.273,0.4,0.321,0.36,0.284,7,30,90.5,21.3,2436,90.2,89.27,15,62,73,-0.9000000000000057,5.77,103,150,114,143,290,320,288,""-0.015"",""0.015"",""69.0"",""7.0"",""2.686061099"",35,23,5,0,1,1,7,20,4,11.4,""2.33"",""0.51"",""0.14"",""-0.14"",""91.5"",177,39.130434782608695,13.043478260869565,8.571428571428571,5.8,2.8,0.1,2.43,0.343,3,""0.011111111"",0.386,0.449,""-0.011111111"",-0.051,-0.04299999999999998,-0.049,-0.039,24.2,""26.8"",6.297708654642405,4.803335656674409,31.575717808622368,0.4918032786885246,34.63748031959244,26.34556317477378"
"135,681982,""Anderson, Grant"",745,18.1,0.125,0.031,0.174,0.156,0.14,0.164,0.159,4,32,87.2,9,2482,88.8,89.22,19,70,65,0.4000000000000057,6.49,111,149,122,143,308,325,300,""5.087"",""-5.087"",""68.0"",""7.2"",""5.795030298"",33,23,3,1,0,0,9,27.3,1,3,""2.58"",""0.34"",""0.34"",""0.34"",""91.1"",109,30.434782608695656,0,0,4.38,-2.11,0.36,2.07,0.152,0,""-3.768148148"",0.185,0.179,""3.768148148"",-0.034,-0.033,-0.023,-0.024,27.1,""5.1"",10.262823049278289,-7.4723153721087705,34.44075540741373,0.4852941176470588,37.574945569841546,31.91094483154932"
"135,669020,""Rolison, Ryan"",719,18.8,0.333,0.037,0.409,0.37,0.349,0.395,0.35,9,27,91.2,12.3,2413,89.2,89.68,6,56,79,0.5,6.53,110,153,120,149,308,322,293,""0.282"",""-0.282"",""70.7"",""7.1"",""4.428291306"",30,22,8,1,0,0,5,16.7,3,10,""2.65"",""0.27"",""-0.16"",""0.16"",""92.3"",158,50,9.090909090909092,6.666666666666667,5.91,1.74,-0.09,2.1,0.4,2,""-0.208888889"",0.415,0.49,""0.208888889"",-0.017,-0.014999999999999958,-0.12,-0.046,10.7,""48.4"",6.049431893917729,5.0885375071139,32.87442232191866,0.46296296296296297,35.93943749494884,26.350639020602163"
"134,677865,""Bruihl, Justin"",971,13.8,0.25,0.094,0.333,0.344,0.283,0.247,0.213,8,32,85.1,12.5,2139,82.7,83.05,12,57,77,0.3999999999999915,6.67,107,153,116,148,310,317,291,""0.222"",""-0.222"",""71.3"",""7.5"",""1.955938527"",35,24,5,3,0,0,8,22.9,3,8.6,""3.38"",""0.02"",""0.13"",""-0.13"",""91.0"",144,20.833333333333336,4.166666666666666,2.857142857142857,4.83,3.52,0.33,2.16,0.314,1,""-0.165671642"",0.28,0.296,""0.165671642"",0.037,0.033999999999999975,0.048,0.036,21.1,""26.3"",12.384911371339323,-5.400955699002004,33.74810338214727,0.44642857142857145,36.84037350781614,37.55724462709648"
"134,665660,""Alvarado, Elvis"",626,21.4,0.24,0.24,0.313,0.48,0.398,0.385,0.185,6,25,84.6,18.2,2348,96.3,95.33,19,60,74,-1,5.74,107,151,114,147,301,320,287,""-3.947"",""3.947"",""68.1"",""7.2"",""4.063873036"",35,17,2,3,0,1,9,25.7,7,20,""1.53"",""0.95"",""0.86"",""0.86"",""91.7"",212,41.17647058823529,17.647058823529413,8.571428571428571,5.76,-2.36,0.06,2.35,0.429,3,""2.945522388"",0.409,0.354,""-2.945522388"",0.055,0.020000000000000018,0.126,0.013,31.7,""21.5"",8.72126546643536,3.0011816241351816,33.125506643261964,0.5862068965517241,37.557031167323096,30.0281074639759"
"133,701656,""Henderson, Logan"",759,17.5,0.147,0.118,0.19,0.265,0.176,0.125,0.124,5,34,84.9,22.8,2420,88.3,88.32,19,67,66,0,6.31,109,153,126,149,306,328,301,""3.266"",""-3.266"",""70.4"",""7.5"",""3.449046566"",34,22,3,1,0,1,12,35.3,0,0,""1.93"",""1.03"",""0.76"",""0.76"",""90.4"",147,31.818181818181817,0,0,5.16,-1.67,0.05,2.31,0.147,0,""-2.455639098"",0.124,0.163,""2.455639098"",0.023,0.022999999999999993,0.102,0.051,28.4,""30.0"",8.691085845172099,-2.814032317449724,32.987034319743806,0.3880597014925373,34.08742294344192,30.2815110266526"
"133,663855,""Hicks, Jordan"",602,22.1,0.129,0.065,0.2,0.194,0.156,0.191,0.18,4,31,83.4,16.9,2213,94.8,94.71,17,63,70,-0.09999999999999432,6.24,105,148,118,143,298,325,285,""3.64"",""-3.64"",""68.5"",""7.0"",""9.176980118"",32,20,2,2,0,0,11,34.4,1,3.1,""2.03"",""0.55"",""0.48"",""0.48"",""90.1"",159,25,0,0,6,-1.84,0.29,2.18,0.156,0,""-2.736842105"",0.206,0.221,""2.736842105"",-0.051,-0.04999999999999999,-0.027,-0.035,27,""38.8"",7.925188010489343,1.3903584981650678,30.568784358400066,0.27419354838709675,35.3280355109514,27.125576327599376"
"132,670990,""Ramírez, Yohan"",1088,12.1,0.138,0.069,0.267,0.207,0.2,0.242,0.166,4,29,82.4,25.1,2531,90,90.79,22,54,78,0.7999999999999972,6.93,106,150,120,148,306,320,293,""3.413"",""-3.413"",""68.5"",""7.4"",""5.727978848"",32,15,2,2,0,0,14,43.8,3,9.4,""2.51"",""0.36"",""-0.13"",""-0.13"",""90.7"",167,26.666666666666668,6.666666666666667,3.125,5.13,-3.11,0.35,2.11,0.219,1,""-2.585606061"",0.245,0.29,""2.585606061"",-0.028,-0.025999999999999995,-0.083,-0.042,40.7,""25.6"",9.895193600386078,-4.2546945471134565,31.237535477109837,0.4716981132075472,39.85034117626994,32.399576057146476"
"132,696070,""Rojas, Kendry"",521,25.3,0.24,0.2,0.313,0.44,0.368,0.325,0.198,6,25,84.8,25.4,2166,93.5,94.51,20,59,73,1,6.74,105,152,118,146,296,324,292,""-1.294"",""1.294"",""71.0"",""7.1"",""1.824389937"",31,17,3,2,0,1,8,25.8,6,19.4,""1.66"",""0.94"",""0.45"",""-0.45"",""90.7"",195,23.52941176470588,5.88235294117647,3.225806451612903,5.87,1.54,-0.04,2.34,0.387,1,""0.98030303"",0.353,0.355,""-0.98030303"",0.042,0.03400000000000003,0.085,0.043,33.9,""43.4"",5.919401018985472,7.659895612350409,32.71889868907006,0.4745762711864407,36.68835568674573,23.17521463509678"
"132,683769,""Gaddis, Hunter"",678,19.5,0.111,0.037,0.136,0.148,0.204,0.324,0.221,3,27,84.3,21.9,2289,90.7,92.01,20,68,64,1.2999999999999972,7.03,103,152,120,146,298,325,293,""2.444"",""-2.444"",""70.0"",""7.4"",""4.384383794"",32,22,2,1,0,0,5,15.6,5,15.6,""1.94"",""0.86"",""0.07"",""0.07"",""90.6"",171,40.909090909090914,9.090909090909092,6.25,6.22,-1.75,0.52,2.31,0.25,2,""-1.851515152"",0.342,0.378,""1.851515152"",-0.11,-0.09200000000000003,-0.23,-0.12,29.4,""37.8"",11.820261053236049,-1.8321573643906248,28.707677226319326,0.5970149253731343,40.15019523077975,32.33812511580636"
"131,693686,""Miles, Spencer"",1185,11.1,0.229,0,0.308,0.229,0.217,0.187,0.186,8,35,82.6,7.2,2464,91.9,92.53,10,57,74,0.5999999999999943,6.77,108,148,117,144,296,311,282,""3.037"",""-3.037"",""68.9"",""7.1"",""5.856864216"",36,26,8,0,0,0,9,25,1,2.8,""2.47"",""0.28"",""0.49"",""0.49"",""91.0"",107,26.923076923076923,0,0,5.86,-1.24,0.28,2.52,0.25,0,""-2.318320611"",0.209,0.205,""2.318320611"",0.043,0.04100000000000001,0.024,0.03,17.5,""37.4"",5.355541987004848,3.635927029662187,28.790640227322697,0.4642857142857143,37.32656341840937,26.075586130073408"
"131,676083,""Junk, Janson"",1316,10,0.235,0.294,0.208,0.529,0.353,0.302,0.223,8,34,89.4,21,2311,88.5,88.49,8,68,63,0,6.45,107,151,121,145,303,330,293,""-2.339"",""2.339"",""71.9"",""7.6"",""4.291277339"",37,27,4,1,0,3,7,18.9,3,8.1,""2.31"",""0.66"",""-0.04"",""-0.04"",""90.8"",152,29.629629629629626,7.4074074074074066,5.405405405405405,5.68,-1.14,0.35,2.23,0.297,2,""1.785496183"",0.286,0.407,""-1.785496183"",0.012,0.01100000000000001,0.122,0.051,11.8,""44.9"",11.398807160158173,-4.8747644549265186,30.70216843495233,0.5671641791044776,37.614750623938896,32.355969587618596"
"131,695239,""Ahlstrom, Robby"",412,31.8,0.167,0.167,0.188,0.333,0.282,0.345,0.251,4,24,84.2,14,1939,91.3,91.35,24,69,62,0.10000000000000853,6.32,107,152,118,145,306,330,296,""0.47"",""-0.47"",""71.9"",""7.2"",""2.105927709"",28,17,2,1,0,1,7,25,3,10.7,""1.78"",""0.97"",""0.67"",""-0.67"",""90.0"",188,29.411764705882355,5.88235294117647,3.571428571428571,6.15,2.21,0.22,2.63,0.286,1,""-0.358778626"",0.358,0.419,""0.358778626"",-0.084,-0.07200000000000001,-0.086,-0.063,34.8,""49.6"",8.159880787006616,3.157936834221435,31.456479970126193,0.45588235294117646,38.5747830621929,28.254354177161833"
"130,660604,""Rangel, Alan"",436,29.8,0.263,0.368,0.333,0.632,0.453,0.307,0.187,5,19,85.4,12,2184,85.9,86.56,12,54,76,0.6999999999999886,6.55,113,152,121,145,293,322,287,""-2.216"",""2.216"",""68.3"",""7.7"",""4.958236628"",25,11,2,1,0,2,8,32,6,24,""2.18"",""0.94"",""0.24"",""0.24"",""89.5"",149,27.27272727272727,0,0,6.2,0.43,0.42,2.09,0.44,0,""1.704615385"",0.382,0.233,""-1.704615385"",0.076,0.057999999999999996,0.399,0.146,22.2,""69.6"",13.051768190975167,-2.315116873830421,35.225292040228034,0.39622641509433965,39.70795788299427,30.60272802243939"
"130,668984,""Legumina, Casey"",811,16,0.241,0.069,0.292,0.31,0.312,0.302,0.208,7,29,80,10.2,2412,89.2,90.27,15,68,62,1.0999999999999943,6.86,101,153,120,148,310,331,297,""0.472"",""-0.472"",""68.6"",""7.1"",""3.019505997"",37,25,5,2,0,0,6,16.2,3,8.1,""2.16"",""0.73"",""0.72"",""0.72"",""89.8"",144,16,4,2.7027027027027026,4.5,-2.15,0.11,2.27,0.361,1,""-0.363076923"",0.338,0.299,""0.363076923"",0.033,0.022999999999999965,0.011,0.01,22.1,""15.5"",7.699195546036951,0.17206004144247758,28.833709131942182,0.5588235294117647,36.33075875579475,29.786630124583393"
"128,642528,""Loáisiga, Jonathan"",731,17.5,0.143,0,0.235,0.143,0.147,0.234,0.216,4,28,86,-1.4,2296,95.2,95.55,20,66,62,0.3999999999999915,6.44,111,150,120,148,307,321,284,""3.427"",""-3.427"",""70.2"",""7.3"",""2.215467096"",29,17,4,0,0,0,11,37.9,1,3.4,""2.01"",""0.51"",""0.9"",""0.9"",""90.7"",109,29.411764705882355,5.88235294117647,3.4482758620689653,5.37,-1.72,0.07,2.29,0.172,1,""-2.67734375"",0.243,0.286,""2.67734375"",-0.073,-0.07100000000000001,-0.143,-0.087,30.3,""41.8"",7.795560508806524,0.3539464940626229,30.96666167659959,0.546875,35.43748045304013,28.217682477202068"
"128,573204,""Thielbar, Caleb"",640,20,0.303,0.242,0.4,0.545,0.362,0.361,0.288,10,33,91.2,16.5,2450,84.6,84.47,18,70,58,-0.09999999999999432,6.25,109,153,120,150,306,324,293,""-0.902"",""0.902"",""70.0"",""7.5"",""2.937749744"",33,22,6,2,0,2,11,33.3,0,0,""3.15"",""0.13"",""-0.16"",""0.16"",""92.2"",159,40.909090909090914,13.636363636363635,9.090909090909092,6.11,-0.11,0.09,2.25,0.303,3,""0.7046875"",0.288,0.566,""-0.7046875"",0.015,0.015000000000000013,-0.021,0.001,25.7,""56.6"",11.937486471164197,-8.32418978498252,30.99111018435885,0.5142857142857142,37.66487159035967,35.012543238572874"
"128,628452,""Iglesias, Raisel"",656,19.5,0.296,0.148,0.389,0.444,0.38,0.326,0.207,8,27,89.4,7.4,2304,91.9,91.93,14,67,61,0,6.28,112,151,125,149,311,323,298,""-0.511"",""0.511"",""72.2"",""7.6"",""3.27541324"",32,19,6,1,0,1,8,25,4,12.5,""2"",""0.71"",""0.92"",""0.92"",""91.7"",152,47.368421052631575,15.789473684210526,9.375,5.33,-1.92,0.24,2.2,0.406,3,""0.39921875"",0.331,0.399,""-0.39921875"",0.089,0.07500000000000001,0.045,0.054,20.9,""28.7"",11.006611510877164,-4.270922297594841,32.97111898481115,0.5384615384615384,35.242739392496276,30.891798324892186"
"128,691799,""Taylor, Grant"",962,13.3,0.074,0,0.118,0.074,0.13,0.167,0.115,2,27,87,-8.5,2382,92.7,94.15,12,58,70,1.3999999999999915,7.02,100,149,117,144,298,329,290,""4.818"",""-4.818"",""68.8"",""6.8"",""2.474225897"",30,17,2,0,0,0,10,33.3,2,6.7,""2.33"",""0.36"",""0.16"",""0.16"",""89.9"",104,17.647058823529413,0,0,5.86,-0.61,0.1,2.34,0.167,0,""-3.7640625"",0.203,0.131,""3.7640625"",-0.041,-0.036000000000000004,-0.057,-0.037,20.7,""57.6"",2.9376883702725705,9.205664505177287,28.910571726930613,0.3508771929824561,34.75237712246549,24.085400695542358"
"128,676263,""Dreyer, Jack"",746,17.2,0.138,0.034,0.25,0.172,0.172,0.222,0.161,4,29,88.9,1.2,2457,90.4,90.88,30,68,60,0.5,6.66,105,151,118,146,301,316,287,""3.929"",""-3.929"",""68.6"",""7.0"",""1.788211856"",32,16,3,1,0,0,13,40.6,3,9.4,""2.3"",""0.54"",""0.06"",""-0.06"",""91.2"",118,37.5,6.25,3.125,6.03,2.21,0.07,2.39,0.219,1,""-3.06953125"",0.24,0.284,""3.06953125"",-0.023,-0.02099999999999999,-0.112,-0.05,44.1,""58.3"",6.637511562809929,5.388165456589109,31.47857534918009,0.4626865671641791,37.77826471564589,26.76407582558346"
"127,623474,""Herget, Jimmy"",613,20.7,0.24,0.32,0.286,0.56,0.374,0.28,0.202,6,25,85.1,11.9,2674,84.2,82.67,17,56,71,-1.5,5.09,103,149,116,143,305,327,292,""-1.374"",""1.374"",""70.5"",""7.8"",""4.379366698"",30,16,2,2,0,2,10,33.3,3,10,""2.88"",""0.35"",""-0.08"",""-0.08"",""90.5"",166,25,6.25,3.3333333333333335,4.83,-2.7,0.43,2.31,0.333,1,""1.081889764"",0.302,0.319,""-1.081889764"",0.038,0.031000000000000028,0.241,0.094,30.4,""-0.2"",15.928799120109993,-11.35647830056121,31.694474226545598,0.4423076923076923,39.23079505067173,34.98689306811406"
"127,681911,""Vesia, Alex"",734,17.3,0.13,0.217,0.143,0.348,0.315,0.28,0.156,3,23,89.4,19.6,2334,88.6,88.89,18,52,75,0.30000000000001137,6.41,108,151,120,147,302,314,288,""-0.862"",""0.862"",""69.4"",""6.8"",""2.499027756"",32,15,0,2,0,1,8,25,9,28.1,""1.57"",""1.35"",""0.32"",""-0.32"",""90.9"",149,33.33333333333333,0,0,6.03,0.18,0.01,2.7,0.375,0,""0.678740157"",0.393,0.195,""-0.678740157"",-0.026,-0.018000000000000016,0.153,0.035,34.6,""68.8"",3.060008236643229,3.88364208705368,30.469188719377005,0.46153846153846156,36.326730024113985,27.98442651936794"
"126,669199,""Bachar, Lake"",1032,12.2,0.179,0.214,0.15,0.393,0.299,0.322,0.206,5,28,84.9,25.2,2810,89.8,88.89,15,54,72,-0.8999999999999915,5.79,112,153,120,148,307,324,290,""0.749"",""-0.749"",""68.4"",""7.4"",""5.123366714"",32,22,3,0,0,2,6,18.8,3,9.4,""2.47"",""0.38"",""0.18"",""0.18"",""92.3"",153,22.727272727272727,13.636363636363635,9.375,5.88,-1.59,0.19,2.11,0.281,3,""-0.594444444"",0.305,0.43,""0.594444444"",-0.027,-0.023999999999999966,-0.037,-0.023,27.8,""39.8"",10.913857181969606,-3.6477804292920952,31.117654504566783,0.5370370370370371,36.93122774183536,30.584148573105693"
"125,669387,""Mlodzinski, Carmen"",1637,7.6,0.258,0.129,0.333,0.387,0.292,0.325,0.299,8,31,91.3,8.2,2236,90.7,91.11,11,57,68,0.3999999999999915,6.49,104,150,118,148,308,320,293,""0.381"",""-0.381"",""68.7"",""7.2"",""2.494094849"",32,22,6,1,0,1,9,28.1,1,3.1,""2.37"",""0.43"",""0.44"",""0.44"",""92.8"",160,54.54545454545454,9.090909090909092,6.25,5.12,-1.55,0.18,2.29,0.281,2,""-0.3048"",0.321,0.425,""0.3048"",-0.041,-0.03999999999999998,-0.038,-0.033,19.3,""27.0"",6.261579433227255,6.523935746837603,33.974486766047505,0.5263157894736842,35.845699722127485,26.30260616321139"
"124,670059,""Holderman, Colin"",725,17.1,0.207,0,0.24,0.207,0.218,0.248,0.229,6,29,78.3,1.3,2454,91.3,91.5,13,49,75,0.20000000000000284,6.46,105,151,121,146,299,322,302,""2.9"",""-2.9"",""68.6"",""7.3"",""3.368692919"",33,26,6,0,0,0,4,12.1,2,6.1,""2.4"",""0.38"",""0.33"",""0.33"",""90.6"",114,23.076923076923077,0,0,5.35,-2.04,0.37,2.22,0.281,0,""-2.338709677"",0.301,0.266,""2.338709677"",-0.022,-0.019999999999999962,-0.059,-0.03,26.5,""23.2"",10.330521467171806,-1.9857862763994756,30.579315218157294,0.5531914893617021,37.66645166839659,30.1886717921701"
"124,660761,""Suarez, José"",1001,12.4,0.233,0.367,0.182,0.6,0.348,0.275,0.229,7,30,88.9,18.7,2168,86.1,85.62,17,67,57,-0.5,5.86,105,150,115,145,300,322,288,""0.453"",""-0.453"",""68.8"",""7.4"",""2.488612069"",30,25,2,2,0,3,5,16.7,0,0,""2.51"",""0.62"",""0.58"",""-0.58"",""92.0"",188,36,8,6.666666666666667,5.69,2.07,0.09,2.05,0.233,2,""-0.365322581"",0.229,0.422,""0.365322581"",0.004,0.0040000000000000036,0.178,0.073,25.4,""39.2"",11.581342169544266,-3.6274744278295143,33.09732390885973,0.578125,37.595340741494304,32.63244915446598"
"123,676604,""Zuber, Tyler"",358,34.4,0.207,0.276,0.211,0.483,0.317,0.265,0.19,6,29,89.5,14.6,2522,90,89.57,16,65,58,-0.4000000000000057,6.04,111,152,119,147,310,327,290,""-0.157"",""0.157"",""69.1"",""7.1"",""1.989670898"",31,21,2,2,0,2,8,25.8,1,3.2,""2.06"",""0.79"",""-0.05"",""-0.05"",""91.0"",158,42.857142857142854,4.761904761904762,3.225806451612903,4.98,-2.43,0.14,2.37,0.258,1,""0.127642276"",0.242,0.361,""-0.127642276"",0.017,0.016000000000000014,0.122,0.052,24.6,""29.6"",4.965372423876936,4.585516746450876,32.56452748734567,0.38095238095238093,35.95768979874678,25.690976952154337"
"123,650556,""Abreu, Bryan"",765,16.1,0.043,0.13,0,0.174,0.138,0.175,0.113,1,23,91.1,16.6,2580,92.3,92.76,19,54,69,0.5,6.65,111,150,113,145,300,325,286,""3.873"",""-3.873"",""67.9"",""7.1"",""5.540129302"",25,12,0,0,0,1,11,44,2,8,""2.16"",""0.55"",""-0.03"",""-0.03"",""90.0"",153,27.27272727272727,0,0,5.64,-2.35,0.37,2.43,0.12,0,""-3.148780488"",0.187,0.185,""3.148780488"",-0.07,-0.067,-0.011,-0.037,35.2,""42.6"",9.012108395730683,1.6684581469212432,28.818358937767396,0.5740740740740741,38.55354228017948,30.23279066677616"
"123,666277,""Soriano, George"",862,14.3,0.292,0.292,0.357,0.583,0.429,0.341,0.198,7,24,89.8,15.4,2214,91.6,91.99,12,53,70,0.4000000000000057,6.48,106,149,113,144,317,326,297,""-3.038"",""3.038"",""72.3"",""7.6"",""4.860374134"",29,16,4,1,0,2,8,27.6,4,13.8,""2.33"",""0.41"",""0.48"",""0.48"",""92.5"",146,43.75,12.5,6.896551724137931,5.58,-2.5,0.25,2.21,0.414,2,""2.469918699"",0.337,0.442,""-2.469918699"",0.094,0.07699999999999996,0.141,0.088,22.6,""34.5"",12.757321862075408,-9.953420573223537,32.947964133023945,0.46153846153846156,36.25431179623006,34.50706651158778"
"122,676617,""O'Brien, Riley"",798,15.3,0.174,0.087,0.286,0.261,0.28,0.294,0.173,4,23,82.1,21.1,2213,92.4,93.01,12,43,79,0.5999999999999943,6.73,108,151,113,146,315,328,300,""0.998"",""-0.998"",""70.1"",""7.4"",""4.399845296"",28,14,2,2,0,0,9,32.1,3,10.7,""2.55"",""0.18"",""0.53"",""0.53"",""91.6"",152,35.714285714285715,7.142857142857142,3.571428571428571,5.61,-1.58,0.41,2.23,0.321,1,""-0.818032787"",0.321,0.308,""0.818032787"",0.001,0,-0.047,-0.014,27.9,""32.1"",8.876251185242635,-2.0546452381160325,31.299369983962926,0.43902439024390244,36.47533961618439,29.474375383724066"
"122,608372,""Sugano, Tomoyuki"",1721,7.1,0.265,0.294,0.231,0.559,0.358,0.42,0.342,9,34,93.9,12,2337,89.1,89.48,12,58,64,0.4000000000000057,6.24,110,153,118,147,306,334,295,""-1.665"",""1.665"",""73.2"",""7.6"",""1.96608769"",35,29,5,1,0,3,5,14.3,1,2.9,""2.35"",""0.5"",""0.3"",""0.3"",""93.2"",202,44.827586206896555,13.793103448275861,11.428571428571429,5.89,-2.64,0.57,1.8,0.286,4,""1.364754098"",0.361,0.634,""-1.364754098"",-0.077,-0.07500000000000001,-0.075,-0.062,20.7,""40.8"",10.30600629165558,-2.6784781161223443,30.753251676571566,0.631578947368421,38.32801793463023,31.187393528797287"
"121,518585,""Cruz, Fernando"",872,13.9,0.269,0.308,0.333,0.577,0.37,0.278,0.191,7,26,88.8,3.5,1427,84.1,85.13,21,59,62,1,6.94,105,146,120,144,294,327,291,""-0.119"",""0.119"",""68.4"",""7.8"",""5.541924306"",27,17,3,2,0,2,9,33.3,1,3.7,""2.81"",""0.45"",""0.11"",""0.11"",""91.3"",133,35.294117647058826,23.52941176470588,14.814814814814813,5.97,-1.8,0.1,2,0.296,4,""0.098347107"",0.221,0.434,""-0.098347107"",0.078,0.07499999999999998,0.143,0.092,35.6,""47.8"",16.532238902217546,-15.006091109795982,31.821835888054338,0.42857142857142855,36.02925922557804,40.073527834726704"
"121,689266,""Dodd, Dylan"",576,21,0.143,0,0.182,0.143,0.147,0.188,0.165,4,28,87.8,17.3,2135,91.4,91.51,16,72,49,0.09999999999999432,6.21,109,151,124,148,313,323,300,""4.381"",""-4.381"",""68.8"",""7.1"",""1.910077018"",29,22,4,0,0,0,6,20.7,1,3.4,""1.61"",""1.12"",""0.51"",""-0.51"",""90.3"",154,31.818181818181817,0,0,6.03,2.02,-0.2,2.84,0.172,0,""-3.620661157"",0.194,0.232,""3.620661157"",-0.022,-0.02200000000000002,-0.089,-0.041,22.2,""42.5"",9.465985333902452,-1.599966448934556,28.94002234526037,0.43661971830985913,34.36293400713662,29.223987083596786"
"121,699134,""Rodriguez, Bradgley"",846,14.3,0.138,0.172,0.15,0.31,0.205,0.171,0.147,4,29,87.6,16.8,2218,94.7,94.88,13,62,59,0.20000000000000284,6.35,114,152,123,147,309,325,291,""1.653"",""-1.653"",""70.0"",""7.3"",""1.352701545"",30,21,1,2,0,1,8,26.7,1,3.3,""1.62"",""0.93"",""0.82"",""0.82"",""89.9"",138,23.809523809523807,0,0,5.92,-0.6,0.11,2.24,0.167,0,""-1.366115702"",0.176,0.205,""1.366115702"",-0.009,-0.00899999999999998,0.105,0.034,21,""43.5"",9.05516652187645,-1.9857053944880114,30.47132686550706,0.5423728813559322,36.02954842178953,29.943616813509504"
"121,686973,""Varland, Louis"",975,12.4,0.28,0.12,0.286,0.4,0.325,0.292,0.248,7,25,88.4,4.6,2435,93.2,93.98,14,64,57,0.7999999999999972,6.78,110,150,118,148,295,317,288,""-0.357"",""0.357"",""70.0"",""7.2"",""2.851947673"",27,22,6,0,0,1,3,11.1,2,7.4,""2.26"",""0.39"",""0.06"",""0.06"",""90.7"",153,36.36363636363637,9.090909090909092,7.4074074074074066,5.46,-2.88,0.38,2,0.333,2,""0.295041322"",0.304,0.355,""-0.295041322"",0.032,0.029000000000000026,0.045,0.033,21.9,""40.2"",4.410730799118093,5.6803207053803355,28.9142461483361,0.3389830508474576,38.615384804822696,27.0973377178952"
"121,686751,""Johnson, Seth"",385,31.4,0.211,0.105,0.4,0.316,0.339,0.293,0.147,4,19,87.7,23.1,2464,92.9,93.46,18,54,67,0.5999999999999943,6.51,109,151,118,145,299,318,288,""-0.085"",""0.085"",""69.8"",""7.2"",""1.871904143"",25,10,2,2,0,0,9,36,6,24,""1.85"",""0.81"",""0.15"",""0.15"",""90.2"",159,40,10,4,5.53,-1.77,0.16,2.52,0.4,1,""0.070247934"",0.351,0.238,""-0.070247934"",0.064,0.049000000000000044,0.078,0.046,33.3,""44.7"",8.5001775469216,0.895750934873729,30.54621562130739,0.5283018867924528,37.32172151303126,27.775491446374"
"120,663542,""Hudson, Bryan"",815,14.7,0.31,0.172,0.32,0.483,0.332,0.21,0.175,9,29,90.1,19.1,2168,88.6,90.21,18,68,52,1.6000000000000085,7.3,102,147,116,139,297,324,287,""-0.573"",""0.573"",""67.6"",""7.0"",""2.083287019"",32,26,6,2,0,1,5,15.6,0,0,""2.49"",""0.47"",""0.16"",""-0.16"",""91.0"",173,42.30769230769231,3.8461538461538463,3.125,4.94,3.57,0.16,2.28,0.313,1,""0.4775"",0.207,0.268,""-0.4775"",0.135,0.10600000000000001,0.215,0.122,26.5,""7.5"",1.8732876646726786,10.178080073890637,31.859143789019054,0.4,37.4169246122316,23.08995908148704"
"120,682254,""Montgomery, Mason"",832,14.4,0.148,0.111,0.375,0.259,0.175,0.104,0.078,4,27,88.9,14.6,2337,96,97.39,23,64,56,1.4000000000000057,6.96,103,148,118,144,311,323,292,""2.747"",""-2.747"",""71.0"",""6.9"",""1.803894751"",29,9,3,0,0,1,18,62.1,2,6.9,""1.58"",""0.9"",""0.43"",""-0.43"",""91.5"",152,44.44444444444444,11.11111111111111,3.4482758620689653,5.62,1.07,-0.11,2.64,0.207,1,""-2.289166667"",0.142,0.17,""2.289166667"",0.07,0.065,0.089,0.071,35.9,""54.7"",3.997633978619614,3.753104503110565,32.342189900346035,0.3125,32.590578068753764,27.053487238195192"
"120,702275,""Ritchie, JR"",1027,11.7,0.233,0.2,0.227,0.433,0.323,0.423,0.31,7,30,89.8,11.7,2425,88.6,89.03,11,53,67,0.4000000000000057,6.52,103,151,123,148,313,323,300,""-0.792"",""0.792"",""71.4"",""7.4"",""2.899572753"",33,24,5,0,0,2,6,18.2,2,6.1,""2.99"",""-0.05"",""0.11"",""0.11"",""92.1"",139,41.66666666666667,20.833333333333336,15.151515151515152,5.45,-2.34,0.25,2.33,0.303,5,""0.66"",0.372,0.627,""-0.66"",-0.077,-0.069,-0.194,-0.1,20.8,""27.0"",9.48235863756586,-2.7881123861202157,30.34320510442375,0.6153846153846154,38.507113126302016,32.93849479424302"
"120,680755,""Fisher, Braydon"",967,12.4,0.269,0.038,0.333,0.308,0.291,0.287,0.245,7,26,80.6,16.8,2369,87.9,86.68,13,54,66,-1.2000000000000028,5.42,104,151,118,146,291,317,281,""0.657"",""-0.657"",""65.7"",""7.5"",""7.02201831"",31,22,6,1,0,0,6,19.4,2,6.5,""2.68"",""0.27"",""-0.04"",""-0.04"",""90.3"",128,27.27272727272727,4.545454545454546,3.225806451612903,6.52,0.4,0.34,2.04,0.333,1,""-0.5475"",0.32,0.308,""0.5475"",0.024,0.013000000000000012,0,0.004,24.1,""47.2"",9.84919253118064,-18.235493152999396,31.984416991039243,0.41509433962264153,41.09479899142667,34.91203752097569"
"120,670062,""Garcia, Julian"",364,33,0.16,0.36,0.056,0.52,0.315,0.258,0.158,4,25,85.9,29.7,2862,85.6,86.03,17,60,60,0.4000000000000057,6.54,107,148,117,143,303,323,287,""0.483"",""-0.483"",""68.5"",""7.4"",""5.578031484"",29,21,1,0,0,3,5,17.2,3,10.3,""2.82"",""0.32"",""-0.73"",""-0.73"",""90.9"",185,33.33333333333333,9.523809523809524,6.896551724137931,5.93,-1.54,0.26,2.23,0.241,2,""-0.4025"",0.24,0.354,""0.4025"",0.002,0.0010000000000000009,0.166,0.057,28.3,""53.0"",11.901019401949593,-5.461994164389576,32.72279582200139,0.4915254237288136,38.60979199849386,34.34712999286212"
"120,680767,""Vodnik, Victor"",701,17.1,0.259,0.037,0.318,0.296,0.227,0.266,0.273,7,27,93,8.3,2227,94.6,95.64,13,61,59,1,6.75,105,149,116,143,306,325,292,""1.447"",""-1.447"",""70.5"",""6.9"",""1.891024865"",29,22,6,1,0,0,7,24.1,0,0,""1.99"",""0.57"",""0.24"",""0.24"",""92.0"",186,50,0,0,5.42,-2.12,0.21,2.52,0.241,0,""-1.205833333"",0.265,0.361,""1.205833333"",-0.014,-0.02400000000000002,-0.065,-0.039,21.3,""45.4"",2.325959337930178,7.4864149731868235,28.990398565623632,0.36666666666666664,37.70150041568258,23.562533825060832"
"120,592155,""Booser, Cam"",369,32.5,0.143,0.25,0.133,0.393,0.239,0.24,0.17,4,28,87.2,27.5,2020,90.9,91.37,12,61,59,0.5,6.58,104,153,118,147,305,334,296,""0.769"",""-0.769"",""69.7"",""7.3"",""1.841679118"",29,17,1,1,0,2,11,37.9,1,3.4,""2.09"",""0.69"",""0.21"",""-0.21"",""90.8"",167,29.411764705882355,11.76470588235294,6.896551724137931,5.52,2.74,0,2.3,0.172,2,""-0.640833333"",0.198,0.361,""0.640833333"",-0.027,-0.026000000000000023,0.032,-0.001,19.7,""32.6"",11.14006833580474,-2.937389077680663,29.976758723458584,0.5333333333333333,37.27690339712977,30.664858540275954"
"119,592773,""Stanek, Ryne"",834,14.3,0.207,0.172,0.25,0.379,0.29,0.287,0.217,6,29,86.7,15.8,2188,93.9,93.51,13,57,62,-0.4000000000000057,6.03,108,148,111,145,313,323,295,""1.682"",""-1.682"",""68.6"",""7.2"",""2.213540342"",32,21,4,0,1,1,8,25,3,9.4,""1.75"",""0.85"",""0.56"",""0.56"",""90.9"",150,42.857142857142854,4.761904761904762,3.125,6.32,-0.7,0.23,2.3,0.281,1,""-1.413445378"",0.29,0.357,""1.413445378"",-0.01,-0.008999999999999952,0.022,0.003,22.8,""45.0"",7.41099001994803,4.928120941398765,30.044183065270786,0.4909090909090909,39.22009574817335,26.404333829157896"
"119,641755,""Kinley, Tyler"",678,17.6,0.24,0.2,0.263,0.44,0.346,0.356,0.254,6,25,88.4,20.5,2495,88.5,87.68,14,47,72,-0.7999999999999972,5.57,111,150,124,149,309,324,298,""-0.929"",""0.929"",""65.4"",""7.5"",""5.160530226"",29,20,3,2,0,1,5,17.2,4,13.8,""2.45"",""0.45"",""-0.02"",""-0.02"",""91.9"",175,30,15,10.344827586206897,6.41,-0.84,0.4,2.02,0.345,3,""0.780672269"",0.357,0.453,""-0.780672269"",-0.014,-0.01200000000000001,-0.013,-0.01,29.8,""44.8"",12.477811445966458,-7.351900935409514,30.68071859845868,0.5777777777777777,39.67999450117362,34.01789357079542"
"118,656641,""Latz, Jacob"",828,14.3,0.167,0.042,0.25,0.208,0.205,0.22,0.177,4,24,89.5,24.3,2277,90.5,90.58,20,72,46,0.09999999999999432,6.41,109,153,117,146,308,331,299,""2.648"",""-2.648"",""71.5"",""7.3"",""3.151658312"",26,16,3,1,0,0,8,30.8,2,7.7,""1.75"",""1.07"",""0.78"",""-0.78"",""90.2"",152,46.666666666666664,0,0,5.99,1.9,0.23,2.52,0.231,0,""-2.244067797"",0.243,0.238,""2.244067797"",-0.01,-0.011999999999999983,-0.03,-0.015,27.8,""46.9"",10.182338821659243,0.9430891223748952,30.811031102123398,0.5230769230769231,38.29957450336717,29.379318125096617"
"118,670036,""Festa, Matt"",803,14.7,0.217,0.043,0.294,0.261,0.288,0.34,0.239,5,23,89.4,13.1,2599,90.4,90.88,18,52,66,0.5,6.47,106,149,118,143,298,327,300,""0.59"",""-0.59"",""68.7"",""6.8"",""1.867306714"",29,17,4,1,0,0,7,24.1,4,13.8,""2.11"",""0.69"",""-0.37"",""-0.37"",""92.1"",165,64.70588235294117,11.76470588235294,6.896551724137931,5.1,-1.95,0.16,2.7,0.345,2,""-0.5"",0.377,0.322,""0.5"",-0.022,-0.03200000000000003,-0.061,-0.052,34.6,""34.5"",4.439746563827767,11.884306139138648,30.332720590470426,0.4117647058823529,38.92623976044855,24.554689109304487"
"118,680916,""Aleman, Franco"",285,41.4,0.36,0.08,0.563,0.44,0.419,0.278,0.18,9,25,82.8,13.8,2475,92.9,93.61,12,43,75,0.6999999999999886,6.84,106,153,120,148,299,324,285,""-2.497"",""2.497"",""65.9"",""6.9"",""2.435908854"",31,16,7,2,0,0,9,29,4,12.9,""1.91"",""0.77"",""0.79"",""0.79"",""91.3"",186,25,0,0,5.65,-2.18,0.09,2.37,0.484,0,""2.116101695"",0.339,0.224,""-2.116101695"",0.18,0.14499999999999996,0.216,0.141,27.9,""20.0"",6.6153603234994005,4.416863682745282,30.760814635662463,0.5238095238095238,36.56365147535531,26.754415989425606"
"118,703725,""Gastelum, Luis"",224,52.7,0.321,0.25,0.32,0.571,0.398,0.285,0.223,9,28,82.7,9.5,2244,88.2,88.97,15,53,65,0.7999999999999972,6.78,106,147,109,143,309,320,292,""-1.558"",""1.558"",""69.2"",""7.3"",""5.137938977"",32,26,4,4,0,1,3,9.4,3,9.4,""2.58"",""0.39"",""0.48"",""0.48"",""90.5"",132,11.538461538461538,3.8461538461538463,3.125,5.3,-1.71,0.32,2.09,0.375,1,""1.320338983"",0.294,0.353,""-1.320338983"",0.098,0.08100000000000002,0.218,0.113,28.3,""25.3"",8.614763956493393,-5.145831517747119,33.971731256459854,0.4489795918367347,37.11764810686725,33.35701643491783"
"118,668390,""Winn, Cole"",659,17.9,0.226,0.097,0.273,0.323,0.279,0.343,0.262,7,31,85.5,17.2,2520,90.9,92.04,27,67,51,1.0999999999999943,6.93,107,151,119,145,303,331,300,""0.09"",""-0.09"",""72.0"",""7.3"",""1.761265274"",34,23,6,0,0,1,8,23.5,3,8.8,""2.18"",""0.59"",""0.06"",""0.06"",""91.3"",186,43.47826086956522,13.043478260869565,8.823529411764707,5.45,-1.55,0.27,2.34,0.294,3,""-0.076271186"",0.328,0.467,""0.076271186"",-0.036,-0.03400000000000003,-0.144,-0.064,40.3,""39.7"",9.688083453345973,0.8891715016383901,28.98680072691837,0.5555555555555556,39.676020987749524,28.52123102439373"
"118,680744,""Madden, Ty"",527,22.4,0.143,0,0.188,0.143,0.218,0.294,0.233,3,21,81.1,25.8,2322,88.6,88.34,10,56,62,-0.29999999999999716,5.92,110,151,123,148,298,318,285,""2.296"",""-2.296"",""66.1"",""7.2"",""7.26239518"",25,16,3,0,0,0,5,20,4,16,""2.39"",""0.51"",""0.31"",""0.31"",""90.1"",139,12.5,0,0,5.98,-1.98,0.26,2.21,0.28,0,""-1.945762712"",0.356,0.264,""1.945762712"",-0.09,-0.07599999999999996,-0.121,-0.076,17.9,""45.1"",10.25438109410986,-4.655734041096616,32.27648925372727,0.41818181818181815,37.288726187408386,32.7545658967565"
"118,656240,""Blewett, Scott"",166,71.1,0.269,0.038,0.318,0.308,0.276,0.228,0.184,7,26,82.6,17,2159,89.6,90.95,16,62,56,1.4000000000000057,7.07,109,153,118,147,302,318,293,""0.353"",""-0.353"",""68.1"",""7.2"",""4.254030015"",30,23,6,1,0,0,5,16.7,2,6.7,""2.4"",""0.46"",""0.19"",""0.19"",""90.7"",113,17.391304347826086,4.3478260869565215,3.3333333333333335,6.11,-1.84,0.38,2.05,0.31,1,""-0.299152542"",0.247,0.224,""0.299152542"",0.085,0.063,0.084,0.048,25.8,""45.8"",8.862427680147935,-1.0659333247373337,31.942437286821015,0.5423728813559322,38.56403620179149,30.365393250788568"
"117,666808,""Doval, Camilo"",747,15.7,0.15,0.15,0.154,0.3,0.339,0.336,0.142,3,20,85.3,-1.1,2578,95.3,95.48,10,42,75,0.20000000000000284,6.25,106,146,119,143,301,327,291,""-0.708"",""0.708"",""67.6"",""7.4"",""5.140702908"",30,14,2,0,0,1,7,23.3,7,23.3,""2.33"",""0.19"",""0.31"",""0.31"",""92.1"",102,50,14.285714285714285,6.666666666666667,5.4,-1.64,-0.11,2.27,0.4,2,""0.605128205"",0.403,0.268,""-0.605128205"",0.008,-0.0030000000000000027,0.032,0.003,23.8,""17.7"",8.904965201869619,-4.034524715321858,33.49372830369356,0.5121951219512195,36.77261569893487,29.682320891725887"
"117,664849,""Young, Danny"",241,48.5,0.238,0.048,0.357,0.286,0.337,0.328,0.223,5,21,96,-1.7,2523,88.2,88.17,7,40,77,0,6.37,107,151,124,149,314,324,298,""-0.127"",""0.127"",""71.7"",""7.4"",""3.748776305"",29,14,4,1,0,0,7,24.1,5,17.2,""2.85"",""0.12"",""0.03"",""-0.03"",""92.8"",114,64.28571428571429,0,0,4.9,3.47,-0.12,1.86,0.448,0,""0.108547009"",0.437,0.275,""-0.108547009"",0.015,0.01100000000000001,0.011,0.009,17.5,""14.9"",5.570162070395963,1.5531236771841828,34.003607226491425,0.3076923076923077,36.477251712881696,28.67393358764943"
"117,656529,""Hentges, Sam"",498,23.5,0.217,0.043,0.313,0.261,0.283,0.295,0.233,5,23,87.8,7.7,2213,88.7,90.19,15,49,68,1.5,7.04,103,150,119,147,300,322,294,""1.236"",""-1.236"",""68.2"",""7.0"",""2.259576481"",27,16,4,1,0,0,7,25.9,3,11.1,""2.6"",""0.33"",""0.17"",""-0.17"",""90.2"",133,25,0,0,6.27,1.85,-0.21,2.3,0.333,0,""-1.056410256"",0.346,0.28,""1.056410256"",-0.016,-0.012999999999999956,-0.019,-0.012,30.6,""37.9"",4.962053519587426,7.95905811710694,31.771185864937145,0.4489795918367347,34.85843557927489,24.924757500432975"
"117,676534,""Faucher, Calvin"",898,13,0.091,0,0.167,0.091,0.134,0.167,0.12,2,22,78,13.6,2723,92.1,91.51,21,60,57,-0.5999999999999943,5.93,109,149,116,145,307,327,288,""3.857"",""-3.857"",""66.9"",""6.7"",""2.807780212"",24,12,2,0,0,0,10,41.7,1,4.2,""2.36"",""0.34"",""-0.2"",""-0.2"",""88.8"",153,16.666666666666664,0,0,5.63,-1.34,0.45,2.17,0.167,0,""-3.296581197"",0.193,0.147,""3.296581197"",-0.029,-0.025999999999999995,-0.056,-0.033,35,""42.1"",2.1209540022416387,10.684302838253247,30.08377235371258,0.36666666666666664,38.077413839607814,22.89950755502999"
"117,663558,""Morán, Jovani"",748,15.6,0.107,0.071,0.158,0.179,0.178,0.291,0.25,3,28,82.6,16.6,2130,88.2,88.6,22,56,61,0.3999999999999915,6.38,110,153,122,147,297,319,291,""3.066"",""-3.066"",""70.8"",""7.5"",""4.813135623"",32,20,1,2,0,0,9,28.1,3,9.4,""1.93"",""1.01"",""0.65"",""-0.65"",""92.5"",162,25,0,0,5.81,1.28,0.05,2.13,0.194,0,""-2.620512821"",0.323,0.315,""2.620512821"",-0.143,-0.129,-0.136,-0.113,39.3,""45.6"",11.389981521817422,-8.162892207361663,32.65012617838015,0.41818181818181815,37.11396093347046,34.677800012717135"
"116,684974,""Yoho, Craig"",383,30.3,0.208,0.042,0.313,0.25,0.288,0.279,0.2,5,24,85.4,12.5,2491,88.2,89.5,18,46,70,1.2999999999999972,7.16,106,152,124,149,305,326,296,""0.648"",""-0.648"",""69.7"",""7.7"",""4.252341869"",29,16,4,1,0,0,8,27.6,4,13.8,""2.76"",""0.24"",""1.29"",""1.29"",""89.9"",151,12.5,0,0,4.92,-2.05,0.15,2.13,0.345,0,""-0.55862069"",0.338,0.241,""0.55862069"",0.008,0.006999999999999951,0.009,0.009,39.1,""19.3"",12.247808965818773,-7.581126348609616,33.41976504119723,0.3695652173913043,35.31506435806562,33.156128805097374"
"115,621345,""Minter, A.J."",393,29.3,0.233,0.3,0.217,0.533,0.334,0.29,0.226,7,30,86.8,24.3,2330,90.2,90.59,10,63,52,0.3999999999999915,6.39,103,150,117,145,301,317,288,""0.326"",""-0.326"",""71.1"",""7.2"",""1.610899259"",32,25,3,1,1,2,5,15.6,1,3.1,""2.08"",""0.71"",""0.22"",""-0.22"",""91.0"",156,28.000000000000004,12,9.375,5.61,2.59,-0.05,2.53,0.281,3,""-0.283478261"",0.274,0.423,""0.283478261"",0.007,0.007000000000000006,0.11,0.044,15.9,""41.8"",7.090047028800946,-0.8211686700846157,31.64754160739413,0.6,34.14793834491868,30.379815825090525"
"114,621381,""Strahm, Matt"",634,18,0.292,0.292,0.278,0.583,0.408,0.292,0.194,7,24,91,32,2438,88.4,88.28,16,60,54,-0.10000000000000853,6.13,109,151,118,146,304,324,284,""-2.145"",""2.145"",""68.4"",""6.9"",""2.911361875"",27,20,4,1,0,2,4,14.8,3,11.1,""1.99"",""0.94"",""0.67"",""-0.67"",""91.4"",194,35,15,11.11111111111111,5.3,1.68,0.01,2.69,0.37,3,""1.881578947"",0.283,0.376,""-1.881578947"",0.098,0.08700000000000002,0.207,0.116,26.7,""30.8"",5.0230654235609515,2.2880985483427057,30.60732407813911,0.5932203389830508,37.17590008009067,25.264098460960227"
"114,687941,""Gamboa, Alec"",190,60,0.222,0.037,0.286,0.259,0.274,0.235,0.172,6,27,86.8,13.1,2107,93.4,93.99,14,65,49,0.5999999999999943,6.53,106,153,125,147,288,312,290,""1.709"",""-1.709"",""72.2"",""7.2"",""1.210483719"",31,21,5,1,0,0,6,19.4,4,12.9,""1.66"",""0.95"",""0.17"",""-0.17"",""91.1"",149,30,0,0,6.35,1.44,-0.19,2.44,0.323,0,""-1.499122807"",0.283,0.208,""1.499122807"",0.05,0.040000000000000036,0.051,0.039,21.5,""62.9"",1.432852097780911,6.104425585816318,30.546616050645554,0.40625,35.260088938281115,24.390675056475345"
"114,621074,""Rucker, Michael"",397,28.7,0.125,0,0.182,0.125,0.129,0.215,0.196,4,32,89,0.1,2458,91.6,91.61,16,54,60,0,6.31,107,150,116,146,294,319,294,""4.634"",""-4.634"",""70.2"",""7.2"",""2.75435192"",33,22,4,0,0,0,10,30.3,1,3,""2.33"",""0.42"",""0.1"",""0.1"",""91.7"",137,36.36363636363637,0,0,5.31,-2.15,0.43,2.16,0.152,0,""-4.064912281"",0.22,0.265,""4.064912281"",-0.071,-0.068,-0.14,-0.086,29.6,""33.8"",6.038556294580247,4.080999888710969,29.883032260950888,0.46296296296296297,39.81712764557972,27.437349606492198"
"113,518886,""Kimbrel, Craig"",592,19.1,0.261,0.13,0.333,0.391,0.33,0.302,0.232,6,23,88.6,19.2,2291,91.2,91.65,14,55,58,0.5,6.73,108,153,119,149,305,331,297,""-1.004"",""1.004"",""71.0"",""7.0"",""3.201811558"",26,18,3,3,0,0,5,19.2,2,7.7,""1.94"",""0.83"",""0.52"",""0.52"",""91.4"",176,27.77777777777778,5.555555555555555,3.8461538461538463,4.81,-3.15,0.18,2.37,0.346,1,""0.888495575"",0.321,0.348,""-0.888495575"",0.029,0.024999999999999967,0.043,0.028,25.5,""25.2"",7.417944763111065,0.7407987105924477,30.34660081102527,0.4528301886792453,34.820341880029126,28.040880903592107"
"113,837227,""Imai, Tatsuya"",1186,9.5,0.125,0,0.182,0.125,0.337,0.398,0.171,2,16,78.6,10.7,2106,90.9,90.09,13,36,77,-0.8000000000000114,5.9,109,150,111,145,297,323,287,""-0.212"",""0.212"",""68.4"",""7.5"",""6.767769517"",26,11,2,0,0,0,5,19.2,10,38.5,""2.32"",""0.47"",""0.75"",""0.75"",""89.4"",119,27.27272727272727,9.090909090909092,3.8461538461538463,5.39,-2.17,0.15,1.97,0.462,1,""0.187610619"",0.49,0.322,""-0.187610619"",-0.046,-0.02799999999999997,-0.197,-0.061,36.1,""26.9"",10.653186171103078,-7.938770272021314,29.260793429421533,0.3611111111111111,34.0765518094705,33.509240752364796"
"113,669620,""Basso, Brady"",260,43.5,0.242,0.061,0.286,0.303,0.252,0.256,0.247,8,33,80.4,11.1,2242,86.1,86.52,9,55,58,0.4000000000000057,6.41,106,151,116,148,304,322,290,""2.503"",""-2.503"",""68.2"",""6.9"",""3.203150624"",34,28,6,2,0,0,5,14.7,1,2.9,""2.82"",""0.3"",""0"",""0"",""90.4"",148,21.428571428571427,3.571428571428571,2.941176470588235,6.42,2.13,0,2.39,0.265,1,""-2.215044248"",0.269,0.314,""2.215044248"",-0.005,-0.0040000000000000036,-0.011,-0.004,16.4,""49.9"",6.800983252887646,7.3670980086814,33.06339545396136,0.45454545454545453,36.14651845479069,27.04486869841265"
"113,657044,""Thompson, Ryan"",667,16.9,0.31,0.138,0.381,0.448,0.353,0.251,0.195,9,29,80.7,-0.7,2149,83.1,83.29,19,65,48,0.20000000000000284,6.67,101,148,121,147,308,324,286,""-1.802"",""1.802"",""68.1"",""7.2"",""5.586162451"",32,23,7,1,0,1,7,21.9,1,3.1,""3.24"",""0.14"",""-0.27"",""-0.27"",""90.1"",123,30.434782608695656,4.3478260869565215,3.125,3.56,-3.81,0.37,2.31,0.355,1,""1.594690265"",0.247,0.322,""-1.594690265"",0.115,0.10799999999999998,0.126,0.102,29.2,""-10.8"",7.739626498183123,-2.5503050973609884,31.408248363694973,0.38461538461538464,40.42892604705633,33.73350461127123"
"113,674444,""Cruz, Steven"",694,16.3,0.259,0.185,0.316,0.444,0.342,0.317,0.26,7,27,93.8,7.2,2149,96.3,96.93,8,58,55,0.6000000000000085,6.56,114,153,121,147,303,324,287,""-1.57"",""1.57"",""69.9"",""7.0"",""1.412084746"",30,20,4,2,0,1,7,23.3,2,6.7,""1.58"",""0.88"",""0.44"",""0.44"",""91.1"",161,45,10,6.666666666666667,5.46,-3.39,0.03,2.34,0.333,2,""1.389380531"",0.334,0.376,""-1.389380531"",-0.001,-0.0010000000000000009,0.068,0.025,13.8,""27.1"",2.7929684873582294,8.200324327553277,31.97378056381385,0.46551724137931033,35.84056062679369,24.335926697797863"
"112,686790,""McDonald, Trevor"",1138,9.8,0.286,0.143,0.333,0.429,0.336,0.296,0.243,8,28,88.3,5,2377,89.7,90.53,7,48,64,0.7999999999999972,6.71,109,153,121,148,302,320,289,""0.115"",""-0.115"",""70.6"",""7.3"",""4.578825471"",30,22,6,1,0,1,6,20,1,3.3,""2.84"",""0"",""0.72"",""0.72"",""91.5"",123,36.36363636363637,4.545454545454546,3.3333333333333335,4.97,-2.07,0.57,2.16,0.333,1,""-0.102678571"",0.293,0.383,""0.102678571"",0.043,0.040000000000000036,0.046,0.04,14.6,""26.2"",8.523656803209136,0.1873985665504545,31.715627580393264,0.4583333333333333,38.044489167625684,30.425048187279806"
"112,805299,""Garcia, Brandyn"",445,25.2,0.214,0.179,0.227,0.393,0.274,0.313,0.264,6,28,87,-3.3,2373,94.1,92.8,7,56,56,-1.2999999999999972,5.47,110,150,120,149,309,324,287,""0.047"",""-0.047"",""71.4"",""7.2"",""1.844650749"",29,23,3,2,0,1,5,17.2,1,3.4,""2.15"",""0.43"",""0.27"",""-0.27"",""91.5"",127,30.434782608695656,8.695652173913043,6.896551724137931,5.63,1.67,-0.11,2.43,0.241,2,""-0.041964286"",0.29,0.434,""0.041964286"",-0.05,-0.04899999999999999,-0.041,-0.039,12.5,""17.8"",4.32404156957212,5.985456392223634,32.93195717646611,0.2909090909090909,33.988017148036135,25.19638452222558"
"112,594580,""Moll, Sam"",880,12.7,0.333,0.19,0.353,0.524,0.41,0.393,0.308,7,21,85.6,7.8,2318,86.6,83.83,9,50,62,-2.799999999999997,4.53,99,151,113,146,300,322,286,""-2.632"",""2.632"",""68.8"",""6.9"",""2.074338705"",25,19,5,1,0,1,3,12,3,12,""3.21"",""-0.14"",""0.51"",""-0.51"",""91.9"",165,44.44444444444444,11.11111111111111,8,4.9,1.89,0.26,1.94,0.417,2,""2.35"",0.398,0.513,""-2.35"",0.025,0.01899999999999996,0.011,0.017,18,""14.6"",5.678214626257066,0.6805167761514267,33.99398624221412,0.4897959183673469,37.43435364613268,29.981384513991994"
"112,675540,""Curry, Xzavion"",241,46.5,0.238,0.19,0.267,0.429,0.351,0.289,0.169,5,21,91.3,22.3,2252,85.4,84.79,7,48,64,-0.6000000000000085,5.86,105,153,125,148,301,326,286,""0.509"",""-0.509"",""73.6"",""7.5"",""1.834876269"",25,16,3,1,0,1,5,20,4,16,""2.49"",""0.68"",""-0.08"",""-0.08"",""91.1"",151,50,6.25,4,6.11,-1.7,0.49,2.3,0.36,1,""-0.454464286"",0.302,0.336,""0.454464286"",0.069,0.057999999999999996,0.093,0.062,14.6,""56.7"",11.120418952505574,-3.143713648467199,28.16710339757849,0.5416666666666666,39.25646744360525,31.434272360555248"
"111,663423,""Thornton, Trent"",534,20.8,0.233,0.067,0.269,0.3,0.247,0.279,0.252,7,30,88.2,18.8,2678,89.3,89.41,12,57,54,0.10000000000000853,6.25,110,153,121,150,308,322,292,""2.08"",""-2.08"",""70.4"",""7.2"",""2.661442572"",31,26,5,2,0,0,4,12.9,1,3.2,""2.33"",""0.56"",""-0.36"",""-0.36"",""92.1"",163,34.61538461538461,7.6923076923076925,6.451612903225806,5.41,-2.24,0.53,2.33,0.258,2,""-1.873873874"",0.276,0.37,""1.873873874"",-0.019,-0.018000000000000016,-0.07,-0.032,21.1,""44.0"",5.5797113055625625,-0.4947602874832003,29.43008009575223,0.5535714285714286,39.22510223186331,29.78894180715665"
"110,650644,""Civale, Aaron"",1462,7.5,0.462,0.385,0.556,0.846,0.567,0.438,0.385,12,26,86.9,11.9,2714,86,85.72,15,54,56,-0.29999999999999716,5.86,109,151,118,149,303,315,293,""-5.528"",""5.528"",""63.6"",""7.2"",""3.41188897"",29,21,6,4,0,2,6,20.7,2,6.9,""2.85"",""0.25"",""-0.27"",""-0.27"",""91.6"",174,42.857142857142854,19.047619047619047,13.793103448275861,6.29,-1.08,0.31,2.28,0.5,4,""5.025454545"",0.429,0.591,""-5.025454545"",0.077,0.07100000000000001,0.255,0.129,27.8,""47.4"",11.63670485238074,-4.600209004557708,30.20331684192194,0.5740740740740741,39.02169892787858,33.87617611883361"
"110,669165,""Hurt, Kyle"",600,18.3,0.25,0.167,0.357,0.417,0.357,0.282,0.171,6,24,90.4,20.2,1842,92.8,93.28,23,54,56,0.5,6.48,107,153,118,147,305,316,289,""-1.408"",""1.408"",""71.0"",""7.3"",""1.716806639"",29,15,4,1,0,1,9,31,5,17.2,""1.78"",""0.88"",""0.7"",""0.7"",""92.3"",170,46.666666666666664,13.333333333333334,6.896551724137931,5.77,-0.89,0.13,2.47,0.379,2,""1.28"",0.314,0.291,""-1.28"",0.079,0.065,0.126,0.075,42.6,""46.2"",9.256515669435117,-1.3211645090704398,31.120957488530202,0.48148148148148145,37.35434047826167,29.65515983397629"
"110,666974,""Cano, Yennier"",596,18.5,0.172,0,0.227,0.172,0.153,0.149,0.15,5,29,89.4,8.4,2127,93,92.48,13,51,59,-0.5,6,110,153,117,146,304,324,293,""3.777"",""-3.777"",""69.5"",""7.2"",""2.813142459"",29,22,5,0,0,0,7,24.1,0,0,""2.73"",""-0.08"",""0.81"",""0.81"",""92.3"",114,26.31578947368421,0,0,5.41,-2.43,0.13,1.93,0.172,0,""-3.433636364"",0.15,0.192,""3.433636364"",0.022,0.021999999999999992,-0.02,0.004,25.5,""16.6"",6.77603505851345,6.0473561628544985,34.787837210946115,0.47058823529411764,35.187488567490675,25.259273604540173"
"110,682842,""Uribe, Abner"",767,14.3,0.087,0,0.133,0.087,0.128,0.195,0.155,2,23,86.9,3.1,2442,94.4,94.67,13,43,67,0.29999999999999716,6.56,106,151,125,148,302,322,299,""4.201"",""-4.201"",""68.2"",""7.6"",""2.34971522"",26,16,2,0,0,0,8,30.8,1,3.8,""2.16"",""0.44"",""0.21"",""0.21"",""92.5"",79,43.75,0,0,5.82,-1.39,0.31,1.96,0.16,0,""-3.819090909"",0.222,0.189,""3.819090909"",-0.068,-0.062,-0.102,-0.067,30.2,""37.0"",10.194090514242042,-2.9060390770401243,33.21200903134746,0.6190476190476191,37.074734186154515,29.802151395770352"
"110,700249,""Povich, Cade"",453,24.3,0.25,0,0.375,0.25,0.275,0.254,0.205,6,24,90.4,12.6,2227,86.8,86.72,11,47,63,-0.09999999999999432,6.37,106,152,119,145,315,328,298,""1.206"",""-1.206"",""72.2"",""7.4"",""2.322219656"",27,16,6,0,0,0,8,29.6,3,11.1,""2.43"",""0.66"",""0.46"",""-0.46"",""91.2"",148,31.25,0,0,5.83,1.31,0.12,2.57,0.333,0,""-1.096363636"",0.293,0.256,""1.096363636"",0.045,0.040000000000000036,-0.006,0.021,23.4,""43.0"",10.468335673475032,-1.8353831916173307,32.42060725933163,0.4888888888888889,38.41973568066845,30.779134963899978"
"110,656605,""Keller, Mitch"",1888,5.8,0.182,0.318,0.143,0.5,0.333,0.396,0.251,4,22,92.2,15.3,2506,87,87.59,11,46,64,0.5999999999999943,6.56,107,150,120,148,305,322,293,""-0.811"",""0.811"",""68.3"",""7.4"",""5.118195067"",25,16,1,1,0,2,6,24,3,12,""2.58"",""0.46"",""-0.1"",""-0.1"",""91.8"",178,43.75,18.75,12,5.68,-1.75,0.45,2.14,0.28,3,""0.737272727"",0.341,0.595,""-0.737272727"",-0.069,-0.061,-0.095,-0.063,23.9,""34.4"",9.054217362975958,-2.2932711317379666,31.959569890161514,0.5434782608695652,39.673516717484176,32.25864046458552"
"109,669713,""Wesneski, Hayden"",157,69.4,0.286,0.179,0.381,0.464,0.356,0.316,0.274,8,28,88.6,7.8,2346,88.6,89.15,16,53,56,0.6000000000000085,6.68,109,150,116,144,301,324,284,""-0.552"",""0.552"",""70.8"",""7.6"",""2.791262426"",31,21,4,3,1,0,7,22.6,3,9.7,""2.55"",""0.4"",""-0.07"",""-0.07"",""92.3"",133,42.857142857142854,0,0,6.08,-1.14,0.18,2.21,0.355,0,""0.506422018"",0.344,0.363,""-0.506422018"",0.012,0.01100000000000001,0.101,0.04,30.2,""48.4"",12.538495101545436,-3.4125917029356527,32.823262374225116,0.47058823529411764,37.26421340033863,29.88813388809073"
"107,669330,""Wells, Tyler"",859,12.5,0.154,0.154,0.176,0.308,0.249,0.272,0.197,4,26,88.4,16.7,2397,89.7,89.62,20,61,46,-0.10000000000000853,6.12,106,151,116,143,301,327,295,""0.71"",""-0.71"",""70.2"",""7.4"",""2.42254096"",29,18,2,1,0,1,8,27.6,2,6.9,""1.86"",""0.97"",""-0.04"",""-0.04"",""91.4"",156,38.88888888888889,5.555555555555555,3.4482758620689653,7.09,-0.77,0.4,2.29,0.241,1,""-0.663551402"",0.28,0.322,""0.663551402"",-0.043,-0.039000000000000035,-0.014,-0.023,32.8,""53.8"",11.472925169659174,-7.386620011770756,29.853770049938145,0.576271186440678,39.01593939307548,31.280692693033547"
"107,669438,""Englert, Mason"",607,17.6,0.36,0.4,0.4,0.76,0.482,0.337,0.265,9,25,83.8,18.7,2280,84.9,85.03,14,55,52,0.09999999999999432,6.35,108,153,118,146,296,325,298,""-3.066"",""3.066"",""68.3"",""7.3"",""2.548689175"",26,18,5,1,0,3,7,26.9,1,3.8,""3.1"",""0.14"",""0.34"",""0.34"",""92.1"",146,33.33333333333333,16.666666666666664,11.538461538461538,5.97,-1.57,0.4,2.08,0.385,3,""2.865420561"",0.293,0.493,""-2.865420561"",0.095,0.09200000000000003,0.267,0.145,25.5,""41.9"",11.901952259451825,-8.834198218764447,33.01643583435809,0.44,36.511652582958675,35.86882896780541"
"107,681217,""Silseth, Chase"",812,13.2,0.25,0.25,0.313,0.5,0.346,0.397,0.286,6,24,87.3,21.5,2459,91.5,90.93,17,55,52,-0.5999999999999943,6.02,109,151,121,147,302,327,297,""0.404"",""-0.404"",""72.4"",""7.4"",""1.423156794"",26,17,3,1,1,1,7,26.9,1,3.8,""2.11"",""0.64"",""0.09"",""0.09"",""92.7"",190,41.17647058823529,23.52941176470588,15.384615384615385,5.84,-2.04,0.25,2.24,0.308,4,""-0.377570093"",0.34,0.596,""0.377570093"",-0.036,-0.03200000000000003,-0.096,-0.051,30.9,""34.6"",9.871630058341038,-1.3630317337335451,30.769512940528035,0.6727272727272727,37.4075044255108,30.58642562119356"
"106,656546,""Hoffman, Jeff"",956,11.1,0.304,0.087,0.412,0.391,0.322,0.37,0.273,7,23,93.2,12.9,2676,88.4,88.81,19,58,48,0.3999999999999915,6.52,108,152,118,147,295,317,287,""-1.19"",""1.19"",""66.6"",""7.4"",""9.495285185"",26,17,5,2,0,0,7,26.9,2,7.7,""2.68"",""0.25"",""0.09"",""0.09"",""93.2"",167,58.82352941176471,23.52941176470588,15.384615384615385,5.73,-2.61,0.45,1.95,0.346,4,""1.122641509"",0.342,0.445,""-1.122641509"",0.031,0.003999999999999948,-0.054,-0.048,32.8,""35.3"",8.998070982571113,-3.417788845406956,28.65747397525133,0.5614035087719298,40.76707802698993,32.782979001259875"
"105,806960,""Morales, Luis"",346,30.3,0.333,0.333,0.333,0.667,0.418,0.304,0.279,8,24,85.3,10.5,2644,93,92.98,12,49,56,0,6.12,104,147,111,141,303,320,290,""-3.759"",""3.759"",""68.8"",""7.5"",""7.022456258"",26,20,4,2,0,2,5,19.2,1,3.8,""1.76"",""0.89"",""0.03"",""0.03"",""91.2"",151,35,10,7.6923076923076925,5.58,-1.65,0.41,1.93,0.346,2,""3.58"",0.297,0.413,""-3.58"",0.054,0.04899999999999999,0.254,0.114,24.5,""41.7"",10.006879716646269,-6.084798787310918,32.22940200569448,0.5306122448979592,38.38012073491149,32.07677906630872"
"105,702193,""Morris, Andrew"",955,11,0.077,0.038,0.105,0.115,0.128,0.224,0.168,2,26,88.2,7.1,2073,95.7,95.94,8,50,55,0.20000000000000284,6.31,104,152,120,145,294,328,290,""3.809"",""-3.809"",""71.9"",""7.1"",""2.705431726"",29,19,1,1,0,0,7,24.1,2,6.9,""1.51"",""0.98"",""0.15"",""0.15"",""91.2"",164,36.84210526315789,5.263157894736842,3.4482758620689653,6.39,-1.37,0.13,2.21,0.172,1,""-3.627619048"",0.254,0.265,""3.627619048"",-0.091,-0.08200000000000002,-0.15,-0.096,16,""59.3"",6.453837378545073,4.279198446106497,31.55809301244198,0.4489795918367347,36.1002606278345,26.398411358063033"
"104,680742,""Bowlan, Jonathan"",672,15.5,0.16,0.12,0.25,0.28,0.209,0.183,0.152,4,25,77,5.3,2455,91.6,92.28,17,53,51,0.7000000000000028,6.62,108,152,119,143,298,325,289,""2.024"",""-2.024"",""66.2"",""7.0"",""4.951782778"",26,13,3,0,0,1,12,46.2,0,0,""2.15"",""0.58"",""0.25"",""0.25"",""90.0"",125,23.076923076923077,7.6923076923076925,3.8461538461538463,6.26,-2.5,0.23,2.39,0.192,1,""-1.946153846"",0.185,0.219,""1.946153846"",0.008,0.007000000000000006,0.061,0.026,32.1,""42.1"",11.06379433448165,3.354811145510191,31.68264295821261,0.4230769230769231,37.936899542678,27.65863916951019"
"104,682120,""Herrin, Tim"",689,15.1,0.391,0.174,0.474,0.565,0.445,0.394,0.319,9,23,93.3,5.5,2315,89,89.27,10,51,53,0.29999999999999716,6.39,105,149,119,142,297,327,296,""-2.696"",""2.696"",""68.7"",""7.3"",""4.17941396"",26,19,5,4,0,0,4,15.4,3,11.5,""2.58"",""0.34"",""0.07"",""-0.07"",""93.1"",141,57.89473684210527,10.526315789473683,7.6923076923076925,5.85,1.78,0.24,2.2,0.462,2,""2.592307692"",0.397,0.51,""-2.592307692"",0.072,0.065,0.055,0.051,19.6,""35.3"",6.394545206654439,-2.295537605674274,32.08957941370736,0.43137254901960786,36.289384441222936,31.054738827186767"
"104,668674,""Erceg, Lucas"",803,13,0.429,0.19,0.421,0.619,0.478,0.336,0.268,9,21,86.7,8.7,1994,93.1,93.75,8,52,52,0.6000000000000085,6.55,108,148,118,143,304,325,285,""-2.66"",""2.66"",""68.9"",""7.0"",""2.293917871"",26,20,7,1,0,1,2,7.7,1,3.8,""2.08"",""0.56"",""0.65"",""0.65"",""91.0"",134,35,0,0,5.99,-1.87,-0.05,2.26,0.5,0,""2.557692308"",0.379,0.332,""-2.557692308"",0.161,0.121,0.287,0.142,15.4,""43.0"",5.342464948788996,5.086064894012209,31.80456471862692,0.45098039215686275,34.88866951302285,24.743942757372025"
"103,681293,""Arrighetti, Spencer"",1505,6.8,0.136,0.136,0.118,0.273,0.256,0.282,0.178,3,22,81.4,22.2,2528,85.9,87.33,6,46,57,1.3999999999999915,7.2,114,151,116,148,299,325,285,""-0.237"",""0.237"",""71.1"",""7.4"",""2.680980308"",26,18,2,0,0,1,4,15.4,3,11.5,""2.68"",""0.47"",""-0.12"",""-0.12"",""89.8"",163,11.11111111111111,5.555555555555555,3.8461538461538463,4.89,-2.38,0.18,2.4,0.269,1,""0.230097087"",0.305,0.305,""-0.230097087"",-0.042,-0.035999999999999976,-0.032,-0.026,13,""19.4"",7.689114446826621,-5.540027524791548,27.753041795861268,0.5681818181818182,35.52676829405551,34.32315206290954"
"102,683409,""Chivilli, Angel"",285,35.8,0.208,0.042,0.263,0.25,0.272,0.35,0.282,5,24,82,10.9,1992,92.2,92.33,18,50,52,0.09999999999999432,6.24,106,149,122,148,296,326,293,""1.065"",""-1.065"",""67.5"",""7.6"",""4.750101956"",28,19,4,1,0,0,5,17.9,4,14.3,""2.12"",""0.55"",""0.6"",""0.6"",""92.5"",143,33.33333333333333,5.555555555555555,3.571428571428571,5.66,-1.63,0.18,2.15,0.321,1,""-1.044117647"",0.388,0.39,""1.044117647"",-0.074,-0.067,-0.14,-0.078,36,""31.5"",12.19375298329148,-2.482929917362373,30.933674331472943,0.54,37.377836051160294,35.20844472500602"
"102,548384,""Raley, Brooks"",680,15,0.16,0.2,0.167,0.36,0.245,0.278,0.192,4,25,80,17.5,2541,85.8,85.07,12,51,51,-0.7000000000000028,5.78,105,150,114,146,297,321,286,""0.593"",""-0.593"",""69.8"",""7.0"",""0.787027465"",29,20,1,2,0,1,7,24.1,2,6.9,""2.71"",""0.39"",""-0.01"",""0.01"",""91.3"",157,35,5,3.4482758620689653,5.67,3.1,0.25,2.6,0.214,1,""-0.581372549"",0.258,0.359,""0.581372549"",-0.032,-0.04400000000000001,0.001,-0.033,23.5,""32.8"",7.905556893434062,1.9491847918658591,32.25942903479396,0.42857142857142855,36.345172878196095,28.560007151516455"
"102,671162,""Thomas, Connor"",138,73.9,0.409,0.455,0.353,0.864,0.553,0.499,0.337,9,22,90.4,16.6,2226,87.9,87.67,12,48,54,-0.20000000000000284,6.12,105,147,119,142,305,323,296,""-5.288"",""5.288"",""71.4"",""7.1"",""1.291353135"",29,20,5,1,0,3,3,10.3,6,20.7,""2.62"",""0.33"",""0.63"",""-0.63"",""93.2"",167,45,15,10.344827586206897,5.11,1.36,-0.05,2.17,0.517,3,""5.184313725"",0.476,0.718,""-5.184313725"",0.072,0.041000000000000036,0.146,0.054,25,""31.6"",7.853560736088309,2.5360741643062807,34.1837011445294,0.5319148936170213,33.53001205306623,26.274770888276844"
"102,669854,""Blanco, Ronel"",331,30.8,0.167,0.375,0.071,0.542,0.325,0.39,0.276,4,24,85.7,7.9,2139,88.1,88.87,11,49,53,0.8000000000000114,6.84,108,149,111,144,294,324,286,""-2.043"",""2.043"",""69.9"",""7.4"",""3.778507131"",27,18,1,0,0,3,7,25.9,1,3.7,""2.11"",""0.86"",""0.14"",""0.14"",""91.3"",147,27.77777777777778,22.22222222222222,14.814814814814813,6.04,-1.49,0.42,2.66,0.231,4,""2.002941176"",0.332,0.587,""-2.002941176"",-0.109,-0.101,-0.045,-0.065,22.4,""47.9"",12.124589640250413,-9.777298294587546,25.873413222208455,0.6739130434782609,39.326722326250895,36.955544157534995"
"102,696522,""Juenger, Hayden"",211,48.3,0.36,0.12,0.391,0.48,0.364,0.336,0.298,9,25,88.3,23.9,2360,90.7,90.41,11,53,49,-0.29999999999999716,5.98,107,149,113,144,302,324,290,""-0.772"",""0.772"",""69.4"",""7.1"",""1.637557756"",29,23,6,3,0,0,4,13.8,1,3.4,""1.93"",""0.84"",""0.37"",""0.37"",""91.1"",198,34.78260869565217,4.3478260869565215,3.4482758620689653,5.41,-1.18,0.32,2.39,0.379,1,""0.756862745"",0.326,0.482,""-0.756862745"",0.062,0.05299999999999999,-0.002,0.028,20.8,""38.2"",8.248294596595606,4.200572656809997,32.04013404224924,0.5660377358490566,37.98423591074011,26.33944234223959"
"102,663738,""Lynch IV, Daniel"",710,14.4,0.25,0.107,0.28,0.357,0.291,0.318,0.294,7,28,90.1,14.3,1928,88.4,88.77,13,46,56,0.3999999999999915,6.41,112,153,118,148,303,323,284,""1.53"",""-1.53"",""71.1"",""7.7"",""5.390830611"",30,25,4,3,0,0,3,10,2,6.7,""2.5"",""0.43"",""0.78"",""-0.78"",""93.0"",143,40,0,0,5.96,1.85,0.3,2.06,0.3,0,""-1.5"",0.341,0.38,""1.5"",-0.044,-0.041000000000000036,-0.023,-0.027,28.3,""39.5"",13.529706236111016,-9.460907112108494,32.21810365498175,0.5454545454545454,39.93934787809937,36.081493928320555"
"101,621097,""Waguespack, Jacob"",302,33.4,0.143,0.143,0.118,0.286,0.254,0.308,0.23,3,21,89.5,17.9,1987,89.6,91.1,12,54,47,1.5,7.04,108,150,120,146,306,328,286,""0.619"",""-0.619"",""69.9"",""7.1"",""1.118693752"",26,18,2,0,0,1,4,15.4,4,15.4,""1.74"",""1.1"",""0.16"",""0.16"",""92.0"",142,33.33333333333333,5.555555555555555,3.8461538461538463,6.28,-0.22,0.06,2.2,0.269,1,""-0.612871287"",0.345,0.325,""0.612871287"",-0.087,-0.07599999999999996,-0.039,-0.054,22.2,""68.6"",10.566019154505181,0.09621850699573124,31.661486713335968,0.4807692307692308,34.22088180210925,28.691236007104052"
"101,673540,""Senga, Kodai"",868,11.6,0.2,0.2,0.231,0.4,0.357,0.424,0.29,4,20,95.8,24.1,2046,89.9,89.96,15,44,57,0.09999999999999432,6.39,107,151,121,146,301,319,289,""-1.58"",""1.58"",""71.2"",""7.8"",""5.312906181"",26,14,2,1,0,1,6,23.1,6,23.1,""2.23"",""0.64"",""0.47"",""0.47"",""93.4"",200,42.857142857142854,21.428571428571427,11.538461538461538,6.02,-1.95,0.11,1.66,0.385,3,""1.564356436"",0.454,0.516,""-1.564356436"",-0.09,-0.069,-0.116,-0.067,34.1,""48.2"",12.911460475643315,-11.080743122063808,32.284434296017714,0.5581395348837209,36.72534808143147,34.468448016001034"
"100,544150,""Suárez, Albert"",761,13.1,0.261,0.043,0.3,0.304,0.273,0.331,0.279,6,23,89.8,13.2,2244,89.8,90.44,11,49,51,0.6000000000000085,6.65,110,153,120,145,315,326,293,""1.038"",""-1.038"",""71.1"",""7.3"",""2.001585283"",26,20,5,1,0,0,4,15.4,2,7.7,""1.8"",""1.05"",""0.19"",""0.19"",""92.0"",172,55.00000000000001,5,3.8461538461538463,6.33,-1.27,0.31,2.45,0.308,1,""-1.038"",0.339,0.413,""1.038"",-0.018,-0.031000000000000028,-0.109,-0.058,22.4,""42.4"",12.09327284110821,-1.2005208415761839,31.070869430614987,0.5510204081632653,38.49716708215752,30.78291989916952"
"100,657097,""Webb, Jacob"",873,11.5,0.095,0,0.111,0.095,0.155,0.28,0.217,2,21,85,4.8,2534,89.4,89.29,9,40,60,-0.10000000000000853,6.3,110,154,123,151,307,326,293,""3.251"",""-3.251"",""69.0"",""7.5"",""2.902149826"",25,18,2,0,0,0,4,16,3,12,""2.3"",""0.58"",""0.5"",""0.5"",""91.4"",138,27.77777777777778,0,0,5.46,-3.11,0.27,2.17,0.2,0,""-3.251"",0.323,0.269,""3.251"",-0.122,-0.123,-0.174,-0.125,22.5,""33.0"",9.883865516615867,-3.3364614426404318,30.930936386409495,0.5128205128205128,37.059104094970934,31.415157220341005"
"100,700842,""Rivera, Eduardo"",210,47.6,0.316,0.263,0.357,0.579,0.397,0.307,0.228,6,19,91.2,12.9,1966,91.3,91.94,9,51,49,0.6000000000000085,6.58,106,153,121,147,293,318,292,""-1.709"",""1.709"",""72.0"",""7.7"",""2.338222895"",20,15,3,2,0,1,4,20,1,5,""1.88"",""0.86"",""0.22"",""-0.22"",""90.8"",155,46.666666666666664,6.666666666666667,5,6.31,1.87,0.07,2.03,0.35,1,""1.709"",0.267,0.453,""-1.709"",0.088,0.08299999999999996,0.126,0.09,17.6,""46.7"",8.613417280697746,-3.4303901951619875,30.278018403919805,0.5294117647058824,37.095240743460415,30.988937040401506"
"100,687239,""Peoples, Ben"",198,50.5,0.273,0.136,0.278,0.409,0.329,0.323,0.249,6,22,87.6,16.1,2399,92.9,93.44,13,58,42,0.5,6.52,106,151,118,145,302,329,297,""0.135"",""-0.135"",""70.3"",""7.5"",""4.823610637"",24,19,5,0,0,1,3,12.5,2,8.3,""1.87"",""0.78"",""-0.12"",""-0.12"",""90.9"",200,36.84210526315789,10.526315789473683,8.333333333333332,6.03,-0.95,0.32,2.37,0.333,2,""-0.135"",0.312,0.437,""0.135"",0.024,0.02100000000000002,-0.028,0.006,22.4,""49.1"",7.08400616208008,-0.22996080809536878,26.970726213083385,0.42105263157894735,40.53985220624873,28.10694198828582"
"99,641927,""Ober, Bailey"",1436,6.9,0.346,0.192,0.471,0.538,0.393,0.333,0.268,9,26,91.5,7.7,2148,82.1,83.57,21,53,46,1.5,7.13,104,151,114,145,298,335,300,""-2.105"",""2.105"",""71.0"",""7.7"",""6.576505779"",27,18,6,2,0,1,8,29.6,1,3.7,""2.81"",""0.59"",""0.17"",""0.17"",""92.1"",119,44.44444444444444,16.666666666666664,11.11111111111111,5.85,-1.24,0.49,2.01,0.37,3,""2.126262626"",0.295,0.484,""-2.126262626"",0.078,0.07500000000000001,0.054,0.06,39.6,""29.9"",16.739550616198905,-15.85784585416646,30.09846311141629,0.4339622641509434,38.86351799884506,39.93263804564193"
"99,676680,""Cosgrove, Tom"",144,68.8,0.238,0.19,0.235,0.429,0.31,0.246,0.183,5,21,84.5,24.8,2723,79.1,78.59,4,42,57,-0.5,5.94,108,151,115,147,304,326,297,""0.417"",""-0.417"",""69.9"",""7.6"",""4.352555"",26,18,3,1,0,1,5,19.2,3,11.5,""3.38"",""0.35"",""-0.76"",""0.76"",""90.1"",196,16.666666666666664,5.555555555555555,3.8461538461538463,4.69,2.86,0.32,2.49,0.308,1,""-0.421212121"",0.271,0.257,""0.421212121"",0.055,0.03699999999999998,0.172,0.064,9.5,""10.8"",11.477105199454337,-10.63600085385906,28.949616309852082,0.6341463414634146,36.85837556684367,36.150763200978254"
"99,669724,""Hanifee, Brenan"",325,30.5,0.292,0.292,0.263,0.583,0.384,0.348,0.323,7,24,89.7,-0.8,2092,93.3,93.2,8,48,51,-0.09999999999999432,6.16,109,151,121,146,304,327,290,""-1.311"",""1.311"",""71.7"",""7.1"",""1.700069479"",25,21,4,1,0,2,3,12,1,4,""2.25"",""0.37"",""0.89"",""0.89"",""92.5"",104,47.61904761904761,4.761904761904762,4,5.5,-2.7,0.24,2.32,0.32,1,""1.324242424"",0.35,0.449,""-1.324242424"",-0.031,-0.02999999999999997,0.134,0.036,16.7,""32.0"",7.013322245630982,4.89960776617846,31.71721599014141,0.5416666666666666,33.77410096664525,23.657372181550855"
"99,689147,""Kerkering, Orion"",861,11.5,0.208,0.167,0.263,0.375,0.297,0.289,0.218,5,24,87.1,13.6,2592,91.7,91.55,11,45,54,-0.20000000000000284,6.12,108,150,116,142,296,322,288,""0.558"",""-0.558"",""69.0"",""7.4"",""1.748403803"",27,19,2,2,1,0,5,18.5,2,7.4,""2.21"",""0.52"",""0.05"",""0.05"",""92.1"",175,31.57894736842105,5.263157894736842,3.7037037037037033,5.74,-1.45,0.16,2.18,0.296,1,""-0.563636364"",0.305,0.337,""0.563636364"",-0.01,-0.009000000000000008,0.038,0.008,24.4,""32.6"",10.274844086133374,0.3130996059455222,31.00930882585656,0.6136363636363636,38.944239289964386,27.394701231920248"
"98,670280,""Bednar, David"",886,11.1,0.048,0.143,0,0.19,0.125,0.203,0.159,1,21,83.8,10.7,2072,92.2,92.77,22,54,44,0.5999999999999943,6.56,108,150,124,149,295,325,291,""3.255"",""-3.255"",""71.4"",""7.4"",""2.287306778"",22,13,0,0,0,1,8,36.4,1,4.5,""1.91"",""0.8"",""0.48"",""0.48"",""90.0"",159,23.076923076923077,7.6923076923076925,4.545454545454546,5.97,-1.7,0.28,2.18,0.091,1,""-3.321428571"",0.197,0.263,""3.321428571"",-0.111,-0.10600000000000001,-0.073,-0.078,40.7,""41.2"",8.587161428859854,-0.06455132422555199,31.18350600389402,0.6037735849056604,39.466412327917645,29.685061863336244"
"98,594027,""Guerrero, Tyron"",442,22.2,0.179,0.071,0.2,0.25,0.203,0.229,0.222,5,28,85.4,1.2,2158,98.6,100.25,8,58,40,1.7000000000000028,7.15,106,152,121,146,297,317,293,""2.924"",""-2.924"",""70.6"",""7.0"",""4.030662324"",29,25,3,2,0,0,3,10.3,1,3.4,""1.41"",""0.94"",""1.01"",""1.01"",""91.0"",115,32,0,0,6.32,-1.74,-0.03,2.23,0.207,0,""-2.983673469"",0.249,0.263,""2.983673469"",-0.043,-0.04200000000000001,-0.013,-0.026,13.8,""43.2"",2.1984525752901956,10.139432465818123,31.62770477790245,0.29310344827586204,34.306746523461754,22.60079088980053"
"97,677961,""Wilcox, Cole"",492,19.7,0.2,0,0.25,0.2,0.225,0.267,0.237,4,20,90.2,-4,2012,91.6,91.49,10,43,54,-0.09999999999999432,6.26,106,151,120,148,297,324,291,""2.053"",""-2.053"",""70.4"",""7.2"",""1.082671885"",22,16,4,0,0,0,4,18.2,2,9.1,""2.57"",""0.18"",""0.42"",""0.42"",""91.5"",124,37.5,0,0,5.67,-2.14,0.45,2.15,0.273,0,""-2.116494845"",0.306,0.277,""2.116494845"",-0.037,-0.032999999999999974,-0.077,-0.042,23.3,""24.0"",5.563056904870345,5.715294316983762,30.0106338118365,0.42857142857142855,38.2718789377776,27.46862651841675"
"96,806188,""Gibson, Cade"",569,16.9,0.176,0.176,0.154,0.353,0.302,0.271,0.178,3,17,84.9,8.9,2747,85.7,85.05,9,41,55,-0.6000000000000085,5.88,99,149,116,145,313,324,287,""-0.928"",""0.928"",""67.8"",""7.0"",""1.734534696"",24,15,2,0,0,1,4,16.7,4,16.7,""3.24"",""-0.1"",""-0.18"",""0.18"",""91.4"",143,33.33333333333333,0,0,5.71,1.45,-0.14,2.09,0.348,0,""0.966666667"",0.349,0.253,""-0.966666667"",-0.002,-0.0010000000000000009,0.1,0.031,22,""34.0"",9.224279050192473,-0.511529417658156,35.64821715626399,0.525,32.718322600253536,30.951388046852"
"96,668678,""Gallen, Zac"",1646,5.8,0.348,0.391,0.375,0.739,0.476,0.496,0.374,8,23,96.1,13.7,2180,89,89.34,8,47,49,0.29999999999999716,6.54,107,150,121,148,308,331,288,""-2.485"",""2.485"",""70.8"",""7.3"",""1.990140527"",25,18,4,1,1,2,5,20,2,8,""2.38"",""0.52"",""0.22"",""0.22"",""96.7"",181,66.66666666666666,27.77777777777778,20,5.96,-2.67,-0.08,1.92,0.4,5,""2.588541667"",0.424,0.765,""-2.588541667"",-0.026,-0.023999999999999966,-0.026,-0.02,17,""42.2"",9.985401316078137,-13.230728207599672,35.052582427321795,0.6511627906976745,33.928323985917025,35.28419521455469"
"96,671922,""Smith, Cade"",929,10.3,0.067,0,0.125,0.067,0.194,0.209,0.077,1,15,88.7,18.9,2144,94.6,96.58,12,38,58,2,7.45,106,151,120,145,303,324,290,""1.748"",""-1.748"",""68.9"",""7.1"",""2.705000314"",19,8,1,0,0,0,7,36.8,4,21.1,""1.65"",""0.93"",""0.28"",""0.28"",""89.7"",153,25,0,0,5.62,-1.95,0.18,2.46,0.263,0,""-1.820833333"",0.271,0.099,""1.820833333"",-0.01,-0.008000000000000007,-0.032,-0.015,31.6,""38.2"",7.148264463094966,2.130524302549462,31.851686235440745,0.4473684210526316,36.227553643119016,26.277561982600915"
"96,681870,""Sabrowski, Erik"",598,16.1,0.261,0.261,0.333,0.522,0.387,0.326,0.206,6,23,86.7,30.4,2598,90.8,91.05,15,44,52,0.29999999999999716,6.51,105,150,118,144,298,323,299,""-1.894"",""1.894"",""68.3"",""7.3"",""6.613635567"",29,14,4,0,0,2,9,31,6,20.7,""1.9"",""0.9"",""0.48"",""-0.48"",""91.3"",208,21.428571428571427,14.285714285714285,6.896551724137931,6.06,1.04,-0.04,2.47,0.414,2,""1.972916667"",0.37,0.412,""-1.972916667"",0.055,0.043999999999999984,0.11,0.061,34.1,""45.0"",9.96534349429077,-3.4719143463123086,30.963030123200685,0.5348837209302325,35.651966063020744,31.412368092928627"
"96,664991,""Wolfram, Grant"",593,16.2,0.133,0.267,0.091,0.4,0.324,0.319,0.167,2,15,84.4,14.8,2366,92.7,92.57,10,43,53,-0.10000000000000853,6.23,106,152,116,146,308,327,293,""0.162"",""-0.162"",""66.7"",""6.7"",""3.243646307"",22,13,0,1,0,1,4,18.2,5,22.7,""1.96"",""0.71"",""0.45"",""-0.45"",""90.0"",167,23.076923076923077,7.6923076923076925,4.545454545454546,6.19,2.21,-0.01,2.45,0.333,1,""-0.16875"",0.359,0.33,""0.16875"",-0.034,-0.025999999999999968,0.07,0.005,23.3,""41.8"",2.0499913802172625,2.75573265365598,32.62825713236423,0.30952380952380953,36.24225573831342,27.086090274757616"
"96,701519,""Adams, Travis"",598,16.1,0.235,0.059,0.4,0.294,0.337,0.302,0.176,4,17,89.4,18.6,2262,90,89.9,15,36,60,-0.09999999999999432,6.12,104,151,118,145,298,326,292,""-0.514"",""0.514"",""70.8"",""7.5"",""2.87066659"",22,10,3,1,0,0,7,31.8,5,22.7,""2.24"",""0.59"",""0.26"",""0.26"",""90.8"",177,30,0,0,5.88,-2.67,0.48,2.01,0.409,0,""0.535416667"",0.363,0.254,""-0.535416667"",0.059,0.045999999999999985,0.04,0.035,41.7,""41.7"",11.245285612405471,-6.037065070164979,31.47148642175362,0.5277777777777778,39.53508395645808,32.44308886297476"
"96,670167,""Schreiber, John"",731,13.1,0.176,0,0.273,0.176,0.26,0.377,0.276,3,17,92.4,19.9,2367,89.7,90.18,10,37,59,0.5,6.49,107,153,120,148,302,323,286,""1.224"",""-1.224"",""70.6"",""7.3"",""2.769095199"",21,11,3,0,0,0,6,28.6,4,19,""2.56"",""0.3"",""0.18"",""0.18"",""92.0"",165,54.54545454545454,9.090909090909092,4.761904761904762,4.54,-2.63,0.4,2.23,0.333,1,""-1.275"",0.414,0.432,""1.275"",-0.1,-0.08099999999999996,-0.256,-0.117,27,""10.3"",7.061841227776924,-0.5860878415535737,32.55171835453285,0.4857142857142857,38.43333945548924,29.015101491329624"
"95,675848,""Mejia, Juan"",946,10,0.222,0,0.25,0.222,0.265,0.35,0.282,4,18,79.5,5.4,2608,92.9,92.97,6,37,58,0.09999999999999432,6.01,107,150,116,143,306,331,296,""1.532"",""-1.532"",""64.6"",""6.5"",""1.622306448"",25,17,4,0,0,0,4,16,4,16,""2.18"",""0.47"",""-0.03"",""-0.03"",""90.8"",141,23.52941176470588,0,0,5.87,-1.81,0.27,2.58,0.333,0,""-1.612631579"",0.417,0.32,""1.612631579"",-0.06,-0.08399999999999996,-0.098,-0.085,16.2,""34.8"",2.487373472737212,17.77419958394277,29.50343691383109,0.37142857142857144,33.77228512295548,21.714180172335517"
"95,667297,""Nance, Tommy"",698,13.6,0.091,0.136,0.067,0.227,0.18,0.223,0.16,2,22,82.1,13.3,2488,90,90.33,12,47,48,0.29999999999999716,6.3,105,151,118,145,295,324,292,""2.501"",""-2.501"",""67.2"",""7.2"",""1.922017936"",24,16,1,0,0,1,6,25,2,8.3,""2.67"",""0.14"",""0.17"",""0.17"",""90.8"",141,31.25,6.25,4.166666666666666,6.29,-1.3,0.43,2.42,0.167,1,""-2.632631579"",0.23,0.262,""2.632631579"",-0.069,-0.063,-0.035,-0.043,25.5,""44.9"",8.879508703508233,3.841675044635318,31.74242283510765,0.5319148936170213,39.891353991722575,27.81926073749373"
"95,660825,""Bazardo, Eduard"",832,11.4,0.407,0.481,0.412,0.889,0.547,0.387,0.295,11,27,83.6,25.8,2343,92.2,91.45,9,57,38,-0.7999999999999972,5.84,111,152,116,147,296,322,295,""-6.924"",""6.924"",""70.7"",""7.3"",""2.043544127"",27,21,6,1,0,4,6,22.2,0,0,""2.2"",""0.51"",""0.5"",""0.5"",""92.4"",172,28.57142857142857,14.285714285714285,11.11111111111111,5.84,-1.78,0.21,2.3,0.407,3,""7.288421053"",0.295,0.624,""-7.288421053"",0.112,0.11199999999999999,0.265,0.16,15.8,""44.4"",6.257774265148548,-2.5443838072209153,29.857447092745907,0.5454545454545454,36.74131523077283,29.371310044004968"
"95,657514,""Bernardino, Brennan"",759,12.5,0.174,0.174,0.188,0.348,0.277,0.371,0.281,4,23,91.9,15,2289,84.6,83.74,9,37,58,-0.8999999999999915,5.49,107,150,114,145,309,330,295,""-0.092"",""0.092"",""68.6"",""7.3"",""2.934520979"",27,18,2,1,0,1,6,22.2,2,7.4,""3.07"",""0.13"",""0.25"",""-0.25"",""94.4"",209,50,5.555555555555555,3.7037037037037033,4.77,3.24,0.33,2.16,0.269,1,""0.096842105"",0.364,0.495,""-0.096842105"",-0.107,-0.09499999999999997,-0.147,-0.094,24.3,""11.3"",5.960504326330104,-2.612302885968355,34.072836917388976,0.35294117647058826,37.64243198224888,28.41817675158498"
"95,552640,""Kittredge, Andrew"",517,18.4,0.179,0.036,0.217,0.214,0.207,0.252,0.225,5,28,87.7,5,2493,91.2,91.83,11,48,47,0.5999999999999943,6.6,107,147,114,140,305,316,294,""1.338"",""-1.338"",""70.5"",""7.6"",""4.069629839"",30,23,4,1,0,0,5,16.7,2,6.7,""2.31"",""0.44"",""0.17"",""0.17"",""92.0"",104,39.130434782608695,0,0,5.92,-1.44,0.15,1.75,0.233,0,""-1.408421053"",0.277,0.279,""1.408421053"",-0.046,-0.04400000000000001,-0.065,-0.045,22.9,""42.6"",12.615970711295494,-4.342415738524383,33.01247819504046,0.5777777777777777,37.781491292351774,31.771660495434542"
"95,695243,""Miller, Mason"",796,11.9,0.087,0.043,0.182,0.13,0.12,0.196,0.161,2,23,89.7,7,2457,95.4,96.1,23,50,45,0.6999999999999886,6.78,115,151,122,145,303,323,285,""3.959"",""-3.959"",""69.2"",""7.4"",""5.592375999"",25,11,1,1,0,0,12,48,1,4,""1.98"",""0.58"",""-0.1"",""-0.1"",""91.3"",145,45.45454545454545,18.181818181818183,8,6.23,-1.4,0.19,2.44,0.16,2,""-4.167368421"",0.229,0.242,""4.167368421"",-0.074,-0.069,-0.112,-0.076,46,""41.5"",9.146031880959045,-6.22615091826646,28.35280342842611,0.5208333333333334,39.892416718175355,33.93751587966613"
"95,663947,""Holton, Tyler"",861,11,0.259,0.148,0.3,0.407,0.33,0.294,0.22,7,27,86.9,11.7,2044,86.7,87.18,11,50,45,0.5,6.47,109,151,119,148,303,324,289,""0.417"",""-0.417"",""69.1"",""7.2"",""1.587040629"",30,21,5,1,0,1,6,20,1,3.3,""2.54"",""0.49"",""0.41"",""-0.41"",""92.7"",134,52.38095238095239,4.761904761904762,3.3333333333333335,5.88,1.67,0.08,2.11,0.333,1,""-0.438947368"",0.298,0.357,""0.438947368"",0.039,0.03500000000000003,0.05,0.036,22,""39.9"",8.800926624578954,-3.732298066944448,34.262180243903245,0.5918367346938775,36.844034294097085,34.10894672941814"
"95,656427,""Flaherty, Jack"",1643,5.8,0.261,0.304,0.25,0.565,0.378,0.434,0.317,6,23,92,21.9,2319,88,88.53,9,47,48,0.5,6.58,107,153,122,148,302,326,291,""-0.701"",""0.701"",""71.9"",""7.4"",""2.038150876"",25,18,3,1,0,2,5,20,1,4,""2.29"",""0.69"",""0.1"",""0.1"",""93.3"",209,55.55555555555556,16.666666666666664,12,5.42,-2.53,0.4,2.04,0.32,3,""0.737894737"",0.372,0.661,""-0.737894737"",-0.056,-0.05199999999999999,-0.096,-0.056,19.1,""29.0"",12.739552500608408,-6.2475825538751755,30.037496629149988,0.6444444444444445,37.27339443698911,33.602834101521374"
"95,681892,""Funderburk, Kody"",610,15.6,0.13,0,0.188,0.13,0.163,0.249,0.191,3,23,86.7,14.1,2304,90.1,91.14,8,43,52,1,6.89,104,150,116,144,297,327,291,""2.917"",""-2.917"",""71.7"",""6.9"",""2.603145002"",26,16,3,0,0,0,7,26.9,3,11.5,""2.31"",""0.53"",""0.31"",""-0.31"",""91.5"",153,43.75,12.5,7.6923076923076925,5.75,2.46,-0.09,2.33,0.231,2,""-3.070526316"",0.285,0.304,""3.070526316"",-0.061,-0.053999999999999965,-0.174,-0.086,18.6,""32.7"",3.534648687846219,5.906582554631804,32.36107403538692,0.2558139534883721,36.246391008342584,24.703869128353517"
"94,669684,""Murphy, Chris"",527,17.8,0.25,0.1,0.313,0.35,0.305,0.28,0.24,5,20,77.8,17.4,2422,88,87.86,15,49,45,-0.09999999999999432,6.15,103,148,115,142,293,324,289,""0.231"",""-0.231"",""70.2"",""7.3"",""2.228304965"",24,16,3,2,0,0,5,20.8,2,8.3,""2.71"",""0.31"",""-0.2"",""0.2"",""90.6"",176,6.25,0,0,5.35,1.94,0.18,2.44,0.333,0,""-0.245744681"",0.327,0.278,""0.245744681"",0.01,0.006000000000000005,0.072,0.025,30.6,""39.6"",10.377001665955015,-1.558646995096007,27.838611686986976,0.6326530612244898,35.84605532079012,32.64818212806678"
"94,676775,""Winn, Keaton"",609,15.4,0.348,0.043,0.421,0.391,0.394,0.344,0.281,8,23,83.8,-2.2,2077,91.7,91.87,9,41,53,0.20000000000000284,6.25,106,152,119,147,301,317,294,""-1.723"",""1.723"",""70.8"",""7.7"",""2.863249767"",28,19,7,1,0,0,4,14.3,3,10.7,""2.24"",""0.47"",""0.84"",""0.84"",""92.3"",74,36.84210526315789,0,0,6.13,-1.44,0.39,2.2,0.464,0,""1.832978723"",0.409,0.322,""-1.832978723"",0.067,0.05500000000000005,0.069,0.05,22,""39.1"",11.554669907271936,-5.690789206998564,31.634716246377206,0.5853658536585366,36.91274306652758,33.10826517177894"
"93,664141,""Brubaker, JT"",894,10.4,0.35,0.35,0.375,0.7,0.455,0.367,0.29,7,20,86.5,6,2364,89.8,89.12,9,42,51,-0.7000000000000028,5.74,105,151,118,145,301,321,294,""-3.517"",""3.517"",""67.1"",""7.1"",""5.341731432"",24,17,4,0,2,1,4,16.7,2,8.3,""2.4"",""0.43"",""0.52"",""0.52"",""91.7"",130,35.294117647058826,5.88235294117647,4.166666666666666,6.28,-2.2,0.36,2.03,0.417,1,""3.78172043"",0.367,0.501,""-3.78172043"",0.06,0.04999999999999999,0.199,0.088,21.4,""46.5"",10.147616240242883,-0.4004228972024211,30.428796266092863,0.5609756097560976,38.945296580957205,31.41182096361064"
"92,679775,""Backhus, Kyle"",354,26,0.318,0.182,0.375,0.5,0.408,0.347,0.241,7,22,83.8,11.5,2068,84.7,85.85,10,40,52,1.2000000000000028,7.15,110,149,116,141,295,322,290,""-2.375"",""2.375"",""68.9"",""7.1"",""4.235487995"",26,17,5,1,0,1,5,19.2,2,7.7,""3.03"",""0.22"",""0.76"",""-0.76"",""92.1"",166,47.05882352941176,5.88235294117647,3.8461538461538463,4.3,3.33,-0.22,2.37,0.423,1,""2.581521739"",0.358,0.418,""-2.581521739"",0.077,0.065,0.082,0.061,25,""7.5"",8.434328590581892,-2.9937591393906766,34.24272762232188,0.47368421052631576,35.60803527977188,32.500571141490816"
"91,669711,""Weissert, Greg"",743,12.2,0.192,0.115,0.2,0.308,0.266,0.286,0.227,5,26,86.9,12.1,2291,91,90.45,6,43,48,-0.5999999999999943,5.96,106,153,121,147,296,316,292,""1.689"",""-1.689"",""70.5"",""7.1"",""2.046430962"",29,21,4,0,0,1,5,17.2,2,6.9,""2.49"",""0.29"",""0.69"",""0.69"",""91.6"",149,28.57142857142857,4.761904761904762,3.4482758620689653,4.79,-2.43,-0.13,2.29,0.276,1,""-1.856043956"",0.307,0.32,""1.856043956"",-0.035,-0.030999999999999972,-0.012,-0.02,14,""11.8"",7.817022440312824,-0.9207915948751126,31.195082150897182,0.5116279069767442,33.24356121140044,28.685949298761415"
"91,702021,""Dion, Will"",353,25.8,0.185,0.222,0.158,0.407,0.25,0.274,0.225,5,27,83.5,14.5,2106,84.4,84.28,13,53,38,-0.10000000000000853,6.07,111,154,124,147,302,329,297,""-0.148"",""0.148"",""67.7"",""7.4"",""3.012070961"",27,21,3,0,0,2,6,22.2,0,0,""2.36"",""0.88"",""0.27"",""-0.27"",""90.8"",170,28.57142857142857,9.523809523809524,7.4074074074074066,6.02,0.51,0.17,2.57,0.185,2,""0.162637363"",0.225,0.421,""-0.162637363"",-0.04,-0.04000000000000001,-0.014,-0.024,24.5,""66.8"",10.614413029827308,-0.1690615953489425,30.200977585919055,0.4807692307692308,38.45951284081117,31.010699779048583"
"91,672782,""Gómez, Yoendrys"",899,10.1,0.211,0,0.286,0.211,0.257,0.253,0.187,4,19,82.5,23.3,2610,91.5,92.53,15,44,47,1,6.89,102,150,117,144,293,329,292,""0.665"",""-0.665"",""69.3"",""7.2"",""3.909928382"",22,14,4,0,0,0,5,22.7,3,13.6,""1.92"",""0.82"",""-0.13"",""-0.13"",""89.4"",161,14.285714285714285,0,0,5.41,-2.3,0.66,2.31,0.318,0,""-0.730769231"",0.298,0.235,""0.730769231"",0.024,0.020000000000000018,-0.024,0.004,34.1,""31.7"",8.817244261182413,0.453505519742232,29.275833754241315,0.5714285714285714,41.19787036176639,28.688368564940912"
"89,571578,""Corbin, Patrick"",1413,6.3,0.36,0.24,0.35,0.6,0.413,0.346,0.303,9,25,86.4,8.2,1971,84.9,85.46,9,41,48,0.5999999999999943,6.67,107,151,119,145,294,321,286,""-2.235"",""2.235"",""71.5"",""7.6"",""3.758403008"",25,22,7,0,0,2,3,12,0,0,""2.59"",""0.64"",""0.4"",""-0.4"",""91.8"",161,36.36363636363637,9.090909090909092,8,6.29,2.6,0.03,2.25,0.36,2,""2.511235955"",0.303,0.51,""-2.511235955"",0.057,0.056999999999999995,0.09,0.067,22,""40.2"",10.746898633587326,-2.0352232154326777,31.24348988311288,0.3902439024390244,38.223257613299914,32.25155291171778"
"89,688297,""Roycroft, Chris"",350,25.4,0.44,0.52,0.438,0.96,0.6,0.447,0.34,11,25,88,0.3,2162,94,95.22,10,48,41,1.2000000000000028,7.02,109,154,119,148,303,334,301,""-7.657"",""7.657"",""68.8"",""6.9"",""1.475932045"",27,20,6,1,0,4,5,18.5,1,3.7,""2.43"",""0.16"",""0.96"",""0.96"",""93.5"",125,40,20,14.814814814814813,5.4,-1.39,-0.17,2.12,0.481,4,""8.603370787"",0.391,0.665,""-8.603370787"",0.1,0.08999999999999997,0.295,0.153,20.8,""26.3"",6.245573109341799,6.052690348586253,32.14011483200119,0.5319148936170213,34.90537272052018,25.049849336082023"
"89,642121,""Sulser, Cole"",784,11.4,0.176,0.294,0.25,0.471,0.292,0.17,0.112,3,17,87.3,1.2,2178,87.9,88.16,12,47,42,0.29999999999999716,6.51,102,153,119,147,307,336,297,""0.649"",""-0.649"",""68.3"",""7.1"",""2.300488885"",18,9,0,2,0,1,8,44.4,1,5.6,""2.12"",""0.86"",""0.61"",""0.61"",""89.9"",140,33.33333333333333,11.11111111111111,5.555555555555555,5.75,-1.76,0.25,2.15,0.222,1,""-0.729213483"",0.162,0.221,""0.729213483"",0.064,0.06,0.25,0.122,25.5,""42.5"",7.593289974879797,1.8368311100373462,30.47969934600399,0.38636363636363635,35.99695771100507,26.58351406684063"
"89,650960,""Duarte, Daniel"",234,38,0.176,0.059,0.231,0.235,0.208,0.214,0.201,3,17,72.1,7.1,2478,88.2,87.84,9,44,45,-0.4000000000000057,5.94,108,153,123,148,305,321,289,""1.092"",""-1.092"",""69.9"",""7.3"",""1.037009484"",18,13,2,1,0,0,4,22.2,1,5.6,""2.32"",""0.63"",""-0.32"",""-0.32"",""89.4"",141,15.384615384615385,0,0,5.7,-1.14,0.57,2,0.222,0,""-1.226966292"",0.245,0.22,""1.226966292"",-0.025,-0.022999999999999993,0.015,-0.006,20.5,""40.9"",7.617515348934614,-1.5898146427339839,32.75900662954073,0.5227272727272727,38.48024755575517,31.069466833746276"
"88,663767,""Shugart, Chase"",663,13.3,0.235,0.235,0.231,0.471,0.359,0.268,0.162,4,17,78,10.6,2438,90.3,90.28,8,36,52,0,6.27,113,151,118,142,291,323,286,""-0.496"",""0.496"",""68.8"",""7.3"",""1.145201311"",20,14,2,1,0,1,3,15,3,15,""2.28"",""0.54"",""0.04"",""0.04"",""89.9"",135,21.428571428571427,7.142857142857142,5,5.46,-2.75,0.31,2.2,0.35,1,""0.563636364"",0.288,0.294,""-0.563636364"",0.073,0.062,0.177,0.091,22.2,""39.5"",12.291987634596937,-1.0089014379845835,32.144600469891394,0.6764705882352942,37.216927927433616,30.34496466721091"
"88,621053,""Ferguson, Tyler"",256,34.4,0.174,0.261,0.167,0.435,0.293,0.279,0.172,4,23,87.7,22.3,2455,91,91.16,14,43,45,0.20000000000000284,6.34,111,152,120,150,306,323,292,""0.999"",""-0.999"",""68.5"",""7.0"",""1.65903377"",25,14,2,0,0,2,9,36,0,0,""2.13"",""0.65"",""0.07"",""0.07"",""91.9"",203,35.714285714285715,14.285714285714285,8,5.83,-2.89,0.12,2.32,0.24,2,""-1.135227273"",0.239,0.401,""1.135227273"",0.002,0.0010000000000000009,0.034,0.014,32.6,""28.1"",5.304018052269287,0.4731290275511767,31.678773161788488,0.43902439024390244,36.77487037925054,26.65016053092501"
"88,664126,""Fairbanks, Pete"",661,13.3,0.238,0.143,0.364,0.381,0.304,0.375,0.27,5,21,92.2,23,2464,91.8,91.64,17,44,44,-0.20000000000000284,6.14,111,152,119,146,311,330,292,""1.107"",""-1.107"",""68.9"",""7.1"",""2.284835391"",23,12,4,0,0,1,9,39.1,2,8.7,""2.24"",""0.49"",""-0.18"",""-0.18"",""92.2"",196,50,16.666666666666664,8.695652173913043,7.04,-0.34,-0.13,2.69,0.304,2,""-1.257954545"",0.333,0.542,""1.257954545"",-0.032,-0.029000000000000026,-0.161,-0.071,38.6,""57.0"",7.603320275777848,3.8887394350763063,28.304248044781573,0.5238095238095238,34.94779937227702,27.11146368821329"
"88,689296,""Nunez, Anthony"",777,11.3,0.273,0.045,0.316,0.318,0.297,0.333,0.277,6,22,81.5,20.5,2717,89.9,90.46,12,50,38,0.5999999999999943,6.47,103,146,116,139,304,323,297,""0.393"",""-0.393"",""64.8"",""7.2"",""5.078119217"",24,19,5,1,0,0,3,12.5,1,4.2,""2.41"",""0.41"",""-0.56"",""-0.56"",""90.4"",160,31.57894736842105,5.263157894736842,4.166666666666666,5.63,-1.52,0.63,2.13,0.333,1,""-0.446590909"",0.337,0.419,""0.446590909"",-0.004,-0.0040000000000000036,-0.101,-0.036,24,""35.4"",8.44397157959861,-1.0368477251051444,32.00908480689867,0.48,41.76104189336085,29.361358708365035"
"87,642207,""Williams, Devin"",732,11.9,0.313,0,0.417,0.313,0.362,0.336,0.254,5,16,86.7,5.2,2460,89.4,90.91,12,42,45,1.5,7.37,105,151,119,147,303,318,289,""-0.934"",""0.934"",""70.8"",""7.2"",""0.718573317"",20,12,5,0,0,0,4,20,4,20,""2.29"",""0.61"",""1.24"",""1.24"",""90.3"",135,50,0,0,5.21,-2.37,0.35,2.22,0.45,0,""1.073563218"",0.403,0.31,""-1.073563218"",0.059,0.046999999999999986,0.003,0.026,28.6,""18.5"",5.422463808927916,2.6307695294547795,29.537313652709273,0.47619047619047616,36.77457981443303,28.758864983259542"
"87,668873,""Kilian, Caleb"",794,11,0.267,0,0.444,0.267,0.314,0.169,0.063,4,15,69.3,7.3,2435,93.9,94.7,15,40,47,0.7999999999999972,6.65,106,147,114,141,296,320,289,""-0.351"",""0.351"",""61.8"",""6.4"",""2.810236416"",21,12,4,0,0,0,6,28.6,3,14.3,""1.78"",""0.82"",""0.26"",""0.26"",""88.8"",139,8.333333333333332,0,0,5.9,-1.76,0.07,2.47,0.389,0,""0.403448276"",0.219,0.086,""-0.403448276"",0.204,0.17,0.181,0.145,37.5,""46.4"",6.031534876698003,1.5654322435878456,30.48993749671527,0.40540540540540543,38.70890091569492,23.960148015345712"
"87,661395,""Duran, Jhoan"",664,13.1,0.19,0,0.333,0.19,0.218,0.176,0.125,4,21,90.6,-4.7,2018,95.6,95.4,15,42,45,-0.19999999999998863,6.06,112,151,117,143,296,321,283,""2.213"",""-2.213"",""65.2"",""6.9"",""3.041336182"",23,12,4,0,0,0,9,39.1,0,0,""2.23"",""0.27"",""0.68"",""0.68"",""92.7"",66,45.45454545454545,0,0,6.08,-2.42,0.06,2.07,0.261,0,""-2.543678161"",0.204,0.152,""2.543678161"",0.065,0.05700000000000002,0.038,0.042,35.7,""36.7"",2.8830661013422247,9.543762327324469,36.33624728777078,0.40476190476190477,37.13004646216929,21.63777509887504"
"87,687330,""Kelly, Kevin"",716,12.2,0.083,0.083,0.125,0.167,0.125,0.173,0.165,2,24,76.5,-5.9,2013,89.7,90.79,13,51,36,1.0999999999999943,7.04,103,152,117,148,302,331,297,""4.593"",""-4.593"",""69.4"",""7.0"",""1.654131382"",27,17,0,2,0,0,9,33.3,0,0,""3.18"",""-0.33"",""1.23"",""1.23"",""89.9"",89,11.76470588235294,0,0,3.64,-1.67,-0.13,2.09,0.115,0,""-5.279310345"",0.192,0.19,""5.279310345"",-0.082,-0.077,-0.023,-0.048,25.5,""1.2"",6.962012543017964,-0.2349289671041056,33.42754725509396,0.42,33.49785433586932,29.048423879458294"
"86,640448,""Finnegan, Kyle"",782,11,0.333,0.333,0.313,0.667,0.448,0.439,0.31,7,21,87.4,10.3,1915,90.4,91.03,10,43,43,0.5999999999999943,6.64,108,152,121,148,304,328,289,""-1.472"",""1.472"",""68.2"",""7.3"",""6.186748258"",23,18,4,1,0,2,3,13,2,8.7,""2.04"",""0.77"",""0.36"",""0.36"",""92.3"",142,38.88888888888889,22.22222222222222,17.391304347826086,5.62,-1.88,0.23,1.97,0.391,4,""1.711627907"",0.37,0.676,""-1.711627907"",0.023,0.02100000000000002,-0.009,0.009,23.3,""52.5"",12.984749403776501,-9.112430256707814,29.160700324258023,0.4186046511627907,37.44392693210428,34.31277712083561"
"86,592791,""Taillon, Jameson"",1357,6.3,0.409,0.591,0.385,1,0.6,0.523,0.375,9,22,94.6,15.5,2554,85.6,86.58,13,47,39,1,6.85,105,152,117,148,298,321,286,""-5.471"",""5.471"",""70.5"",""7.5"",""2.112193648"",24,17,4,1,0,4,5,20.8,2,8.3,""2.77"",""0.37"",""-0.45"",""-0.45"",""94.0"",161,64.70588235294117,17.647058823529413,12.5,6,-1.18,0.23,1.97,0.458,3,""6.361627907"",0.427,0.834,""-6.361627907"",0.034,0.031000000000000028,0.166,0.077,27.7,""45.1"",13.735475925125922,-6.823742893377703,32.4037645526718,0.574468085106383,37.126735628132046,32.54951124448791"
"86,670245,""Watson, Ryan"",914,9.4,0.2,0.2,0.2,0.4,0.254,0.234,0.235,5,25,84.8,4.3,2097,90.1,91.55,8,48,38,1.5,7.02,108,152,123,147,294,315,290,""-0.526"",""0.526"",""70.0"",""7.3"",""2.773476485"",25,21,2,2,0,1,4,16,0,0,""2.37"",""0.44"",""0.12"",""0.12"",""91.8"",141,19.047619047619047,4.761904761904762,4,5.57,-0.96,-0.11,2.23,0.2,1,""0.611627907"",0.235,0.305,""-0.611627907"",-0.035,-0.034999999999999976,0.095,0.02,16.7,""37.7"",7.087187778371283,-2.847422896302388,28.521267789752542,0.3541666666666667,35.42281011530588,30.964230160393175"
"86,642232,""Yarbrough, Ryan"",721,11.9,0.261,0.217,0.263,0.478,0.33,0.349,0.276,6,23,78.7,23.5,2003,81.8,81.98,9,43,43,0.20000000000000284,6.4,109,149,124,148,295,326,291,""-0.458"",""0.458"",""69.5"",""7.3"",""2.963916566"",25,21,4,0,1,1,3,12,0,0,""2.94"",""0.5"",""0.73"",""-0.73"",""90.4"",163,23.809523809523807,9.523809523809524,8,5.09,3.1,0.23,2.39,0.292,2,""0.53255814"",0.306,0.505,""-0.53255814"",-0.015,-0.014000000000000012,-0.027,-0.019,20.9,""16.2"",7.176342755511047,5.272314081340344,32.144888755065274,0.4418604651162791,40.23014342942979,29.686076718103294"
"86,689254,""Fluharty, Mason"",809,10.6,0.238,0.143,0.222,0.381,0.321,0.328,0.212,5,21,85.3,9.8,2472,87.7,88.61,6,44,42,0.8999999999999915,6.79,106,153,117,148,293,317,286,""-0.924"",""0.924"",""72.0"",""7.5"",""1.476986214"",24,19,4,0,0,1,2,8.3,3,12.5,""2.44"",""0.54"",""-0.15"",""0.15"",""91.2"",168,31.57894736842105,10.526315789473683,8.333333333333332,5.78,3.71,0.22,2.35,0.333,2,""1.074418605"",0.311,0.439,""-1.074418605"",0.026,0.02200000000000002,-0.058,-0.007,13.6,""31.5"",12.17808432426276,0.468922220101585,29.502665328894633,0.3953488372093023,37.46677426505445,30.348895482132875"
"86,623465,""Phillips, Evan"",172,50,0.261,0.391,0.176,0.652,0.367,0.343,0.237,6,23,91.3,28.1,2481,91.9,91.83,7,38,48,-0.10000000000000853,6.32,111,153,121,148,299,314,289,""-2.182"",""2.182"",""70.6"",""7.1"",""3.864666291"",24,20,3,0,0,3,4,16.7,0,0,""2.14"",""0.6"",""-0.07"",""-0.07"",""92.3"",196,35,15,12.5,5.47,-2.98,0.27,2.08,0.25,3,""2.537209302"",0.232,0.593,""-2.537209302"",0.024,0.017999999999999988,0.059,0.024,18.4,""26.2"",7.4281965107627315,0.1020129267571227,33.05145990546229,0.4594594594594595,36.88220142837608,27.718885001998995"
"85,657571,""Ferguson, Caleb"",464,18.3,0.348,0.174,0.35,0.522,0.386,0.31,0.265,8,23,90.1,13.6,2538,88.1,88.19,8,42,43,0.10000000000000853,6.29,100,153,114,147,303,323,290,""-0.581"",""0.581"",""72.3"",""7.4"",""2.152918449"",26,21,6,1,0,1,3,11.5,2,7.7,""2.51"",""0.45"",""0.13"",""-0.13"",""92.8"",162,42.857142857142854,4.761904761904762,3.8461538461538463,5.6,2.59,-0.16,2.14,0.385,1,""0.683529412"",0.318,0.392,""-0.683529412"",0.083,0.067,0.13,0.076,19,""39.1"",9.590169447063321,-2.2085445565582913,34.66971562501862,0.5121951219512195,36.04849008756449,29.333369381108827"
"85,672335,""Pérez, Cionel"",702,12.1,0.409,0.227,0.533,0.636,0.469,0.313,0.256,9,22,90.2,2.3,2457,91.7,90.9,11,42,43,-0.7999999999999972,5.82,109,153,125,147,303,320,291,""-2.778"",""2.778"",""69.6"",""7.1"",""6.101036998"",24,16,7,0,1,1,6,25,2,8.3,""2.57"",""0.18"",""-0.01"",""0.01"",""92.8"",145,56.25,12.5,8.333333333333332,5.48,1.34,0.16,2.06,0.458,2,""3.268235294"",0.318,0.397,""-3.268235294"",0.153,0.14,0.239,0.156,26.2,""34.8"",5.849643582201862,5.370105537983892,32.43799925333975,0.43902439024390244,35.50773937039435,25.646292874657796"
"85,666661,""Morillo, Juan"",744,11.4,0.217,0.087,0.313,0.304,0.235,0.22,0.189,5,23,83.7,5.6,2344,96.3,96.53,16,42,43,0.20000000000000284,6.44,106,148,119,147,307,321,285,""1.568"",""-1.568"",""68.8"",""7.0"",""2.811742477"",25,16,3,2,0,0,8,32,1,4,""1.58"",""0.9"",""0.58"",""0.58"",""90.5"",136,25,0,0,5.74,-1.51,-0.02,2.31,0.24,0,""-1.844705882"",0.242,0.222,""1.844705882"",0.028,-0.0020000000000000018,0.082,0.015,38.1,""47.6"",1.694201962767378,7.563240767601243,32.03389321535517,0.34146341463414637,34.9902714560696,23.783685696427625"
"85,687273,""Mathews, Quinn"",97,87.6,0.294,0.059,0.313,0.353,0.329,0.323,0.273,5,17,87.7,19.6,2089,87.8,88.06,9,40,45,0.29999999999999716,6.5,100,150,116,143,298,319,284,""-0.078"",""0.078"",""71.2"",""7.5"",""2.196436068"",21,16,4,1,0,0,2,9.5,3,14.3,""2.42"",""0.6"",""0.28"",""-0.28"",""91.4"",146,25,0,0,5.4,1.18,0.18,2.46,0.381,0,""0.091764706"",0.373,0.321,""-0.091764706"",0.021,0.008000000000000007,0.032,0.006,22.5,""40.4"",11.79409027076294,-3.5369655051310542,29.823175475266513,0.575,36.92317873690837,31.43113604387942"
"85,805427,""Sommers, Drew"",343,24.8,0.231,0,0.375,0.231,0.342,0.323,0.19,3,13,75.5,20.3,2200,92.1,93.75,17,42,43,1.7000000000000028,7.24,108,151,120,148,305,328,287,""-0.564"",""0.564"",""68.9"",""6.7"",""1.872052964"",18,8,3,0,0,0,5,27.8,5,27.8,""2.26"",""0.45"",""0.73"",""-0.73"",""88.9"",176,12.5,0,0,4.69,2.92,0.38,2.62,0.444,0,""0.663529412"",0.415,0.22,""-0.663529412"",0.041,0.029000000000000026,0.011,0.019,40.5,""12.2"",2.2148877075020903,6.989887875797566,30.027697912011096,0.35714285714285715,37.854592778707534,21.432057859848193"
"84,695418,""Lord, Brad"",1096,7.7,0.294,0,0.333,0.294,0.294,0.294,0.209,5,17,89.6,4.9,2482,90.9,89.5,12,50,34,-1.4000000000000057,5.32,105,148,114,148,302,328,298,""0.631"",""-0.631"",""66.8"",""6.8"",""3.096279977"",20,15,5,0,0,0,3,15,1,5,""2.49"",""0.28"",""0.71"",""0.71"",""90.4"",146,28.57142857142857,7.142857142857142,5,5.36,-2.49,0.14,2.29,0.35,1,""-0.751190476"",0.313,0.306,""0.751190476"",0.085,0.03699999999999998,-0.012,0,24,""15.8"",2.8852774525915557,11.642821999939736,33.48335971428898,0.2653061224489796,35.96402407387235,24.314531199394832"
"84,664199,""Clarke, Taylor"",753,11.2,0.391,0.174,0.421,0.565,0.426,0.327,0.292,9,23,89.9,13.1,2167,91.7,91.67,11,43,41,0,6.26,107,149,120,147,306,323,288,""-1.586"",""1.586"",""70.5"",""7.5"",""4.116770613"",24,20,7,1,0,1,3,12.5,1,4.2,""2.17"",""0.55"",""0.49"",""0.49"",""92.6"",134,40,10,8.333333333333332,6.03,-0.96,0.18,1.99,0.417,2,""1.888095238"",0.321,0.432,""-1.888095238"",0.099,0.09599999999999997,0.133,0.099,25.6,""45.0"",8.476075260979119,-3.652897136100047,32.69655789204086,0.6,37.12257679714969,31.23818055510713"
"83,678606,""Ferrer, José A."",785,10.6,0.273,0.409,0.2,0.682,0.425,0.523,0.385,6,22,94.1,7,2179,94,93.33,8,40,43,-0.7000000000000028,6,107,151,115,145,294,323,290,""-0.979"",""0.979"",""69.1"",""7.3"",""5.052398307"",26,18,3,0,0,3,4,15.4,4,15.4,""2.24"",""0.37"",""1.49"",""-1.49"",""94.0"",195,55.55555555555556,22.22222222222222,15.384615384615385,5.71,2.87,-0.17,2.08,0.385,4,""1.179518072"",0.48,0.822,""-1.179518072"",-0.112,-0.09499999999999997,-0.14,-0.098,20,""30.9"",5.466746303423727,2.3488100934456835,31.382261902276067,0.2564102564102564,39.71788508077321,28.754633793069367"
"83,676760,""Marinaccio, Ron"",952,8.7,0.261,0.174,0.278,0.435,0.348,0.367,0.29,6,23,87.9,23.1,2274,88,88.82,10,41,42,0.7999999999999972,6.82,107,151,121,148,302,320,292,""-0.696"",""0.696"",""71.4"",""7.2"",""1.164299082"",26,19,4,1,0,1,4,15.4,0,0,""2.25"",""0.72"",""0.2"",""0.2"",""91.3"",159,36.84210526315789,5.263157894736842,3.8461538461538463,4.97,-2.52,0.06,2.29,0.346,1,""0.838554217"",0.372,0.46,""-0.838554217"",-0.029,-0.026000000000000023,-0.025,-0.019,24.4,""27.9"",8.580460597466745,-1.992334530565576,32.148648978304955,0.625,36.20096949599959,30.978848184530154"
"83,694361,""Klein, Will"",767,10.8,0.333,0.222,0.385,0.556,0.451,0.327,0.229,6,18,85.5,-4.9,2379,92.7,93.66,6,34,49,1,6.79,107,152,122,147,303,318,289,""-3.626"",""3.626"",""69.8"",""7.0"",""5.169302239"",23,14,4,1,0,1,4,17.4,4,17.4,""2.11"",""0.56"",""-0.03"",""-0.03"",""90.7"",131,35.714285714285715,0,0,5.4,-1.47,0.45,2.35,0.478,0,""4.368674699"",0.397,0.279,""-4.368674699"",0.104,0.08099999999999996,0.277,0.124,17.6,""38.3"",3.5842222422335985,9.089557940203312,31.326927135444016,0.35294117647058826,37.64677807180711,23.71751948616117"
"81,621016,""Cuas, Jose"",172,47.1,0.267,0.133,0.333,0.4,0.312,0.295,0.254,4,15,88.2,23.5,2484,89.9,89.75,6,43,38,-0.20000000000000284,6.26,108,151,120,147,300,323,284,""-0.222"",""0.222"",""66.9"",""7.1"",""1.190762705"",16,12,2,2,0,0,3,18.8,1,6.3,""2.45"",""0.39"",""0.67"",""0.67"",""91.7"",156,50,0,0,4.04,-4.09,-0.1,2.52,0.313,0,""0.274074074"",0.3,0.369,""-0.274074074"",0.013,0.013000000000000012,0.031,0.017,14,""1.9"",3.152468493294107,1.4721113862429884,30.00373314210136,0.4883720930232558,35.786342455587224,25.544018215705314"
"81,656464,""Ginkel, Kevin"",788,10.3,0.261,0.174,0.294,0.435,0.315,0.255,0.199,6,23,84.4,7.1,2378,91,91.92,10,42,39,0.9000000000000057,6.78,112,149,121,146,303,321,287,""-1.05"",""1.05"",""69.6"",""7.3"",""4.117556836"",24,18,4,1,0,1,5,20.8,1,4.2,""2.31"",""0.46"",""0.26"",""0.26"",""91.0"",132,22.22222222222222,5.555555555555555,4.166666666666666,6.53,-1.91,0.2,2.27,0.292,1,""1.296296296"",0.232,0.362,""-1.296296296"",0.062,0.05999999999999997,0.073,0.06,23.8,""42.7"",7.919646267994117,0.43250295489565005,30.751620243967093,0.5,35.55846671212771,30.468546045240284"
"81,605447,""Romano, Jordan"",388,20.9,0.278,0,0.417,0.278,0.292,0.314,0.287,5,18,90.9,10.7,2215,89,91.26,10,38,43,2.299999999999997,7.39,108,150,117,145,300,327,293,""0.59"",""-0.59"",""72.0"",""7.6"",""3.4354433"",20,12,5,0,0,0,6,30,2,10,""2.32"",""0.55"",""0"",""0"",""91.6"",140,50,0,0,6.02,-1.62,0.37,2.37,0.35,0,""-0.728395062"",0.358,0.338,""0.728395062"",-0.009,-0.008000000000000007,-0.06,-0.022,26.3,""51.9"",8.943612334826039,-1.8962030971181425,28.754950893973866,0.5,36.79443998527834,30.43794436711059"
"81,656730,""Megill, Trevor"",660,12.3,0.167,0.042,0.2,0.208,0.185,0.313,0.279,4,24,92,9.5,2492,94,94.55,12,44,37,0.5999999999999943,6.62,117,153,124,149,302,325,297,""2.543"",""-2.543"",""71.5"",""7.5"",""5.133445713"",25,20,3,1,0,0,4,16,1,4,""1.76"",""0.84"",""0.1"",""0.1"",""92.9"",154,50,5,4,6.58,0,0.25,2.11,0.2,1,""-3.139506173"",0.308,0.406,""3.139506173"",-0.112,-0.10799999999999998,-0.198,-0.128,27.3,""53.6"",10.790983718342355,-0.29422412969977835,31.712227555218746,0.5909090909090909,39.44833435547886,29.100734152985265"
"81,453286,""Scherzer, Max"",669,12.1,0.15,0.15,0.143,0.3,0.191,0.265,0.248,3,20,85.3,0.5,2297,87.5,87.55,12,46,35,0,6.33,102,151,115,147,293,322,283,""2.166"",""-2.166"",""71.0"",""7.7"",""4.363750611"",20,15,2,0,0,1,5,25,0,0,""2.44"",""0.58"",""0.16"",""0.16"",""90.8"",156,46.666666666666664,6.666666666666667,5,5.58,-3.2,0.12,2.17,0.15,1,""-2.674074074"",0.248,0.369,""2.674074074"",-0.098,-0.098,-0.069,-0.074,26.1,""30.1"",11.49141341090944,-11.812983458882627,30.079656392637016,0.47619047619047616,35.50503794238008,36.347194699525815"
"80,696147,""Bachman, Sam"",765,10.5,0.333,0,0.4,0.333,0.338,0.306,0.261,6,18,76.8,-9.5,2486,92.4,92.16,10,36,44,-0.20000000000000284,6.06,109,149,114,146,306,323,293,""-0.634"",""0.634"",""67.9"",""7.3"",""6.112858067"",20,15,6,0,0,0,3,15,1,5,""2.53"",""0.16"",""0.44"",""0.44"",""90.1"",110,20,6.666666666666667,5,5.45,-1.43,0.34,2.06,0.4,1,""0.7925"",0.334,0.344,""-0.7925"",0.072,0.066,-0.011,0.032,27.8,""33.9"",9.460017880020267,-0.07494693994374557,32.31389902233758,0.4722222222222222,38.84569300062123,29.96045161252001"
"79,592779,""Stewart, Brock"",213,37.1,0.211,0.211,0.2,0.421,0.289,0.338,0.282,4,19,87,-0.3,2445,90.1,90.56,10,34,45,0.5,6.41,107,153,118,148,306,318,289,""-0.068"",""0.068"",""69.8"",""7.1"",""2.950832915"",20,16,2,1,0,1,3,15,1,5,""2.3"",""0.52"",""0.01"",""0.01"",""93.3"",122,50,6.25,5,5.2,-1.78,0.47,2.23,0.25,1,""0.086075949"",0.318,0.467,""-0.086075949"",-0.071,-0.068,-0.046,-0.049,29.4,""20.2"",7.314948720475769,0.8750410297918048,32.50712562024214,0.4411764705882353,38.52284383758213,26.167147397950803"
"79,687377,""Ribalta, Orlando"",605,13.1,0.318,0,0.412,0.318,0.301,0.244,0.237,7,22,77.3,8.9,2259,91.4,91.82,11,45,34,0.3999999999999915,6.39,104,151,116,147,307,329,301,""0.963"",""-0.963"",""68.8"",""7.4"",""2.829838911"",23,17,7,0,0,0,5,21.7,1,4.3,""2.03"",""0.71"",""0.41"",""0.41"",""89.8"",137,17.647058823529413,0,0,6.54,-2.13,0.08,2.15,0.348,0,""-1.218987342"",0.27,0.274,""1.218987342"",0.081,0.07799999999999996,0.044,0.057,24.4,""41.3"",12.883136748446294,-0.6291269060118172,32.345325513498544,0.5454545454545454,36.82458121127024,31.358444300226772"
"78,668970,""Hollowell, Gavin"",253,30.8,0.235,0,0.364,0.235,0.236,0.278,0.261,4,17,86.6,7.6,2628,90.6,90.86,10,35,43,0.30000000000001137,6.62,109,151,120,147,307,325,293,""1.335"",""-1.335"",""68.1"",""7.1"",""1.741606651"",18,11,4,0,0,0,6,33.3,1,5.6,""2.36"",""0.46"",""0.24"",""0.24"",""90.4"",154,27.27272727272727,9.090909090909092,5.555555555555555,5.26,-3.27,0.08,2.45,0.278,1,""-1.711538462"",0.302,0.323,""1.711538462"",-0.026,-0.023999999999999966,-0.088,-0.042,28.6,""10.3"",6.088676560861721,5.922442140702179,28.949129046101326,0.375,35.17487273786147,26.261600950945496"
"77,676755,""Mattson, Isaac"",648,11.9,0.357,0.143,0.455,0.5,0.411,0.406,0.321,5,14,94.6,13.5,2320,89.6,90.2,11,39,38,0.6000000000000085,6.66,100,146,118,144,309,321,295,""-0.862"",""0.862"",""71.1"",""7.4"",""4.186612774"",16,11,3,2,0,0,3,18.8,2,12.5,""2.05"",""0.82"",""0.14"",""0.14"",""92.1"",155,63.63636363636363,18.181818181818183,12.5,5.91,-1.4,-0.03,2.4,0.438,2,""1.119480519"",0.406,0.53,""-1.119480519"",0.036,0.03199999999999997,-0.03,0.005,28.2,""48.3"",9.990148314106918,-3.2810671980146227,32.524087250958836,0.3157894736842105,34.660445877460454,32.071193880727634"
"77,445276,""Jansen, Kenley"",516,14.9,0.125,0.063,0.2,0.188,0.223,0.186,0.092,2,16,82.5,39.6,2641,92,93.29,15,38,39,1.2999999999999972,6.97,103,149,122,145,304,325,289,""1.645"",""-1.645"",""71.1"",""7.1"",""0.91129669"",19,10,1,1,0,0,6,31.6,3,15.8,""1.41"",""1.28"",""-0.39"",""-0.39"",""89.6"",150,20,0,0,6.32,-1.78,0.02,2.56,0.263,0,""-2.136363636"",0.236,0.117,""2.136363636"",0.033,0.027000000000000024,0.071,0.037,39.5,""56.9"",12.257843619319592,-6.2039687830542425,30.41532622512417,0.5675675675675675,34.820169646471705,32.90555014616682"
"77,641329,""Baker, Bryan"",729,10.6,0.158,0.158,0.167,0.316,0.249,0.292,0.216,3,19,92.1,23.7,2047,91.2,91.33,8,46,31,0.09999999999999432,6.4,105,153,124,148,309,340,300,""0.208"",""-0.208"",""71.9"",""7.4"",""0.603677037"",21,13,2,0,0,1,6,28.6,2,9.5,""1.61"",""1.17"",""0.66"",""0.66"",""91.8"",171,46.15384615384615,7.6923076923076925,4.761904761904762,6.55,-0.69,-0.05,2.33,0.238,1,""-0.27012987"",0.291,0.37,""0.27012987"",-0.058,-0.05299999999999999,-0.054,-0.043,17.4,""55.0"",9.177428808576854,-3.114293254362291,30.797947534827546,0.5581395348837209,34.582808581047,29.57842712612693"
"76,670329,""Garcia, Rico"",720,10.6,0.227,0.318,0.188,0.545,0.34,0.293,0.241,5,22,85.6,0.7,2455,90.6,90.09,8,37,39,-0.5,5.86,110,152,119,145,305,326,294,""0.471"",""-0.471"",""67.7"",""7.5"",""1.864679855"",24,19,2,1,0,2,4,16.7,1,4.2,""2.21"",""0.56"",""0.23"",""0.23"",""92.7"",148,47.368421052631575,5.263157894736842,4.166666666666666,5.93,-1.31,0.4,2.15,0.261,1,""-0.619736842"",0.274,0.403,""0.619736842"",-0.014,-0.013000000000000012,0.142,0.047,21.6,""48.1"",12.286278356804594,-3.757300529077946,29.756995398128172,0.5833333333333334,37.50039452904729,32.24230193408981"
"76,688642,""Agnos, Zach"",1080,7,0.125,0,0.136,0.125,0.136,0.228,0.197,3,24,85.5,10.6,2353,91.4,91.41,5,41,35,0,6.08,107,153,118,147,307,329,295,""4.08"",""-4.08"",""68.6"",""7.3"",""3.46802723"",25,22,3,0,0,0,2,8,0,0,""2.11"",""0.6"",""0.23"",""0.23"",""91.6"",156,36.36363636363637,0,0,5.8,-2.42,0.24,2.15,0.16,0,""-5.368421053"",0.229,0.287,""5.368421053"",-0.072,-0.069,-0.162,-0.092,12.2,""38.9"",9.06952161227946,1.483791341159359,28.379949727031974,0.8048780487804879,37.19967660820872,29.362207176762563"
"75,573124,""Rogers, Taylor"",749,10,0.118,0.059,0.167,0.176,0.126,0.116,0.1,2,17,79.9,12.2,2626,84.5,83.83,9,39,36,-0.7000000000000028,5.81,109,149,115,144,292,323,287,""2.569"",""-2.569"",""69.4"",""7.5"",""3.375996264"",20,13,1,1,0,0,5,25,2,10,""3"",""0.25"",""-0.3"",""0.3"",""90.9"",149,15.384615384615385,7.6923076923076925,5,5.56,1.81,-0.46,2.23,0.211,1,""-3.425333333"",0.195,0.174,""3.425333333"",0.018,0.015999999999999986,0.002,0.01,23.1,""29.0"",14.209952072526992,-8.853876882041295,31.208412054329546,0.39473684210526316,33.90885075856191,32.977679069220166"
"75,608344,""Irvin, Cole"",102,73.5,0.235,0.294,0.25,0.529,0.379,0.331,0.202,4,17,91,8.6,1800,85.4,85.59,8,39,36,0.19999999999998863,6.33,103,151,116,144,302,311,290,""0.035"",""-0.035"",""70.8"",""7.4"",""3.487777838"",20,13,1,2,0,1,4,20,2,10,""2.51"",""0.64"",""0.6"",""-0.6"",""91.4"",135,53.84615384615385,7.6923076923076925,5,5.98,1.68,0.31,2.35,0.35,1,""-0.046666667"",0.322,0.423,""0.046666667"",0.033,0.02799999999999997,0.106,0.048,20.5,""38.0"",13.564679504637958,-4.639248292960461,32.682533327536916,0.6052631578947368,37.33279049707114,35.06979793775559"
"75,694335,""Svanson, Matt"",788,9.5,0.409,0.045,0.429,0.455,0.378,0.327,0.347,9,22,88.1,8.1,2245,91.3,91.8,5,37,38,0.5,6.61,107,148,118,143,306,313,293,""-1.925"",""1.925"",""67.5"",""6.9"",""2.61952894"",24,21,8,1,0,0,2,8.3,1,4.2,""2.39"",""0.37"",""0.02"",""0.02"",""91.4"",134,33.33333333333333,0,0,5.57,-1.6,0.25,2.37,0.417,0,""2.566666667"",0.362,0.393,""-2.566666667"",0.062,0.05499999999999999,0.062,0.051,13.5,""29.6"",5.1793598153986995,8.835335641273055,31.92825907835478,0.4594594594594595,38.47856027467215,24.80990572462931"
"74,694360,""Way, Beck"",389,19,0.105,0,0.125,0.105,0.153,0.214,0.172,2,19,87.9,-1.3,2358,92.6,92.74,9,35,39,0.10000000000000853,6.24,106,152,121,148,303,324,286,""2.329"",""-2.329"",""71.0"",""7.4"",""3.619085403"",21,16,2,0,0,0,3,14.3,1,4.8,""2.29"",""0.37"",""0.26"",""0.26"",""91.0"",109,31.25,0,0,5.5,-1.96,-0.03,2.09,0.19,0,""-3.147297297"",0.251,0.2,""3.147297297"",-0.067,-0.061,-0.095,-0.061,25.7,""28.5"",7.390661385047073,3.084300774980786,33.602144169254636,0.5588235294117647,38.108097304129046,28.086595565211883"
"74,656848,""Petersen, Michael"",820,9,0.188,0.063,0.375,0.25,0.27,0.244,0.163,3,16,96.3,10.5,2315,95.9,95.62,11,43,31,-0.30000000000001137,6.25,106,147,117,142,312,331,297,""0.842"",""-0.842"",""72.1"",""7.3"",""2.009938254"",19,8,2,1,0,0,8,42.1,3,15.8,""1.34"",""1.16"",""0.4"",""0.4"",""91.0"",145,50,0,0,6.64,-0.81,0.01,2.52,0.316,0,""-1.137837838"",0.295,0.204,""1.137837838"",0.025,0.02100000000000002,0.046,0.026,25.6,""53.5"",8.679784392842429,2.1799131734562542,30.093153184247022,0.5952380952380952,35.10796096421627,26.982596238723577"
"74,663362,""Waldron, Matt"",574,12.9,0.35,0.15,0.353,0.5,0.369,0.367,0.331,7,20,85,5.9,1626,86.7,87.12,5,37,37,0.3999999999999915,6.63,107,151,120,147,306,325,294,""-0.993"",""0.993"",""71.2"",""7.2"",""0.427347055"",20,18,6,0,0,1,2,10,0,0,""2.6"",""0.48"",""0.31"",""0.31"",""91.4"",147,27.77777777777778,5.555555555555555,5,5.47,-1.06,0.15,2.38,0.35,1,""1.341891892"",0.331,0.529,""-1.341891892"",0.019,0.01899999999999996,-0.029,0.002,13.5,""29.5"",8.815132494959371,-0.6782079880202816,27.6111245908377,0.5428571428571428,37.84317567944208,30.23238670557188"
"74,592866,""Williams, Trevor"",150,49.3,0.154,0,0.286,0.154,0.214,0.23,0.172,2,13,88.7,6.1,2181,85.8,87.02,8,37,37,1.2000000000000028,6.86,102,151,118,148,313,329,296,""0.664"",""-0.664"",""68.9"",""7.2"",""2.372633089"",15,7,2,0,0,0,6,40,1,6.7,""2.51"",""0.6"",""0.09"",""0.09"",""90.1"",133,42.857142857142854,0,0,5,-2.26,0.26,2.08,0.267,0,""-0.897297297"",0.282,0.182,""0.897297297"",-0.018,-0.014999999999999958,-0.028,-0.016,21.6,""17.7"",5.045154185896921,4.367640263994683,34.96420363328976,0.3055555555555556,36.87943244970921,29.748041123041922"
"74,663893,""Little, Brendon"",313,23.6,0.353,0.294,0.625,0.647,0.454,0.323,0.223,6,17,96,-5.4,2142,90.8,90.19,18,38,36,-0.5999999999999943,5.94,100,146,114,144,291,321,286,""-2.085"",""2.085"",""66.6"",""7.2"",""5.714808004"",21,9,3,2,0,1,8,38.1,4,19,""3"",""-0.21"",""0.26"",""-0.26"",""93.9"",91,66.66666666666666,22.22222222222222,9.523809523809524,6.31,1.61,-0.34,1.52,0.476,2,""2.817567568"",0.371,0.433,""-2.817567568"",0.13,0.10499999999999998,0.214,0.131,47.4,""40.1"",10.674873619385576,1.837836523157213,32.63843118961262,0.43243243243243246,33.963647649280006,31.009375045166887"
"74,542888,""Armstrong, Shawn"",601,12.3,0.1,0,0.143,0.1,0.317,0.302,0.07,1,10,86.5,8.6,2347,89.9,90.51,5,30,44,0.5999999999999943,6.6,99,153,114,146,301,324,287,""-0.387"",""0.387"",""70.2"",""7.2"",""3.112858454"",16,7,1,0,0,0,3,18.8,6,37.5,""2.04"",""0.79"",""0.03"",""0.03"",""88.7"",109,14.285714285714285,0,0,5.79,-1.67,0.45,2.33,0.438,0,""0.522972973"",0.418,0.08,""-0.522972973"",0.03,0.020000000000000018,0.02,0.015,16.7,""40.7"",5.758173571022695,3.628439063663957,31.370720452989634,0.41379310344827586,38.309032478807026,28.584128307105402"
"73,656212,""Barnes, Charlie"",201,36.3,0.435,0.478,0.389,0.913,0.58,0.478,0.376,10,23,90.2,10.2,2096,84.9,83.7,3,35,38,-1.2000000000000028,5.5,106,151,118,144,302,324,286,""-6.068"",""6.068"",""74.1"",""7.5"",""1.210959942"",25,21,5,2,0,3,2,8,2,8,""2.72"",""0.47"",""0.71"",""-0.71"",""93.7"",150,42.857142857142854,9.523809523809524,8,5.5,1.92,-0.16,2.25,0.48,2,""8.312328767"",0.426,0.721,""-8.312328767"",0.059,0.05399999999999999,0.192,0.102,8.6,""21.8"",10.437038527407132,-4.886859359800277,34.7413420230761,0.6764705882352942,35.18088302602446,32.413826782150444"
"73,657612,""Hill, Tim"",613,11.9,0.222,0.389,0.143,0.611,0.347,0.325,0.278,4,18,87.8,-6.1,2112,85.7,85.72,3,30,43,0,6.54,105,148,124,147,291,323,290,""-0.329"",""0.329"",""68.3"",""6.9"",""1.716019512"",19,16,1,1,0,2,2,10.5,1,5.3,""3.34"",""-0.17"",""0.81"",""-0.81"",""93.2"",99,50,12.5,10.526315789473683,3.17,3.98,0.27,2.33,0.263,2,""0.450684932"",0.316,0.48,""-0.450684932"",-0.056,-0.05299999999999999,0.131,0.022,10,""-21.6"",-1.4859520511047895,4.056951535159055,31.889745787322735,0.3448275862068966,38.93272836654485,25.086912552872075"
"73,690978,""Fulton, Dax"",239,30.5,0.25,0.125,0.308,0.375,0.353,0.38,0.3,4,16,86.9,5.5,2409,89.2,89.97,9,32,41,0.7999999999999972,6.8,111,151,120,147,307,327,289,""-0.486"",""0.486"",""71.0"",""7.5"",""2.346941924"",20,13,3,0,1,0,3,15,4,20,""2.48"",""0.42"",""-0.44"",""0.44"",""92.7"",114,30.76923076923077,0,0,6.34,2.55,0.26,2.18,0.4,0,""0.665753425"",0.44,0.386,""-0.665753425"",-0.05,-0.03999999999999998,-0.011,-0.027,28.1,""45.4"",7.990579344569493,3.628372693511497,32.47831287420451,0.4375,36.94482444564354,27.13713442296141"
"73,662253,""Muñoz, Andrés"",715,10.2,0.118,0.176,0.143,0.294,0.228,0.205,0.119,2,17,82.6,22.3,2360,94.4,95.2,17,35,38,0.7999999999999972,6.64,105,149,114,144,290,320,293,""1.818"",""-1.818"",""69.4"",""7.8"",""5.581958524"",19,8,1,0,0,1,9,47.4,2,10.5,""2.01"",""0.57"",""0.15"",""0.15"",""92.5"",190,25,12.5,5.263157894736842,5.49,-2.36,0.19,1.97,0.211,1,""-2.490410959"",0.211,0.232,""2.490410959"",-0.001,0,0.062,0.023,48.6,""32.2"",12.604586294968925,-12.837573877417087,33.1712144979978,0.6,37.8510858686456,37.34360205359834"
"73,664875,""Lawrence, Justin"",688,10.6,0.333,0.2,0.417,0.533,0.386,0.262,0.228,5,15,82.9,4.7,2672,88.4,88.93,8,29,44,0.5,6.57,101,146,113,145,307,327,299,""-0.47"",""0.47"",""66.5"",""7.0"",""5.859757607"",18,12,2,3,0,0,4,22.2,2,11.1,""2.86"",""0.11"",""-0.27"",""-0.27"",""91.4"",151,41.66666666666667,0,0,4.32,-2.85,0.46,2.1,0.389,0,""0.643835616"",0.301,0.281,""-0.643835616"",0.105,0.08800000000000002,0.252,0.124,27.6,""0.4"",4.575759800782329,-0.7519424031761528,32.71051472549633,0.3448275862068966,39.88377013412019,28.55870269453294"
"73,667463,""King, John"",655,11.1,0.25,0.25,0.231,0.5,0.341,0.343,0.222,4,16,90.7,7.5,2301,84.8,84.35,7,39,34,-0.5,6.01,106,143,113,138,310,326,293,""-0.993"",""0.993"",""73.5"",""7.6"",""1.097904371"",19,14,2,1,0,1,3,15.8,2,10.5,""3.34"",""-0.14"",""0.25"",""-0.25"",""91.7"",136,42.857142857142854,7.142857142857142,5.263157894736842,5.55,1.99,0.32,1.96,0.316,1,""1.360273973"",0.307,0.473,""-1.360273973"",0.028,0.009000000000000008,0.027,-0.002,17.9,""28.6"",10.871496298329825,-1.2279191477399316,35.17104200115365,0.4358974358974359,38.17085836649631,30.13606538208722"
"72,686580,""Slaten, Justin"",487,14.8,0.158,0,0.2,0.158,0.168,0.245,0.224,3,19,85.3,4.5,2487,92.6,93.8,8,41,31,1.2000000000000028,6.87,105,153,124,146,306,318,292,""1.942"",""-1.942"",""69.5"",""7.3"",""4.76531215"",20,15,3,0,0,0,4,20,1,5,""1.93"",""0.74"",""-0.14"",""-0.14"",""90.6"",123,26.666666666666668,0,0,5.86,-1.11,0.17,2.1,0.2,0,""-2.697222222"",0.263,0.286,""2.697222222"",-0.066,-0.063,-0.128,-0.077,19.5,""45.9"",7.27795030583125,2.1722288110243992,33.07091663877977,0.4878048780487805,36.84723058297322,29.711770781254586"
"71,695049,""Kerry, Brett"",212,33.5,0.25,0.188,0.4,0.438,0.316,0.269,0.217,4,16,93,7.5,2052,87.8,87.74,12,38,33,-0.09999999999999432,6.45,112,152,119,149,305,323,301,""0.42"",""-0.42"",""70.5"",""7.7"",""4.718566973"",17,10,1,3,0,0,6,35.3,1,5.9,""2.21"",""0.78"",""0.26"",""0.26"",""92.1"",167,50,10,5.88235294117647,5.96,-1.32,0.46,2.16,0.294,1,""-0.591549296"",0.263,0.345,""0.591549296"",0.033,0.030999999999999972,0.093,0.047,31.6,""54.1"",12.633870924349363,-9.755327904251931,27.897453455713833,0.6060606060606061,39.64904022530661,35.59507608311267"
"70,676974,""Meyer, Max"",1791,3.9,0.2,0.2,0.188,0.4,0.295,0.326,0.264,4,20,88.1,25.1,2821,91.5,91.54,4,30,40,0,6.19,107,150,110,146,309,331,292,""-1.344"",""1.344"",""68.2"",""6.7"",""1.769226448"",22,17,2,1,0,1,3,13.6,2,9.1,""2.62"",""0.1"",""-0.04"",""-0.04"",""93.0"",153,52.94117647058824,5.88235294117647,4.545454545454546,5.88,-0.97,0.03,2.29,0.273,1,""1.92"",0.331,0.41,""-1.92"",-0.064,-0.057999999999999996,-0.01,-0.031,13.3,""44.3"",3.5702642813954255,0.19392608576106252,34.64021139337531,0.5,37.85618132417788,25.137911441828397"
"69,622608,""Senzatela, Antonio"",853,8.1,0.5,0.111,0.692,0.611,0.497,0.336,0.316,9,18,90.8,-1.2,2293,95.3,95.41,5,35,34,0.10000000000000853,6.23,106,147,114,142,301,321,290,""-2.591"",""2.591"",""68.7"",""6.9"",""1.691339251"",19,13,7,2,0,0,5,26.3,1,5.3,""1.75"",""0.75"",""0.49"",""0.49"",""91.4"",136,53.84615384615385,7.6923076923076925,5.263157894736842,5.89,-2.95,0.11,2.34,0.526,1,""3.755072464"",0.352,0.411,""-3.755072464"",0.184,0.17400000000000004,0.2,0.161,14.3,""40.1"",3.0004783716491894,8.425121459224917,30.452528613871674,0.4117647058823529,36.87076606409907,23.52493403592191"
"68,695534,""Petty, Chase"",477,14.3,0.222,0.111,0.267,0.333,0.265,0.239,0.206,4,18,88.9,8.9,2098,90.3,90.47,8,33,35,0.20000000000000284,6.38,108,152,117,146,304,327,285,""0.341"",""-0.341"",""69.4"",""7.3"",""2.138241437"",19,15,2,2,0,0,3,15.8,0,0,""2.35"",""0.48"",""0.37"",""0.37"",""92.4"",126,33.33333333333333,0,0,5.39,-1.76,0.05,2.22,0.263,0,""-0.501470588"",0.247,0.28,""0.501470588"",0.016,0.016000000000000014,0.053,0.026,24.2,""33.6"",9.45080631113263,-2.346262040277117,31.75072304560109,0.5454545454545454,34.43251756641158,31.40045401046356"
"68,691951,""Aldegheri, Sam"",610,11.1,0.077,0.231,0,0.308,0.196,0.403,0.27,1,13,80.3,13.9,2092,85.7,84.67,6,32,36,-1,5.84,106,151,116,148,307,323,299,""0.918"",""-0.918"",""71.1"",""7.4"",""3.151972006"",14,11,0,0,0,1,2,14.3,1,7.1,""2.33"",""0.86"",""0.55"",""-0.55"",""90.4"",169,18.181818181818183,18.181818181818183,14.285714285714285,6.05,1.47,-0.03,2.18,0.143,2,""-1.35"",0.322,0.639,""1.35"",-0.193,-0.17900000000000002,-0.331,-0.207,18.8,""40.6"",13.858612511839754,-9.805454700772135,32.063722266653286,0.53125,35.99510959394241,37.16595302559759"
"66,696062,""Dotel, Wilber"",458,14.4,0.4,0,0.429,0.4,0.377,0.362,0.349,6,15,85.8,13.3,2280,92.8,93.57,5,33,33,0.7999999999999972,6.78,96,147,115,144,308,323,292,""-0.594"",""0.594"",""70.0"",""6.9"",""4.754991206"",16,14,6,0,0,0,1,6.3,1,6.3,""1.98"",""0.69"",""0.01"",""0.01"",""90.5"",173,28.57142857142857,0,0,5.87,-1.44,0.3,2.18,0.438,0,""0.9"",0.39,0.433,""-0.9"",0.051,0.04799999999999999,-0.033,0.015,15.2,""46.0"",6.735497385183478,2.6464636736336633,30.229194245200674,0.45454545454545453,37.660554970829736,29.068760640592288"
"66,519141,""Pomeranz, Drew"",494,13.4,0.25,0.25,0.182,0.5,0.414,0.433,0.293,3,12,93.8,24.6,2458,89.6,88.8,1,28,38,-0.7999999999999972,5.69,109,152,118,149,302,324,295,""-0.985"",""0.985"",""70.5"",""7.0"",,16,12,2,0,0,1,0,0,4,25,""2.12"",""0.73"",""0.06"",""-0.06"",""93.3"",159,58.333333333333336,8.333333333333332,6.25,6.07,1.98,0.01,2.43,0.438,1,""1.492424242"",0.47,0.513,""-1.492424242"",-0.043,-0.03199999999999997,-0.013,-0.019,3.6,""37.0"",7.17092278529722,1.9537267099591153,33.60595932846396,0.6071428571428571,36.393418733945545,26.378779258427915"
"65,690925,""Beeter, Clayton"",592,11,0.235,0.353,0.143,0.588,0.346,0.395,0.353,4,17,92.8,0.2,2650,90.5,90.54,10,34,31,0,6.03,108,150,119,147,309,329,300,""-2.091"",""2.091"",""69.6"",""7.4"",""4.222808686"",19,16,2,0,0,2,2,10.5,1,5.3,""2.43"",""0.34"",""0.01"",""0.01"",""93.9"",132,56.25,6.25,5.263157894736842,6.07,-1.06,0.09,2.11,0.263,1,""3.216923077"",0.389,0.528,""-3.216923077"",-0.118,-0.126,0.06,-0.049,29.4,""51.8"",8.736086623193968,2.1915962572112715,30.87817026379855,0.6363636363636364,37.876783813970185,28.696970080728324"
"65,694462,""Waldrep, Hurston"",215,30.2,0.4,0.2,0.417,0.6,0.49,0.346,0.217,6,15,89,-5.6,2000,89.1,89.52,3,26,39,0.4000000000000057,6.37,101,150,122,148,315,321,295,""-1.929"",""1.929"",""72.6"",""7.8"",""1.179586"",19,13,5,0,0,1,2,10.5,3,15.8,""2.54"",""0.35"",""0.45"",""0.45"",""92.2"",60,30.76923076923077,7.6923076923076925,5.263157894736842,6.11,-0.78,0.09,2.26,0.526,1,""2.967692308"",0.382,0.37,""-2.967692308"",0.183,0.14400000000000002,0.23,0.144,11.5,""53.9"",11.406433711722967,-16.79113185453906,33.94084897729837,0.64,36.74860790168584,35.14489023364938"
"64,666745,""Brito, Jhony"",78,82.1,0.286,0.286,0.333,0.571,0.386,0.258,0.214,4,14,84.1,15.9,1975,88.5,88.51,9,36,28,0,6.35,115,150,122,144,304,327,297,""-0.203"",""0.203"",""70.9"",""7.6"",""1.449038513"",15,10,2,1,0,1,4,26.7,1,6.7,""2.49"",""0.45"",""0.45"",""0.45"",""91.1"",145,30,10,6.666666666666667,6.12,-0.88,0.23,2.01,0.333,1,""0.3171875"",0.267,0.309,""-0.3171875"",0.072,0.066,0.262,0.128,25,""51.2"",12.315177850800403,-5.968547079593456,34.10729037887528,0.53125,36.24306887699175,32.39532243822658"
"63,676477,""Whitlock, Garrett"",621,10.1,0,0,0,0,0,0.095,0.102,0,17,89.2,-2.1,2107,92.2,93.8,13,39,24,1.5999999999999943,7.22,105,152,121,147,301,318,290,""4.6"",""-4.6"",""70.2"",""7.1"",""3.171222392"",17,10,0,0,0,0,7,41.2,0,0,""1.92"",""0.78"",""0.52"",""0.52"",""91.1"",138,50,0,0,5.97,-0.92,0.45,2.35,0,0,""-7.301587302"",0.102,0.112,""7.301587302"",-0.102,-0.102,-0.112,-0.095,33.3,""43.4"",6.620170867005273,5.077115042569619,33.56354757114026,0.46153846153846156,38.95414145173872,28.347650792165343"
"62,572955,""Johnson, Pierce"",578,10.7,0.353,0.235,0.333,0.588,0.42,0.35,0.293,6,17,86.8,10,2678,90,89.13,8,35,27,-0.9000000000000057,5.73,102,153,113,147,300,324,285,""-1.213"",""1.213"",""68.8"",""7.4"",""7.528331817"",18,16,4,1,0,1,1,5.6,1,5.6,""2.65"",""0.18"",""-0.1"",""-0.1"",""91.7"",180,31.25,6.25,5.555555555555555,6.17,-1.26,0.41,2.29,0.389,1,""1.956451613"",0.333,0.474,""-1.956451613"",0.06,0.055999999999999994,0.114,0.07,22.9,""42.2"",10.964883538234126,-0.6387005162948052,30.95689896103118,0.6571428571428571,40.26701683076267,28.734946998280652"
"62,695380,""Hoppe, Alex"",504,12.3,0.231,0.231,0.286,0.462,0.294,0.228,0.186,3,13,80.1,-6.8,2226,95.6,95.96,10,29,33,0.4000000000000057,6.4,109,152,122,145,301,321,296,""-0.85"",""0.85"",""66.4"",""7.0"",""4.594233293"",13,8,2,0,0,1,5,38.5,0,0,""1.9"",""0.6"",""0.43"",""0.43"",""90.5"",132,12.5,12.5,7.6923076923076925,5.72,-1.34,0,2.06,0.231,1,""1.370967742"",0.186,0.352,""-1.370967742"",0.045,0.04500000000000001,0.11,0.066,34.5,""49.9"",6.238407960577999,6.3509156524969494,33.87251481498843,0.37037037037037035,37.56692588361053,27.979458110414225"
"62,703615,""Cabrera, Jose"",280,22.1,0.4,0.067,0.545,0.467,0.435,0.349,0.266,6,15,81.1,6.9,2347,88.6,88.75,6,25,37,0.10000000000000853,6.44,108,148,116,144,306,331,289,""-1.68"",""1.68"",""69.7"",""7.4"",""6.625478064"",18,11,5,1,0,0,4,22.2,2,11.1,""2.49"",""0.44"",""0.22"",""0.22"",""92.8"",111,27.27272727272727,0,0,5.65,-2.07,0.15,1.92,0.5,0,""2.709677419"",0.388,0.373,""-2.709677419"",0.134,0.11199999999999999,0.094,0.086,24,""28.5"",8.889384567447726,-14.052316157767216,33.37392623682201,0.4782608695652174,37.376749900700176,35.886093892616074"
"62,656638,""Lange, Alex"",862,7.2,0.222,0.611,0.125,0.833,0.43,0.31,0.187,4,18,93.9,27.5,2224,92.4,92.82,12,34,28,0.3999999999999915,6.4,109,151,117,146,305,330,292,""-3.385"",""3.385"",""69.0"",""7.5"",""2.317774848"",18,11,0,0,1,3,7,38.9,0,0,""2.3"",""0.37"",""0.71"",""0.71"",""92.5"",195,45.45454545454545,36.36363636363637,22.22222222222222,5.79,-1.59,0.29,1.96,0.222,4,""5.459677419"",0.187,0.561,""-5.459677419"",0.035,0.035,0.272,0.12,35.3,""42.3"",10.100252784709646,-3.2411646262811624,31.66521652600604,0.5882352941176471,38.86308527174923,30.80288184131722"
"62,656986,""Sousa, Bennett"",179,34.6,0.111,0.167,0.091,0.278,0.163,0.19,0.156,2,18,89.7,32.4,2301,88.6,88.7,16,37,25,0.10000000000000853,6.38,111,153,113,147,296,323,283,""2.832"",""-2.832"",""72.8"",""8.1"",""4.909183867"",18,12,1,0,0,1,6,33.3,0,0,""2.45"",""0.48"",""-0.19"",""0.19"",""93.4"",172,33.33333333333333,8.333333333333332,5.555555555555555,6.4,0.86,-0.1,1.81,0.111,1,""-4.567741935"",0.156,0.294,""4.567741935"",-0.045,-0.045,-0.016,-0.027,43.2,""56.8"",18.42181924031689,-19.252383707325496,32.911810060894915,0.4,34.700713486776436,41.819300177080414"
"62,668834,""McGee, Easton"",119,52.1,0.4,0.267,0.556,0.667,0.486,0.358,0.305,6,15,90.1,12.5,2356,88.2,89.42,11,36,26,1.2000000000000028,6.76,107,149,116,148,301,327,288,""-1.867"",""1.867"",""69.0"",""6.9"",""1.119977659"",17,10,4,1,0,1,5,29.4,2,11.8,""2.39"",""0.54"",""0.22"",""0.22"",""91.5"",154,40,10,5.88235294117647,5.6,-1.38,0.05,2.61,0.471,1,""3.011290323"",0.387,0.416,""-3.011290323"",0.095,0.08399999999999996,0.251,0.128,30.6,""24.9"",8.402198699871338,2.8961189324133096,29.401477193895836,0.45714285714285713,36.100772626103534,25.788485969859128"
"61,671106,""Allen, Logan"",164,37.2,0.429,0.214,0.545,0.643,0.476,0.29,0.204,6,14,86.8,7.2,2098,86.2,86.25,6,31,30,0.09999999999999432,6.35,101,153,112,146,303,322,296,""-1.611"",""1.611"",""64.8"",""6.6"",""1.61018359"",15,11,3,3,0,0,3,20,1,6.7,""2.33"",""0.76"",""0.28"",""-0.28"",""91.6"",174,45.45454545454545,9.090909090909092,6.666666666666667,4.77,2.33,-0.06,2.52,0.467,1,""2.640983607"",0.257,0.416,""-2.640983607"",0.225,0.21000000000000002,0.227,0.186,19.4,""22.4"",2.5108482337322915,3.251497693427296,33.66760433819543,0.5161290322580645,37.38113183318023,25.69421322807232"
"60,691769,""Abner, Philip"",220,27.3,0.273,0,0.273,0.273,0.364,0.495,0.404,3,11,90.6,12.5,2224,85.8,86.26,4,25,35,0.5,6.51,112,151,121,148,311,321,287,""-0.905"",""0.905"",""71.7"",""7.6"",""6.033152038"",15,11,3,0,0,0,0,0,4,26.7,""2.76"",""0.36"",""-0.09"",""0.09"",""91.3"",175,27.27272727272727,0,0,5.55,1.91,-0.27,2.26,0.467,0,""1.508333333"",0.563,0.574,""-1.508333333"",-0.131,-0.09599999999999992,-0.301,-0.131,16,""38.0"",7.556839001821645,-3.415695907100577,32.905336477402464,0.4,34.598287922677414,31.054080972208013"
"60,656234,""Bird, Jake"",557,10.8,0.25,0.063,0.333,0.313,0.297,0.225,0.171,4,16,86.6,10.7,2518,89.1,88.51,7,25,35,-0.5999999999999943,5.96,109,151,126,149,299,331,296,""0.446"",""-0.446"",""71.6"",""7.6"",""3.293199911"",18,12,3,1,0,0,4,22.2,1,5.6,""2.58"",""0.33"",""0.01"",""0.01"",""92.5"",120,25,0,0,5.24,-3,-0.18,2.44,0.333,0,""-0.743333333"",0.263,0.208,""0.743333333"",0.079,0.07,0.105,0.072,28,""18.2"",10.820180961167365,-3.945895987720081,29.242152019872623,0.56,38.35853357904017,32.373955624876146"
"59,641941,""Pagán, Emilio"",421,14,0.4,0,0.545,0.4,0.4,0.321,0.275,6,15,92.3,19.6,2370,92.3,93.33,8,35,24,1,6.87,112,152,114,148,303,323,287,""-0.542"",""0.542"",""69.5"",""7.2"",""2.861800695"",17,11,6,0,0,0,4,23.5,0,0,""1.65"",""1.04"",""0.34"",""0.34"",""91.8"",180,45.45454545454545,0,0,5.48,-1.29,-0.01,2.33,0.471,0,""0.918644068"",0.36,0.336,""-0.918644068"",0.125,0.11099999999999999,0.064,0.079,22.9,""41.3"",9.590341185250583,-1.8601396343416126,31.987146223431285,0.5757575757575758,34.422035892770296,29.27021241076808"
"59,594835,""Gonzales, Marco"",120,49.2,0.286,0.071,0.308,0.357,0.308,0.246,0.209,4,14,81.6,23.3,2049,85.7,85.85,4,29,30,0.09999999999999432,6.44,106,151,114,145,300,322,291,""0.06"",""-0.06"",""64.8"",""6.7"",""0.395628732"",16,13,3,1,0,0,1,6.3,2,12.5,""2.27"",""0.86"",""0.98"",""-0.98"",""89.9"",187,15.384615384615385,0,0,5.31,2.24,-0.02,2.32,0.375,0,""-0.101694915"",0.308,0.287,""0.101694915"",0.077,0.067,0.07,0.062,13.8,""36.6"",4.591907884352792,11.691375784605388,28.31249224945018,0.5172413793103449,38.16120111556961,28.607247430166918"
"59,669084,""Hall, DL"",600,9.8,0.417,0.25,0.444,0.667,0.5,0.361,0.299,5,12,92,11.4,2259,90.6,91.45,5,28,31,0.8000000000000114,6.91,105,149,119,148,297,316,297,""-2.133"",""2.133"",""70.6"",""7.2"",""1.538815299"",14,10,4,0,0,1,2,14.3,2,14.3,""2.23"",""0.6"",""0.79"",""-0.79"",""91.0"",173,40,0,0,5.52,2.84,0.02,2.16,0.5,0,""3.615254237"",0.399,0.407,""-3.615254237"",0.118,0.10099999999999998,0.26,0.139,17.9,""43.6"",5.309863424301041,7.846902280195488,36.01616386352606,0.4642857142857143,39.20792257120546,22.389120458366573"
"59,571927,""Matz, Steven"",1036,5.7,0.059,0.176,0,0.235,0.12,0.198,0.172,1,17,82.4,29.3,2268,87.2,87.67,6,26,33,0.5,6.6,101,152,118,148,310,339,301,""2.207"",""-2.207"",""66.8"",""7.0"",""1.996067272"",17,12,0,0,0,1,5,29.4,0,0,""2.79"",""0.25"",""0.98"",""-0.98"",""93.1"",149,41.66666666666667,8.333333333333332,5.88235294117647,5.54,2.49,0.21,2.31,0.059,1,""-3.740677966"",0.172,0.288,""3.740677966"",-0.113,-0.11299999999999999,-0.053,-0.078,23.1,""30.1"",7.248574290980727,6.434427170385569,34.069510556931775,0.5769230769230769,36.579398565657435,32.72650682223433"
"59,668831,""Stallings, Garrett"",122,48.4,0,0,0,0,0.093,0.147,0.068,0,13,90.3,13,1860,86.3,87.13,16,29,30,0.7999999999999972,6.73,107,149,123,143,304,326,299,""2.88"",""-2.88"",""71.2"",""7.9"",""5.785372779"",15,5,0,0,0,0,8,53.3,2,13.3,""2.5"",""0.59"",""0.76"",""0.76"",""91.6"",154,20,0,0,5.27,-1.55,0.04,1.84,0.133,0,""-4.881355932"",0.192,0.074,""4.881355932"",-0.068,-0.059,-0.074,-0.054,55.2,""40.2"",18.27906645579812,-24.924161394142317,35.414791559593624,0.27586206896551724,34.72841612188877,39.94021052639107"
"58,668941,""Romero, JoJo"",729,8,0.083,0.083,0.143,0.167,0.19,0.206,0.12,1,12,90.7,-3.3,2098,90.2,88.79,8,23,35,-1.4000000000000057,5.39,104,150,115,144,308,317,293,""1.024"",""-1.024"",""68.9"",""7.4"",""3.338913547"",15,7,0,1,0,0,5,33.3,3,20,""2.8"",""0.02"",""0.76"",""-0.76"",""90.8"",139,14.285714285714285,0,0,5.19,2.15,0.55,2.07,0.267,0,""-1.765517241"",0.296,0.168,""1.765517241"",-0.037,-0.02899999999999997,-0.001,-0.016,34.8,""27.4"",6.962939113950142,2.9619826388274517,31.46629449424974,0.4782608695652174,38.524306089095234,29.00655287340733"
"58,807743,""Sullivan, Sean"",412,14.1,0.333,0.333,0.417,0.667,0.455,0.417,0.329,5,15,98.6,22.8,2003,81.4,84.27,6,31,27,2.8999999999999915,7.73,111,153,118,145,307,338,301,""-1.013"",""1.013"",""72.8"",""7.3"",""1.244130623"",17,12,0,5,0,0,3,17.6,1,5.9,""2.76"",""0.66"",""0.38"",""-0.38"",""94.2"",229,75,16.666666666666664,11.76470588235294,5.52,3.23,0.06,2.53,0.412,2,""1.746551724"",0.408,0.561,""-1.746551724"",0.004,0.0040000000000000036,0.106,0.038,19.4,""33.8"",10.311985661513,-1.2924476272797993,33.36401636484476,0.26666666666666666,37.59000287333556,30.027336181446636"
"58,660271,""Ohtani, Shohei"",1335,4.3,0.143,0.071,0.25,0.214,0.19,0.171,0.142,2,14,85.5,21.6,2546,92,92.89,9,33,25,0.9000000000000057,6.68,107,154,123,148,302,313,289,""1.628"",""-1.628"",""70.8"",""7.2"",""2.001790678"",15,8,1,1,0,0,6,40,1,6.7,""2.19"",""0.53"",""-0.15"",""-0.15"",""89.1"",140,12.5,0,0,5.51,-2.08,0.45,2.41,0.2,0,""-2.806896552"",0.2,0.166,""2.806896552"",0.001,0,0.048,0.019,27.3,""30.4"",7.809259507647419,0.44977306056415367,30.218460914701076,0.42424242424242425,38.096330552106835,29.76864511642638"
"58,640454,""Krook, Matt"",181,32,0.222,0,0.286,0.222,0.378,0.422,0.286,2,9,91.7,-8,2310,86.9,86.62,4,22,36,-0.30000000000001137,6.01,102,150,118,148,310,330,306,""-0.335"",""0.335"",""69.8"",""7.5"",""2.391977934"",14,7,2,0,0,0,2,14.3,4,28.6,""2.89"",""0.14"",""0.26"",""-0.26"",""91.4"",88,42.857142857142854,0,0,6.12,3.26,0.07,1.69,0.5,0,""0.577586207"",0.541,0.327,""-0.577586207"",-0.064,-0.041000000000000036,-0.105,-0.044,18.2,""30.4"",11.024845816979695,-1.0279788982031777,39.07976963600647,0.4090909090909091,34.30577167337526,29.136381726707203"
"58,676254,""Walker, Ryan"",500,11.6,0.5,0.429,0.417,0.929,0.616,0.41,0.354,7,14,89.4,11.1,2324,91.4,91.69,3,28,30,0.29999999999999716,6.34,105,151,124,144,300,321,291,""-2.668"",""2.668"",""71.1"",""7.4"",""14.426318172"",15,14,5,0,0,2,0,0,1,6.7,""2.57"",""0.17"",""0.48"",""0.48"",""93.3"",154,50,14.285714285714285,13.333333333333334,5,-3.35,0.3,2.01,0.533,2,""4.6"",0.397,0.561,""-4.6"",0.146,0.136,0.368,0.206,10.7,""16.4"",7.298896631980552,-1.2384236565346565,33.00785430788989,0.5357142857142857,36.56409618616498,28.977105551966247"
"58,671936,""Macko, Adam"",409,14.2,0.286,0.429,0.25,0.714,0.44,0.426,0.267,4,14,84.3,-3.6,2061,86.7,86.15,11,29,29,-0.6000000000000085,5.99,103,148,118,143,295,316,287,""-1.394"",""1.394"",""70.5"",""7.7"",""5.522767863"",18,10,2,0,0,2,4,22.2,3,16.7,""2.59"",""0.49"",""0.45"",""-0.45"",""94.2"",119,40,20,11.11111111111111,5.64,1.87,-0.09,2.19,0.444,2,""2.403448276"",0.43,0.714,""-2.403448276"",0.019,0.014000000000000012,0,0.014,37.9,""42.5"",16.531743626856134,-13.057404385315813,34.021424967465336,0.42857142857142855,33.92272122530311,37.05354847946764"
"58,689149,""Dallas, Chad"",156,37.2,0.375,0.063,0.462,0.438,0.377,0.275,0.262,6,16,87.8,6.5,2556,87.9,88.32,7,34,24,0.3999999999999915,6.52,105,153,120,148,288,321,282,""-0.779"",""0.779"",""69.1"",""7.7"",""6.368148238"",17,13,5,1,0,0,3,17.6,1,5.9,""2.68"",""0.29"",""-0.69"",""-0.69"",""91.7"",142,38.46153846153847,0,0,5.93,-1.46,0.6,1.89,0.412,0,""1.343103448"",0.306,0.309,""-1.343103448"",0.113,0.10599999999999998,0.129,0.102,20.6,""54.2"",13.388118190661718,-6.247641702508208,28.61505735645479,0.5625,42.97537831246993,33.47099002713364"
"57,686560,""Collyer, Gavin"",450,12.7,0.25,0.125,0.308,0.375,0.269,0.203,0.217,4,16,80.9,25.3,2617,91.1,90.77,6,24,33,-0.29999999999999716,6.15,107,152,120,147,309,333,301,""0.466"",""-0.466"",""71.3"",""7.2"",""1.611386567"",16,13,2,2,0,0,3,18.8,0,0,""2.39"",""0.39"",""0.16"",""0.16"",""90.5"",177,23.076923076923077,0,0,4.92,-3.56,0.27,2.75,0.25,0,""-0.81754386"",0.217,0.246,""0.81754386"",0.033,0.033,0.129,0.066,25,""15.5"",8.749214039898352,1.1584050639821757,29.68298393747146,0.5416666666666666,37.318762435890875,29.493418013369407"
"57,642100,""Speier, Gabe"",463,12.3,0.2,0.4,0.111,0.6,0.395,0.387,0.24,3,15,87.7,27.5,2261,93,92.69,7,26,31,-0.29999999999999716,6.11,109,152,110,145,295,324,285,""-1.39"",""1.39"",""69.2"",""7.4"",""4.332665517"",18,11,1,0,0,2,4,22.2,2,11.1,""1.93"",""0.73"",""0.56"",""-0.56"",""92.0"",178,36.36363636363637,18.181818181818183,11.11111111111111,5.35,2.08,-0.07,2.29,0.333,2,""2.438596491"",0.367,0.528,""-2.438596491"",-0.04,-0.033999999999999975,0.072,0.008,26.9,""27.3"",8.648368551200356,-4.668431911125369,30.896575315271967,0.38461538461538464,35.3621267287645,32.55330585682223"
"56,682274,""Hiraldo, Yaramil"",123,45.5,0.2,0.1,0.5,0.3,0.329,0.226,0.072,2,10,91.1,31,2177,91.7,91.39,12,28,28,-0.29999999999999716,6.09,102,150,115,143,317,324,293,""0.287"",""-0.287"",""70.7"",""7.2"",""1.940691495"",13,4,1,1,0,0,6,46.2,2,15.4,""1.66"",""1.07"",""0.11"",""0.11"",""89.7"",178,25,0,0,6.25,-0.25,-0.11,2.68,0.385,0,""-0.5125"",0.286,0.121,""0.5125"",0.128,0.09900000000000003,0.179,0.103,42.9,""63.5"",13.785048944909807,-2.6730160850398916,30.73520854472379,0.6428571428571429,36.41839889692501,30.957226859572305"
"55,702566,""Murphy, Owen"",116,47.4,0.231,0.077,0.273,0.308,0.267,0.216,0.184,3,13,88.8,30,2318,90.4,90.6,6,34,21,0.19999999999998863,6.31,110,151,123,148,314,323,302,""-0.338"",""0.338"",""71.5"",""7.2"",""5.3493407"",14,11,2,1,0,0,2,14.3,1,7.1,""1.76"",""1.03"",""0.34"",""0.34"",""90.5"",183,27.27272727272727,0,0,5.56,-1.75,0.22,2.54,0.286,0,""0.614545455"",0.242,0.227,""-0.614545455"",0.047,0.043999999999999984,0.081,0.051,17.6,""44.7"",7.877381450628388,0.5701143070715604,29.35088346403102,0.45454545454545453,36.46851073846251,29.347118214201473"
"55,677020,""Walker, Josh"",202,27.2,0.308,0.154,0.308,0.462,0.333,0.277,0.286,4,13,84.6,24.9,2045,88.9,90.69,1,30,25,1.7999999999999972,7.17,107,150,118,142,313,324,295,""-0.144"",""0.144"",""71.8"",""7.4"",""9.867459216"",15,13,2,2,0,0,1,6.7,1,6.7,""2.14"",""0.75"",""0.36"",""-0.36"",""90.3"",190,23.076923076923077,0,0,6.06,2.89,0.31,2.59,0.333,0,""0.261818182"",0.315,0.319,""-0.261818182"",0.022,0.018000000000000016,0.143,0.056,3.3,""41.7"",10.978235397561278,0.774009427197962,32.05309836585804,0.6551724137931034,37.45787582514292,30.198690118458977"
"54,671345,""Foley, Jason"",109,49.5,0.214,0.214,0.182,0.429,0.273,0.296,0.252,3,14,87.3,5.5,2233,91.5,92.33,3,20,34,0.7999999999999972,6.73,108,152,121,148,300,323,294,""0.528"",""-0.528"",""72.1"",""7.5"",""2.256419888"",14,12,2,0,0,1,2,14.3,0,0,""2.54"",""0.2"",""0.66"",""0.66"",""93.5"",146,50,8.333333333333332,7.142857142857142,5.56,-1.64,0.18,2.19,0.214,1,""-0.977777778"",0.252,0.442,""0.977777778"",-0.038,-0.038000000000000006,-0.013,-0.023,15,""26.9"",11.851042267091474,-3.664707225398412,34.86301202238073,0.45,36.01483506594117,31.481316793765007"
"54,623149,""Sewald, Paul"",633,8.5,0.167,0.5,0,0.667,0.344,0.391,0.252,2,12,93.2,21.1,2567,87.1,87.08,10,26,28,0,6.36,110,149,116,146,308,325,288,""-2.09"",""2.09"",""69.1"",""7.7"",""5.446681449"",14,9,0,0,0,2,4,28.6,0,0,""2.28"",""0.75"",""-0.16"",""-0.16"",""93.0"",225,44.44444444444444,33.33333333333333,21.428571428571427,4.41,-3.62,0.24,2.4,0.214,3,""3.87037037"",0.29,0.694,""-3.87037037"",-0.085,-0.07599999999999998,-0.027,-0.047,38.5,""14.7"",10.792756361198078,-7.866756268946851,30.30262882330433,0.48,39.65967692689595,34.244845995137744"
"54,657265,""Strzelecki, Peter"",107,50.5,0.167,0,0.154,0.167,0.214,0.345,0.249,2,12,86.5,21.5,2569,87.8,88.58,4,22,32,0.7999999999999972,6.84,107,149,115,142,304,319,293,""0.995"",""-0.995"",""70.7"",""7.1"",""1.6714221"",15,13,2,0,0,0,0,0,1,6.7,""2.96"",""0.03"",""0.16"",""0.16"",""91.6"",171,30.76923076923077,7.6923076923076925,6.666666666666667,4.98,-1.91,0.34,2.42,0.267,1,""-1.842592593"",0.37,0.329,""1.842592593"",-0.082,-0.10299999999999998,-0.162,-0.131,18.2,""23.5"",7.577462232242052,1.278651029785646,30.01919955675206,0.5714285714285714,38.09141340848501,30.867604535103684"
"54,678868,""Yean, Eddy"",140,38.6,0.286,0.429,0.3,0.714,0.453,0.324,0.235,4,14,90,23.7,2352,93.9,94.5,4,22,32,0.5999999999999943,6.49,104,150,117,148,312,329,302,""-2.807"",""2.807"",""73.3"",""7.3"",""0.946382861"",16,11,0,3,0,1,3,18.8,1,6.3,""2.18"",""0.41"",""0.72"",""0.72"",""91.3"",170,18.181818181818183,9.090909090909092,6.25,5.53,-1.82,0.14,2.26,0.375,1,""5.198148148"",0.33,0.389,""-5.198148148"",0.051,0.044999999999999984,0.325,0.129,18.2,""32.1"",9.171789274219288,2.7119590023050835,32.30375961236824,0.6363636363636364,36.11517595283036,31.60462727875408"
"53,657649,""Koenig, Jared"",169,31.4,0.444,0.111,0.5,0.556,0.519,0.436,0.29,4,9,97.7,21.5,2089,89.8,89.86,3,18,35,0.10000000000000853,6.35,102,146,113,144,307,327,303,""-2.063"",""2.063"",""69.4"",""7.2"",""3.829848071"",14,8,3,1,0,0,1,7.1,4,28.6,""2.04"",""0.82"",""0.85"",""-0.85"",""94.6"",196,62.5,12.5,7.142857142857142,5.81,2.37,-0.06,2.04,0.643,1,""3.89245283"",0.544,0.45,""-3.89245283"",0.154,0.09899999999999998,0.106,0.083,16.7,""31.5"",6.467881777600607,-14.009403263796534,37.29211759629564,0.6111111111111112,35.97913402999708,32.15688629347593"
"52,682995,""Barco, Hunter"",304,17.1,0.556,0.222,0.625,0.778,0.599,0.425,0.373,5,9,85.1,12.3,2230,88.1,87.76,4,22,30,-0.29999999999999716,6.33,104,150,119,148,301,317,290,""-2.139"",""2.139"",""70.8"",""7.1"",""3.8030679"",11,8,3,2,0,0,1,9.1,2,18.2,""2.57"",""0.42"",""0.55"",""-0.55"",""90.6"",174,37.5,0,0,5.11,3.53,0.01,2.1,0.636,0,""4.113461538"",0.487,0.481,""-4.113461538"",0.183,0.14900000000000002,0.297,0.174,18.2,""22.7"",6.8624286311578455,8.371558234495977,33.57504109572412,0.45454545454545453,39.60166520769783,27.526122010383574"
"51,663941,""Beck, Tristan"",247,20.6,0.25,0.375,0.143,0.625,0.48,0.577,0.403,2,8,93.8,14.3,2392,89,89.61,2,16,35,0.5999999999999943,6.68,111,153,123,147,304,318,289,""-2.162"",""2.162"",""74.2"",""7.5"",""3.504013968"",12,8,1,0,0,1,0,0,3,25,""2.33"",""0.58"",""-0.31"",""-0.31"",""93.1"",183,50,12.5,8.333333333333332,5.86,-2.31,0.24,2.72,0.5,1,""4.239215686"",0.602,0.812,""-4.239215686"",-0.153,-0.10199999999999998,-0.187,-0.097,12.5,""40.0"",10.559030456136272,-5.966963009899391,28.815663579718212,0.6428571428571429,39.40270116695214,33.38647744390304"
"51,646241,""De Jesus, Enmanuel"",590,8.6,0.167,0,0.286,0.167,0.193,0.276,0.247,2,12,89.1,6.7,2240,91.3,90.65,9,29,22,-0.7000000000000028,5.89,115,153,126,148,308,322,287,""1.357"",""-1.357"",""71.0"",""7.2"",""2.059360898"",13,7,2,0,0,0,5,38.5,0,0,""1.7"",""1.05"",""1.01"",""-1.01"",""90.6"",164,57.14285714285714,0,0,5.98,2.83,0.18,2.32,0.231,0,""-2.660784314"",0.305,0.298,""2.660784314"",-0.08,-0.07399999999999998,-0.131,-0.083,31,""45.3"",6.94291747183992,4.958447610758988,32.18392786211548,0.3793103448275862,39.07916622972641,28.884793338542487"
"51,702474,""Paredes, Mike"",552,9.2,0.267,0.133,0.333,0.4,0.266,0.212,0.204,4,15,87.5,15.2,2178,86,86.57,7,28,23,0.5999999999999943,6.57,102,145,113,138,299,325,290,""1.16"",""-1.16"",""67.0"",""7.0"",""3.76885063"",16,12,3,0,1,0,4,25,0,0,""2.66"",""0.44"",""-0.28"",""-0.28"",""91.7"",187,41.66666666666667,8.333333333333332,6.25,5.15,-1.46,0.35,2.41,0.25,1,""-2.274509804"",0.192,0.315,""2.274509804"",0.063,0.057999999999999996,0.085,0.054,25,""36.9"",9.350519140356946,-0.4503355681197898,30.381200071269948,0.37037037037037035,39.428412508881635,29.29944963874943"
"51,681895,""Sisk, Evan"",723,7.1,0.222,0.111,0.333,0.333,0.285,0.218,0.177,2,9,85,13,2111,87,87.91,7,24,27,0.9000000000000057,6.92,101,148,119,147,309,320,290,""0.309"",""-0.309"",""66.6"",""7.2"",""6.772966601"",10,6,1,1,0,0,3,30,1,10,""2.76"",""0.3"",""0.49"",""-0.49"",""89.0"",136,16.666666666666664,0,0,5.16,3.77,0.13,2.33,0.3,0,""-0.605882353"",0.259,0.2,""0.605882353"",0.045,0.04099999999999998,0.133,0.067,29.2,""22.9"",6.951445861914975,-0.8073575453928601,31.760753411540822,0.5,39.50584483417391,26.132340375181496"
"51,476594,""Stock, Robert"",151,33.8,0.25,0.083,0.273,0.333,0.287,0.308,0.282,3,12,82,10,2340,92.7,92.75,7,29,22,0.09999999999999432,6.35,102,151,109,146,295,325,287,""1.014"",""-1.014"",""70.9"",""6.9"",""1.101121891"",13,11,2,1,0,0,1,7.7,1,7.7,""2.17"",""0.51"",""0.58"",""0.58"",""90.7"",162,27.27272727272727,0,0,4.74,-4.2,0.25,2.3,0.308,0,""-1.988235294"",0.338,0.349,""1.988235294"",-0.032,-0.030000000000000027,-0.016,-0.021,24.1,""10.6"",3.4828085993644846,10.308224253918372,33.25123599401472,0.41379310344827586,37.46880153052031,20.574038885602697"
"50,455119,""Martin, Chris"",248,20.2,0.4,0.4,0.333,0.8,0.462,0.418,0.297,4,10,92.4,15.2,2218,90.5,91.06,2,26,24,0.5999999999999943,6.52,104,151,116,145,307,333,297,""-1.302"",""1.302"",""73.5"",""7.0"",""0.472389416"",11,10,2,1,0,1,1,9.1,0,0,""2.22"",""0.57"",""0.31"",""0.31"",""92.3"",147,60,20,18.181818181818183,6.22,-2.55,0.11,2.23,0.364,2,""2.604"",0.303,0.621,""-2.604"",0.103,0.061,0.179,0.044,7.7,""43.7"",8.989862525551636,0.6317564842584522,32.60936360303036,0.44,34.92071886192039,30.025815573313835"
"49,643511,""Rogers, Tyler"",776,6.3,0.105,0,0.118,0.105,0.124,0.229,0.169,2,19,81.1,13.2,2140,79.4,78.34,4,26,23,-1.1000000000000085,6.04,113,149,118,149,296,314,283,""3.317"",""-3.317"",""65.8"",""6.8"",""1.049745104"",20,17,2,0,0,0,2,10,1,5,""3.88"",""-0.16"",""-0.32"",""-0.32"",""90.6"",141,11.76470588235294,5.88235294117647,5,1.31,-3.92,0.17,2.25,0.15,1,""-6.769387755"",0.21,0.315,""6.769387755"",-0.064,-0.06,-0.21,-0.105,15.4,""-59.9"",1.5882830648981483,12.308666840030932,30.091303186773857,0.3333333333333333,39.67999741043559,27.801880506870404"
"49,676742,""Sanders, Cam"",240,20.4,0,0,0,0,0.07,0.144,0.08,0,9,75.6,18.8,2661,90.1,89.96,13,25,24,-0.09999999999999432,6.09,109,152,122,146,301,324,295,""2.127"",""-2.127"",""68.5"",""8.0"",""5.331965717"",10,4,0,0,0,0,5,50,1,10,""2.43"",""0.39"",""0.05"",""0.05"",""89.5"",125,25,0,0,6.12,-3.04,-0.06,2.12,0.1,0,""-4.340816327"",0.172,0.111,""4.340816327"",-0.08,-0.07199999999999998,-0.111,-0.074,52,""34.0"",14.940126611098767,-11.61657517767755,31.638647585110498,0.5416666666666666,37.78934915191872,36.73090290477582"
"48,694341,""Beck, Brendan"",139,34.5,0.333,0.778,0.143,1.111,0.605,0.472,0.314,3,9,91.4,25.1,2128,88,88.5,9,24,24,0.5,6.51,110,151,130,148,298,331,292,""-2.653"",""2.653"",""74.8"",""7.8"",""2.66990214"",10,9,0,1,0,2,0,0,1,10,""2.24"",""0.71"",""0.31"",""0.31"",""92.3"",218,44.44444444444444,22.22222222222222,20,5.98,-2.71,0.24,2.25,0.4,2,""5.527083333"",0.382,0.767,""-5.527083333"",0.019,0.018000000000000016,0.344,0.133,37.5,""44.9"",12.846657630573741,-7.103741052317237,31.628436675495664,0.5217391304347826,38.59682284430931,34.421384202149476"
"47,666126,""Cortes, Carlos"",133,35.3,0.385,0.308,0.333,0.692,0.477,0.379,0.284,5,13,87.6,18.5,1721,70.6,68.96,0,18,29,-1.5999999999999943,5.04,110,154,126,147,295,320,298,""-2.206"",""2.206"",""70.1"",""7.5"",,14,13,3,1,0,1,0,0,1,7.1,""3.62"",""1.16"",""0.72"",""-0.72"",""92.8"",198,38.46153846153847,15.384615384615385,14.285714285714285,5.63,3.23,0.48,2.42,0.429,2,""4.693617021"",0.335,0.551,""-4.693617021"",0.101,0.09399999999999997,0.141,0.098,0,""35.7"",15.506047169896094,-3.7576356794841517,33.174600680041294,0.6111111111111112,38.843641450727134,35.38026037645839"
"47,814305,""Tur, Yunior"",87,54,0.583,0.833,0.571,1.417,0.819,0.606,0.406,7,12,90.7,23.4,1855,91.1,92.76,8,22,25,1.7000000000000028,7.28,99,148,116,142,305,328,287,""-5.889"",""5.889"",""71.9"",""7.2"",""2.962585295"",14,10,3,1,0,3,2,14.3,2,14.3,""2.01"",""0.75"",""0.03"",""0.03"",""93.6"",215,40,30,21.428571428571427,5.97,-0.35,0.21,1.94,0.643,3,""12.529787234"",0.491,1.021,""-12.529787234"",0.177,0.15200000000000002,0.396,0.213,36.4,""56.5"",12.237417352520911,-6.495988109992601,33.78719095618334,0.5454545454545454,35.070395108564476,35.43291911300779"
"47,689225,""Brieske, Beau"",149,31.5,0.1,0,0.167,0.1,0.089,0.215,0.217,1,10,86.1,42.3,2443,93.3,92.92,5,23,24,-0.3999999999999915,5.96,110,153,124,148,311,333,287,""1.925"",""-1.925"",""71.6"",""7.3"",""4.971738247"",10,6,1,0,0,0,4,40,0,0,""1.72"",""0.9"",""0.4"",""0.4"",""89.7"",156,33.33333333333333,0,0,6.12,-1.28,-0.02,2.04,0.1,0,""-4.095744681"",0.217,0.279,""4.095744681"",-0.117,-0.11699999999999999,-0.179,-0.126,21.7,""51.3"",9.566346994241325,-2.9757245885723234,32.78487601630356,0.5909090909090909,34.94580286360587,28.469703273675524"
"47,663623,""Irvin, Jake"",1093,4.3,0.273,0.273,0.222,0.545,0.377,0.474,0.378,3,11,86.4,16.5,2406,89.6,91.05,2,21,26,1.5,7,108,151,120,149,309,326,289,""-0.697"",""0.697"",""69.4"",""7.2"",""2.03653569"",12,10,2,0,0,1,1,8.3,1,8.3,""1.98"",""0.86"",""0.26"",""0.26"",""91.5"",186,30,20,16.666666666666664,5.57,-1.97,0.7,2.29,0.333,2,""1.482978723"",0.43,0.698,""-1.482978723"",-0.105,-0.09699999999999998,-0.153,-0.097,9.5,""28.1"",5.938147447095502,7.582135126131068,29.28880162527319,0.5238095238095238,37.0594106174893,25.823271710915094"
"47,668820,""Kranick, Max"",135,34.8,0.308,0.385,0.25,0.692,0.457,0.32,0.234,4,13,84.4,6.8,2025,90,90.99,4,24,23,1,6.59,102,151,120,148,309,326,296,""-2.64"",""2.64"",""72.5"",""7.4"",""3.021329935"",15,13,1,2,0,1,0,0,2,13.3,""2.02"",""0.78"",""0.01"",""0.01"",""90.8"",159,15.384615384615385,7.6923076923076925,6.666666666666667,5.86,-2.41,0.6,2.5,0.4,1,""5.617021277"",0.336,0.374,""-5.617021277"",0.074,0.064,0.318,0.137,16.7,""42.3"",12.7365636373964,-2.877389189109575,30.510508937213306,0.5416666666666666,39.225147086293966,33.928756351711996"
"46,672629,""Carrillo, Gerardo"",169,27.2,0.091,0,0.125,0.091,0.176,0.236,0.166,1,11,75.5,17.4,2322,91.4,91.89,4,17,29,0.5,6.5,108,148,121,147,299,318,283,""1.563"",""-1.563"",""67.7"",""7.7"",""8.700078465"",13,8,1,0,0,0,3,23.1,2,15.4,""2.35"",""0.39"",""0.19"",""0.19"",""89.2"",145,0,0,0,5.32,-2.67,-0.15,2.16,0.231,0,""-3.397826087"",0.295,0.18,""3.397826087"",-0.075,-0.06399999999999997,-0.089,-0.06,23.5,""34.4"",17.39045682546332,-11.548933171785613,29.987152959070087,0.5882352941176471,38.345656429177566,39.50434255405388"
"46,622694,""Hernández, Elieser"",114,40.4,0.25,0.25,0.25,0.5,0.319,0.233,0.207,3,12,89.1,39.2,2216,86.5,86.89,9,23,23,0.4000000000000057,6.59,112,152,125,148,314,324,299,""-0.959"",""0.959"",""72.8"",""7.5"",""4.226505044"",12,9,2,0,0,1,3,25,0,0,""1.88"",""1.22"",""0.3"",""0.3"",""93.0"",200,44.44444444444444,11.11111111111111,8.333333333333332,5.3,-1.99,0.55,2.39,0.25,1,""2.084782609"",0.207,0.335,""-2.084782609"",0.043,0.04300000000000001,0.165,0.086,39.1,""36.6"",17.65922354941652,-13.725532134772244,29.59444918620023,0.4782608695652174,38.05716009528945,38.81934791494345"
"45,641312,""Anderson, Shaun"",351,12.8,0.273,0,0.429,0.273,0.28,0.207,0.168,3,11,89.2,19.1,2689,88.4,88.93,9,23,22,0.5,6.72,108,151,122,147,306,324,300,""0.789"",""-0.789"",""69.6"",""7.1"",""3.065565176"",12,7,3,0,0,0,4,33.3,1,8.3,""2.43"",""0.52"",""-0.34"",""-0.34"",""91.1"",110,28.57142857142857,0,0,6,-2.38,0.52,1.93,0.333,0,""-1.753333333"",0.237,0.205,""1.753333333"",0.105,0.09600000000000003,0.068,0.073,39.1,""41.9"",9.99228102861197,-1.2007727248845237,35.00735099315152,0.5454545454545454,38.55406686734142,31.712977565953402"
"45,656756,""Montgomery, Jordan"",79,57,0.444,0.667,0.333,1.111,0.657,0.635,0.41,4,9,90.8,27.1,2031,84.2,84.91,3,18,27,0.7000000000000028,6.81,103,154,118,146,307,333,299,""-2.762"",""2.762"",""74.2"",""7.5"",""1.180159949"",10,8,2,0,0,2,1,10,1,10,""2.78"",""0.48"",""0.41"",""-0.41"",""94.4"",224,50,37.5,30,6.43,1.46,0.01,2.28,0.5,3,""6.137777778"",0.469,1.107,""-6.137777778"",0.034,0.031000000000000028,0.004,0.022,16.7,,12.392666568154375,-3.873318780815141,35.723273631963416,0.5294117647058824,37.86915720081453,33.13323794896808"
"45,670103,""Burgos, Raymond"",67,67.2,0.077,0.231,0,0.308,0.157,0.286,0.219,1,13,91.1,6,2022,86.1,85.38,5,30,15,-0.6999999999999886,5.72,116,155,127,148,281,316,301,""2.006"",""-2.006"",""70.3"",""7.5"",""3.18485453"",13,10,0,0,0,1,3,23.1,0,0,""2.79"",""0.29"",""0.45"",""-0.45"",""92.7"",110,40,10,7.6923076923076925,5.67,2.51,0.12,2.11,0.077,1,""-4.457777778"",0.219,0.468,""4.457777778"",-0.142,-0.14200000000000002,-0.16,-0.129,16.7,""28.5"",13.025811577007024,-3.8526237137757153,31.62438696522409,0.6206896551724138,35.10322777274476,33.41761138509428"
"44,669093,""Estrada, Jeremiah"",421,10.5,0.25,0,0.667,0.25,0.317,0.34,0.241,2,8,100.4,14.3,1856,89.6,90.98,9,23,21,1.4000000000000057,7.14,103,150,118,144,304,325,293,""-0.035"",""0.035"",""65.2"",""6.6"",""4.514264377"",10,3,2,0,0,0,5,50,2,20,""1.86"",""1.02"",""0.18"",""0.18"",""90.7"",156,100,0,0,5.79,-0.37,-0.17,2.51,0.4,0,""0.079545455"",0.393,0.342,""-0.079545455"",0.009,0.007000000000000006,-0.092,-0.023,39.1,""71.0"",8.470987851071238,-0.9319638167197122,30.410455108882267,0.43478260869565216,34.810919323892755,34.17513453590795"
"44,621121,""McCullers Jr., Lance"",793,5.5,0.167,0.167,0.2,0.333,0.332,0.316,0.207,1,6,82.1,46.4,2370,85.5,85.09,4,18,26,-0.4000000000000057,6.06,115,154,126,148,296,325,291,""0.002"",""-0.002"",""73.6"",""7.5"",""2.810494974"",8,5,0,1,0,0,1,12.5,2,25,""2.73"",""0.4"",""-0.41"",""-0.41"",""91.8"",136,20,0,0,5.17,-1.73,0.42,1.88,0.375,0,""-0.004545455"",0.405,0.23,""0.004545455"",-0.04,-0.030000000000000027,0.103,0.016,22.2,""28.3"",13.312973577394061,-7.728904708256653,33.1373216095764,0.5555555555555556,37.10174106878231,35.6252596413079"
"44,668716,""Murdock, Noah"",59,74.6,0.286,0,0.4,0.286,0.317,0.219,0.12,2,7,90.9,-0.2,2316,89.8,90.59,4,16,28,0.7999999999999972,6.79,99,143,111,141,300,316,288,""0.062"",""-0.062"",""67.5"",""7.0"",""1.04769078"",10,5,2,0,0,0,3,30,2,20,""2.79"",""0.07"",""0.37"",""0.37"",""92.2"",96,60,0,0,5.36,-1.8,0.48,1.45,0.4,0,""-0.140909091"",0.285,0.133,""0.140909091"",0.166,0.11500000000000005,0.153,0.098,25,""25.9"",5.691424003795312,1.0901934366063282,37.79836837496054,0.6875,37.11426949583185,29.52678895409979"
"44,596133,""Weaver, Luke"",655,6.7,0.091,0.273,0,0.364,0.229,0.284,0.2,1,11,83.9,21.9,2333,92.2,92.09,6,20,24,-0.10000000000000853,6.14,112,153,124,149,301,319,293,""-0.168"",""0.168"",""69.6"",""7.2"",""3.189369399"",12,9,0,0,0,1,2,16.7,1,8.3,""1.68"",""1.01"",""0.21"",""0.21"",""91.5"",174,44.44444444444444,0,0,5.6,-1.2,0.58,2.18,0.167,0,""0.381818182"",0.267,0.383,""-0.381818182"",-0.109,-0.1,-0.019,-0.055,30,""48.6"",7.800874235855405,-1.3907795404436505,30.932875136159517,0.5,36.781181522293195,32.25404056451012"
"44,691725,""Painter, Andrew"",1286,3.4,0.25,0.25,0.25,0.5,0.348,0.407,0.311,3,12,84.7,18.1,2486,88.5,88.66,5,20,24,0.20000000000000284,6.45,107,151,118,144,302,329,288,""0.278"",""-0.278"",""72.8"",""7.7"",""5.918294204"",13,9,2,0,0,1,3,23.1,1,7.7,""2.38"",""0.58"",""-0.56"",""-0.56"",""93.3"",191,33.33333333333333,11.11111111111111,7.6923076923076925,6.3,-2.45,0.19,2.2,0.308,1,""-0.631818182"",0.364,0.59,""0.631818182"",-0.061,-0.055999999999999994,-0.09,-0.059,25,""40.1"",17.110597110789165,-14.913311716891497,32.30864051287747,0.4,36.06815547856476,37.304642681714014"
"42,669310,""Van Eyk, CJ"",128,32.8,0.625,0.5,0.5,1.125,0.673,0.562,0.463,5,8,87,19.1,2056,87.6,88.43,1,19,23,0.8000000000000114,6.69,100,148,113,145,297,315,292,""-4.488"",""4.488"",""70.5"",""7.5"",""5.867756868"",11,9,3,1,0,1,0,0,1,9.1,""2.74"",""0.25"",""0.15"",""0.15"",""91.3"",143,44.44444444444444,11.11111111111111,9.090909090909092,5.21,-1.74,-0.16,2.16,0.636,1,""10.685714286"",0.568,0.752,""-10.685714286"",0.162,0.06800000000000006,0.373,0.111,5.3,""30.0"",12.78613699156578,-6.900931956287867,32.907625639109256,0.7894736842105263,34.27877212714256,33.20133409067163"
"42,699008,""Kelly, Antwone"",123,34.1,0.167,0,0.2,0.167,0.191,0.263,0.233,2,12,84.5,2.4,2202,93.1,93.39,0,18,24,0.30000000000001137,6.43,104,149,117,147,306,320,292,""1.473"",""-1.473"",""68.1"",""7.0"",,13,10,2,0,0,0,2,15.4,1,7.7,""1.88"",""0.77"",""0.16"",""0.16"",""90.7"",124,30,0,0,5.74,-2.32,0.24,2.08,0.231,0,""-3.507142857"",0.292,0.282,""3.507142857"",-0.066,-0.06099999999999997,-0.115,-0.072,0,""38.8"",12.335181723716403,-9.241818508948084,27.839916858119558,0.5882352941176471,37.13955085312731,29.994653493096727"
"42,664129,""Hartlieb, Geoff"",217,19.4,0.444,0.222,0.444,0.667,0.471,0.303,0.206,4,9,88.4,12.4,2388,92,92.4,7,21,21,0.4000000000000057,6.25,99,144,108,137,305,326,292,""-1.747"",""1.747"",""69.1"",""7.0"",""2.106685869"",12,9,3,0,1,0,1,8.3,2,16.7,""2.06"",""0.62"",""0.41"",""0.41"",""92.2"",152,44.44444444444444,11.11111111111111,8.333333333333332,6.18,-2.17,0.18,2.13,0.5,1,""4.15952381"",0.324,0.364,""-4.15952381"",0.238,0.176,0.303,0.168,33.3,""41.5"",4.408341739354167,3.987319302058937,31.76785416939411,0.38095238095238093,35.04344905994579,25.0004072309481"
"41,676661,""Lazar, Max"",128,32,0.3,0.3,0.222,0.6,0.411,0.369,0.266,3,10,93.3,9.3,2249,88.4,89.85,2,18,23,1.3999999999999915,6.95,106,151,122,143,296,322,288,""-0.447"",""0.447"",""71.0"",""7.6"",""2.69409372"",11,10,2,0,0,1,0,0,1,9.1,""2.55"",""0.36"",""-0.09"",""-0.09"",""92.3"",166,44.44444444444444,11.11111111111111,9.090909090909092,5.92,-0.51,0.29,2.23,0.364,1,""1.090243902"",0.339,0.529,""-1.090243902"",0.034,0.024999999999999967,0.071,0.042,11.1,""56.4"",13.540993526044424,-0.40430775096001526,32.2298790652094,0.5555555555555556,38.431790442165465,29.416023492126527"
"41,686993,""Sterner, Justin"",730,5.6,0.444,0.667,0.375,1.111,0.657,0.417,0.248,4,9,90,28.1,2536,89.6,90.18,6,19,22,0.6000000000000085,6.63,103,152,117,148,302,321,288,""-3.445"",""3.445"",""67.3"",""7.5"",""4.56833728"",11,9,0,3,0,1,0,0,2,18.2,""2.03"",""0.84"",""-0.05"",""-0.05"",""93.0"",195,44.44444444444444,22.22222222222222,18.181818181818183,5.4,-2.68,0.58,2.07,0.545,2,""8.402439024"",0.385,0.609,""-8.402439024"",0.196,0.16000000000000003,0.502,0.24,31.6,""38.1"",12.62057861016817,-2.504044177677097,31.740947638899552,0.6111111111111112,40.41993322564117,32.779146803275545"
"41,693313,""Seymour, Carson"",174,23.6,0.125,0,0.143,0.125,0.229,0.391,0.246,1,8,92.5,0.3,2108,93,93.56,4,19,22,0.5999999999999943,6.62,103,151,119,146,302,321,294,""0.992"",""-0.992"",""73.2"",""7.3"",""5.284854176"",10,7,1,0,0,0,1,10,2,20,""2.45"",""0.2"",""0.75"",""0.75"",""92.1"",148,57.14285714285714,28.57142857142857,20,5.92,-2.65,-0.15,2.32,0.3,2,""-2.419512195"",0.397,0.502,""2.419512195"",-0.121,-0.09700000000000003,-0.377,-0.162,21.1,""38.6"",9.280138195897615,0.2400648376464543,32.19595031383618,0.631578947368421,34.5193669800916,29.15584725714605"
"40,801434,""Gervase, Paul"",124,32.3,0.167,0,0.25,0.167,0.331,0.304,0.116,1,6,90.2,23.3,2259,86.9,89.34,2,11,29,2.3999999999999915,7.61,107,149,122,143,304,316,291,""0.073"",""-0.073"",""74.0"",""7.7"",""1.586933208"",9,4,1,0,0,0,2,22.2,3,33.3,""2.67"",""0.36"",""-0.03"",""-0.03"",""92.0"",179,50,0,0,5.36,-2.28,0.25,2.21,0.444,0,""-0.1825"",0.41,0.131,""0.1825"",0.051,0.03400000000000003,0.036,0.027,18.2,""24.7"",12.032387780980804,-5.569681461617591,25.394728931811805,1,36.681445679742126,32.589378358861495"
"40,686753,""Jameson, Drey"",266,15,0.182,0.091,0.222,0.273,0.237,0.295,0.247,2,11,91.2,9.1,2372,91,90.02,3,15,25,-1,5.76,107,150,122,148,306,324,286,""0.906"",""-0.906"",""73.6"",""7.4"",""4.04245722"",12,9,1,1,0,0,2,16.7,1,8.3,""2.14"",""0.64"",""0.54"",""0.54"",""92.7"",192,33.33333333333333,11.11111111111111,8.333333333333332,5.55,-2.14,0.11,2.1,0.25,1,""-2.265"",0.309,0.365,""2.265"",-0.065,-0.059,-0.092,-0.058,20,""39.3"",9.19500860141758,1.51741964797217,30.983028004090524,0.5333333333333333,35.053355228073194,30.061225930430954"
"40,694918,""Tidwell, Blade"",282,14.2,0.111,0,0.167,0.111,0.099,0.153,0.144,1,9,89.2,32,2444,88.8,88.85,6,17,23,0,6.44,99,153,123,147,303,325,288,""1.592"",""-1.592"",""69.2"",""6.8"",""11.287924125"",9,6,1,0,0,0,3,33.3,0,0,""2.2"",""0.73"",""-0.06"",""-0.06"",""91.1"",136,50,0,0,6.15,-1.61,0.54,2.18,0.111,0,""-3.98"",0.144,0.209,""3.98"",-0.033,-0.03299999999999999,-0.098,-0.054,35.3,""42.0"",10.92505146695756,-3.94675708202172,30.45766501468294,0.5625,38.40563713211782,34.80921702375015"
"40,672442,""Cruz, Yovanny"",111,36,0.143,0,0.2,0.143,0.298,0.326,0.184,1,7,76.9,26,2322,95.5,95.39,2,13,27,-0.09999999999999432,6.18,104,146,114,147,305,322,292,""-0.013"",""0.013"",""71.1"",""7.5"",""4.434594108"",10,5,1,0,0,0,2,20,3,30,""1.92"",""0.59"",""0.42"",""0.42"",""90.5"",103,20,0,0,6.08,-2.71,0.05,2.15,0.4,0,""0.0325"",0.429,0.197,""-0.0325"",-0.041,-0.02899999999999997,-0.054,-0.028,15.4,""30.7"",15.109630258329801,-9.399683545055101,32.53336854013499,0.6153846153846154,33.558569715165476,35.22520852382485"
"40,663878,""Pearson, Nate"",428,9.3,0.1,0,0.111,0.1,0.196,0.278,0.196,1,10,84,15.1,2319,94.6,95.97,3,20,20,1.4000000000000057,6.83,102,151,110,147,299,323,286,""1.705"",""-1.705"",""68.8"",""7.1"",""6.052073028"",12,9,1,0,0,0,1,8.3,0,0,""1.79"",""0.74"",""0.52"",""0.52"",""91.2"",125,33.33333333333333,0,0,5.67,-1.86,-0.2,2.51,0.25,0,""-4.2625"",0.33,0.221,""4.2625"",-0.096,-0.08000000000000002,-0.121,-0.082,15,""43.3"",6.610534281139027,1.319046511097632,30.05223204293437,0.45,33.41746811721555,27.27557403264048"
"39,696131,""Black, Mason"",419,9.3,0.091,0,0.091,0.091,0.081,0.26,0.271,1,11,88.4,12.3,2194,89,89.56,0,15,24,0.5999999999999943,6.65,102,151,118,148,302,323,279,""2.042"",""-2.042"",""70.2"",""7.0"",,11,11,1,0,0,0,0,0,0,0,""2.38"",""0.53"",""0.36"",""0.36"",""92.2"",182,18.181818181818183,0,0,5.05,-2.55,0.32,2.2,0.091,0,""-5.235897436"",0.271,0.334,""5.235897436"",-0.18,-0.18000000000000002,-0.243,-0.179,0,""27.0"",7.933256250494815,2.399933846896456,32.3351852093645,0.5,35.956478478796605,28.57159928488238"
"39,642701,""Santana, Dennis"",711,5.5,0.3,0.6,0.2,0.9,0.498,0.44,0.293,3,10,85.1,13.4,2549,89.5,89.26,6,23,16,-0.20000000000000284,6.07,106,149,116,145,313,325,295,""-2.23"",""2.23"",""63.4"",""6.9"",""4.180878125"",11,8,1,0,0,2,3,27.3,0,0,""2.39"",""0.46"",""0.62"",""0.62"",""93.4"",155,50,25,18.181818181818183,5.55,-1.98,0.2,2.08,0.3,2,""5.717948718"",0.293,0.766,""-5.717948718"",0.007,0.007000000000000006,0.134,0.058,26.1,""27.9"",5.390128204169414,-11.93475651473861,32.81118321954424,0.6086956521739131,37.1385996288781,33.02384315186896"
"39,543056,""Coulombe, Danny"",386,10.1,0.25,0,0.25,0.25,0.426,0.406,0.173,1,4,72.3,-21.8,2477,86.4,86.06,2,16,23,-0.30000000000001137,5.97,102,152,120,145,303,323,297,""-0.93"",""0.93"",""69.8"",""7.4"",""1.709792544"",7,4,1,0,0,0,0,0,3,42.9,""2.53"",""0.54"",""-0.15"",""0.15"",""94.9"",152,25,0,0,6.07,-0.44,-0.53,2.34,0.571,0,""2.384615385"",0.527,0.25,""-2.384615385"",0.077,0.04399999999999993,0,0.02,12.5,""54.2"",11.680148304068235,-10.511985104014585,30.164147101501882,0.625,32.062563833526234,32.16825239950059"
"38,689546,""Davila, Nick"",361,10.5,0.4,0.3,0.333,0.7,0.495,0.475,0.389,4,10,90.6,1.2,2019,90,89.48,0,15,23,-0.5,5.98,107,152,114,147,294,322,292,""-1.038"",""1.038"",""71.2"",""7.2"",,11,10,3,0,0,1,0,0,0,0,""2.92"",""-0.1"",""0.58"",""0.58"",""93.3"",90,30,10,9.090909090909092,5.81,-1.68,-0.11,2.31,0.455,1,""2.731578947"",0.445,0.667,""-2.731578947"",0.011,0.010000000000000009,0.033,0.02,0,""26.2"",8.99654362601742,-3.0139737151050445,33.371159337196275,0.4666666666666667,33.37576013152881,30.12418726074021"
"38,681168,""Curvelo, Luis"",195,19.5,0.444,0.444,0.429,0.889,0.578,0.492,0.375,4,9,91.9,28,2132,91,90.82,3,19,19,-0.20000000000000284,6.3,108,152,124,149,285,328,299,""-3.393"",""3.393"",""74.7"",""7.5"",,10,8,2,1,0,1,1,10,1,10,""1.97"",""0.83"",""0.66"",""0.66"",""94.3"",210,50,12.5,10,6.06,-3.14,0.16,2.18,0.5,1,""8.928947368"",0.437,0.737,""-8.928947368"",0.069,0.063,0.152,0.086,15.8,""37.9"",11.074220068497771,-7.496239674137848,27.68377239374617,0.5555555555555556,35.01587114253061,32.3951404796883"
"37,689017,""Knack, Landon"",90,41.1,0.556,1.111,0.667,1.667,0.899,0.554,0.338,5,9,98.2,18,2517,88.2,87.79,6,18,19,-0.4000000000000057,5.89,114,152,125,148,300,318,285,""-4.363"",""4.363"",""69.6"",""7.0"",""1.52623879"",10,6,1,1,0,3,3,30,1,10,""2.29"",""0.65"",""0.04"",""0.04"",""93.1"",213,83.33333333333334,50,30,6,-1.07,-0.01,2.76,0.6,3,""11.791891892"",0.404,0.953,""-11.791891892"",0.218,0.19599999999999995,0.714,0.345,33.3,""57.3"",10.336642196892114,2.67947939722729,29.956238482463487,0.7222222222222222,35.7635109171846,28.377310103539944"
"37,665645,""Castro, Kervin"",94,39.4,0.167,0,1,0.167,0.148,0.017,0.019,1,6,100.5,-26,2352,92.3,93.08,8,20,17,0.7999999999999972,6.68,102,149,127,150,300,326,289,""1.106"",""-1.106"",""73.0"",""7.1"",""0.434882459"",6,1,1,0,0,0,5,83.3,0,0,""1.6"",""1.09"",""0.2"",""0.2"",""89.2"",199,100,0,0,5.83,-0.94,0.09,2.98,0.167,0,""-2.989189189"",0.019,0.022,""2.989189189"",0.148,0.14800000000000002,0.145,0.131,40,""62.8"",3.8266471536862254,6.641276078508904,28.922319061070677,0.5,37.35734823558204,25.70849134229274"
"37,681751,""Estrada, Lazaro"",204,18.1,0.364,0.273,0.375,0.636,0.451,0.299,0.231,4,11,85.9,7.7,2364,85.4,85.58,6,19,18,0.19999999999998863,6.35,104,148,114,145,293,320,284,""-0.663"",""0.663"",""69.6"",""7.6"",""2.853945606"",13,9,3,0,0,1,2,15.4,2,15.4,""2.79"",""0.36"",""-0.27"",""-0.27"",""93.2"",152,44.44444444444444,11.11111111111111,7.6923076923076925,5.63,-0.64,0.46,1.86,0.462,1,""1.791891892"",0.349,0.388,""-1.791891892"",0.133,0.11300000000000004,0.248,0.152,31.6,""53.8"",7.410335807440367,-12.11144745621192,29.462981529503992,0.3157894736842105,39.28334511922659,32.80838551298567"
"36,669145,""Zimmermann, Bruce"",72,50,0.143,0.143,0.167,0.286,0.245,0.247,0.153,1,7,88.4,30.8,2152,85.4,85.24,2,10,26,-0.20000000000000284,6.09,104,151,111,145,310,319,296,""0.455"",""-0.455"",""71.8"",""7.3"",""0.913376598"",8,6,0,1,0,0,1,12.5,1,12.5,""2.78"",""0.35"",""0.49"",""-0.49"",""93.4"",187,33.33333333333333,0,0,5.94,1.47,0.24,2.56,0.25,0,""-1.263888889"",0.259,0.288,""1.263888889"",-0.01,-0.009000000000000008,-0.002,-0.002,20,""42.5"",9.98804488474162,-1.3192133085565998,27.557806189394405,0.3,37.61670330393361,31.745805704150456"
"35,668964,""Myers, Tobias"",714,4.9,0.273,0.091,0.273,0.364,0.276,0.469,0.449,3,11,94.6,23.9,2222,86.3,86.74,1,20,15,0.4000000000000057,6.58,112,153,123,149,305,318,295,""0.229"",""-0.229"",""72.6"",""7.3"",""14.541245484"",11,11,2,1,0,0,0,0,0,0,""2.36"",""0.73"",""-0.25"",""-0.25"",""92.4"",199,54.54545454545454,0,0,5.87,-0.71,0.64,2.29,0.273,0,""-0.654285714"",0.449,0.642,""0.654285714"",-0.176,-0.176,-0.278,-0.193,5,""63.2"",10.502549393978,-2.832578939670822,28.54053077611745,0.55,39.16485176917784,30.594248561300716"
"35,695549,""Jobe, Jackson"",71,49.3,0.143,0,0.2,0.143,0.127,0.183,0.195,1,7,72.1,-10.5,2515,93.3,93.16,4,19,16,-0.09999999999999432,6.09,110,153,124,146,304,323,290,""1.142"",""-1.142"",""70.3"",""7.4"",""3.082916776"",7,5,1,0,0,0,2,28.6,0,0,""2.1"",""0.54"",""0.37"",""0.37"",""89.4"",166,0,0,0,5.79,-1.66,0.17,2.54,0.143,0,""-3.262857143"",0.195,0.217,""3.262857143"",-0.052,-0.05200000000000002,-0.074,-0.056,21.1,""38.6"",10.392672465298121,-2.0161933949029383,25.410471364956557,0.6842105263157895,38.48172389250172,28.28050829728625"
"35,691008,""Rajcic, Max"",163,21.5,0.125,0.125,0.167,0.25,0.218,0.157,0.07,1,8,90.9,23.5,2446,89.6,90.02,5,15,20,0.4000000000000057,6.57,111,152,111,150,305,318,294,""0.825"",""-0.825"",""72.2"",""7.5"",""8.947524922"",9,6,0,1,0,0,2,22.2,1,11.1,""2.48"",""0.4"",""0.13"",""0.13"",""90.6"",206,16.666666666666664,0,0,5.74,-1.61,0.26,1.97,0.222,0,""-2.357142857"",0.173,0.145,""2.357142857"",0.055,0.049000000000000016,0.105,0.061,33.3,""41.5"",14.221359210993349,-12.587045660554807,30.7771861677921,0.5333333333333333,36.96497714580808,37.10964686881684"
"34,808970,""Go, Woo-Suk"",86,39.5,0.286,0,0.333,0.286,0.353,0.331,0.236,2,7,93.7,14,2374,90.1,90.34,5,17,17,0.20000000000000284,6.27,108,152,119,145,297,331,297,""-0.272"",""0.272"",""73.4"",""7.6"",""1.666210242"",9,6,2,0,0,0,1,11.1,2,22.2,""2.47"",""0.34"",""-0.04"",""-0.04"",""91.3"",181,33.33333333333333,0,0,5.27,-1.4,0.29,2.54,0.444,0,""0.8"",0.406,0.283,""-0.8"",0.05,0.03799999999999998,0.003,0.022,29.4,""40.9"",10.650616831343626,-3.1538014716660614,30.63994437197453,0.6470588235294118,39.47440938455545,32.497979664815475"
"34,681252,""Anderson, Jack"",182,18.7,0.222,0.111,0.4,0.333,0.239,0.181,0.179,2,9,84,10,2134,85.7,86.06,11,19,15,0.3999999999999915,6.42,107,151,117,146,296,317,294,""0.813"",""-0.813"",""69.0"",""7.7"",""3.395109417"",9,5,1,1,0,0,4,44.4,0,0,""2.58"",""0.53"",""-0.45"",""-0.45"",""90.2"",160,20,0,0,6.22,0.09,0.51,1.95,0.222,0,""-2.391176471"",0.179,0.243,""2.391176471"",0.043,0.04300000000000001,0.09,0.058,57.9,""61.4"",13.353144436784985,-7.718891809739064,32.399768992891204,0.7368421052631579,41.65428676221052,36.180810618748865"
"34,543309,""Higashioka, Kyle"",51,66.7,0.714,0.714,0.571,1.429,0.777,0.728,0.643,5,7,97.3,16.6,1221,44.2,42.1,1,11,23,-2.1000000000000014,3.97,114,153,122,147,308,327,302,""-3.953"",""3.953"",""77.2"",""7.1"",""0.507765876"",10,8,2,2,0,1,0,0,1,10,""11.05"",""1.67"",""0.09"",""0.09"",""96.6"",199,62.5,25,20,7.15,-1.92,0.18,2.96,0.7,2,""11.626470588"",0.653,1.329,""-11.626470588"",0.071,0.04699999999999993,0.1,0.049,9.1,""60.9"",15.413990747166167,-6.9948711217671224,26.456126530888852,0.7272727272727273,32.91873206492479,37.39231187789938"
"34,663765,""Woodford, Jake"",457,7.4,0.429,0,0.429,0.429,0.334,0.384,0.356,3,7,93.9,0.1,2231,88.8,89.42,1,11,23,0.6000000000000085,6.61,108,150,120,147,302,322,290,""0.244"",""-0.244"",""68.4"",""7.0"",""2.469842304"",8,7,3,0,0,0,1,12.5,0,0,""2.55"",""0.37"",""0.15"",""0.15"",""95.2"",193,71.42857142857143,14.285714285714285,12.5,4.95,-2.17,0.03,2.22,0.375,1,""-0.717647059"",0.39,0.408,""0.717647059"",0.073,-0.015000000000000013,0.021,-0.05,9.1,""24.4"",4.792522223941847,3.5781013469058163,33.91488919362599,0.36363636363636365,33.16727774398942,30.254967127827502"
"33,689818,""Sandlin, David"",409,8.1,0.286,0,0.667,0.286,0.356,0.316,0.22,2,7,86.7,-2.7,2345,92,92.83,7,15,18,0.7999999999999972,6.68,101,152,118,144,296,326,293,""-0.398"",""0.398"",""71.4"",""7.9"",""4.420110847"",9,3,2,0,0,0,4,44.4,1,11.1,""2.01"",""0.7"",""-0.15"",""-0.15"",""91.3"",153,33.33333333333333,0,0,5.77,-2.46,0.47,2.56,0.444,0,""1.206060606"",0.393,0.246,""-1.206060606"",0.066,0.05099999999999999,0.04,0.04,46.7,""40.8"",15.082545722506097,-7.670810919945225,31.549391945211525,0.3333333333333333,39.64187124144857,34.345537337692114"
"33,674003,""Bradford, Cody"",70,47.1,0.143,0.143,0.25,0.286,0.245,0.208,0.102,1,7,91.3,39.5,1849,84.4,85.56,7,17,16,1.1999999999999886,7.1,104,154,119,146,304,327,298,""0.705"",""-0.705"",""72.5"",""7.0"",""0.894311553"",8,4,0,1,0,0,3,37.5,1,12.5,""2.29"",""0.95"",""0.72"",""-0.72"",""90.7"",189,50,25,12.5,6.17,0.89,0.14,2.28,0.25,1,""-2.136363636"",0.214,0.229,""2.136363636"",0.041,0.036000000000000004,0.057,0.037,41.2,""51.5"",8.704864791693996,-2.1015498145576736,29.861303618756523,0.6470588235294118,39.125498124753776,27.809491702323555"
"33,681006,""Simpson, Josh"",120,27.5,0.429,0,0.75,0.429,0.381,0.17,0.177,3,7,92.6,31,2366,83.1,82.41,4,16,17,-0.6999999999999886,5.69,105,151,115,147,294,324,288,""-0.258"",""0.258"",""70.8"",""7.8"",""2.19839757"",7,4,3,0,0,0,3,42.9,0,0,""3.69"",""-0.36"",""-0.33"",""0.33"",""91.7"",100,50,0,0,5.11,1.18,0.26,1.97,0.429,0,""0.781818182"",0.177,0.217,""-0.781818182"",0.252,0.252,0.212,0.211,25,""24.2"",14.523883009385047,-13.984299672860782,29.630591217667963,0.3125,35.45826387444393,36.9556187310539"
"32,702352,""Bivens, Spencer"",45,71.1,0.167,0,0.25,0.167,0.227,0.254,0.177,1,6,93,17.8,1997,91.3,91.93,2,13,19,0.6000000000000085,6.59,107,150,127,146,297,313,289,""0.603"",""-0.603"",""69.7"",""7.5"",""4.010773776"",7,4,1,0,0,0,2,28.6,1,14.3,""2.34"",""0.42"",""0.4"",""0.4"",""91.1"",192,25,0,0,5.93,-2.36,0.4,1.9,0.286,0,""-1.884375"",0.294,0.237,""1.884375"",-0.01,-0.008000000000000007,-0.07,-0.027,15.4,""31.1"",11.41487109043774,2.186662567834413,28.533801707936135,0.46153846153846156,39.83392162673212,27.943708009417694"
"32,685112,""McCambley, Zach"",161,19.9,0.375,0.125,0.429,0.5,0.38,0.319,0.257,3,8,91.4,6.6,2664,88,88.1,5,16,16,0.09999999999999432,6.14,103,150,113,149,301,315,283,""-0.671"",""0.671"",""67.9"",""7.5"",""5.269581602"",8,7,2,1,0,0,1,12.5,0,0,""2.81"",""0.13"",""-0.59"",""-0.59"",""93.3"",172,57.14285714285714,14.285714285714285,12.5,5.73,-1.21,0.3,1.82,0.375,1,""2.096875"",0.257,0.498,""-2.096875"",0.118,0.118,0.002,0.061,31.3,""31.3"",11.161253973406216,-1.4363916027688246,35.160879276070276,0.4375,41.014608472921644,29.66886914046001"
"32,696146,""Smith, Hagen"",48,66.7,0,0,0,0,0.349,0.431,0.177,0,3,89.4,9,2439,91,92.3,6,13,19,1.2999999999999972,7.02,105,152,114,146,296,325,289,""-0.344"",""0.344"",""67.1"",""7.6"",""4.631639456"",6,1,0,0,0,0,2,33.3,3,50,""2.01"",""0.76"",""0.38"",""-0.38"",""90.0"",149,0,0,0,5.4,3.47,0.37,2.02,0.5,0,""1.075"",0.589,0.195,""-1.075"",-0.177,-0.08899999999999997,-0.195,-0.082,46.2,,10.622099886275183,-4.470772259623686,28.0379804702312,0.5384615384615384,34.42023627480872,30.59556597720472"
"32,642048,""Saucedo, Tayler"",96,33.3,0.286,0.429,0.2,0.714,0.419,0.428,0.325,2,7,87.3,17.7,2338,90.6,90.9,5,17,15,0.30000000000001137,6.6,107,151,117,148,310,328,299,""-0.253"",""0.253"",""70.0"",""7.1"",""3.614813935"",7,6,1,0,0,1,1,14.3,0,0,""2.05"",""0.75"",""0.84"",""-0.84"",""93.6"",210,50,33.33333333333333,28.57142857142857,5.37,2.13,0.02,2.13,0.286,2,""0.790625"",0.325,0.691,""-0.790625"",-0.039,-0.039000000000000035,0.023,-0.009,29.4,""23.3"",10.550239982960031,1.4067290615210317,30.99903568234055,0.75,37.91520255237201,31.936013856367193"
"31,681810,""Warren, Austin"",652,4.8,0.5,0.167,0.6,0.667,0.562,0.382,0.215,3,6,79,11.8,2460,89.5,89.67,2,12,19,0.20000000000000284,6.44,100,148,115,147,311,322,291,""-1.089"",""1.089"",""61.2"",""6.6"",""5.766751926"",8,5,2,1,0,0,1,12.5,0,0,""2.66"",""0.22"",""0.12"",""0.12"",""92.4"",143,40,20,12.5,4.86,-2.37,0.4,2.47,0.625,1,""3.512903226"",0.412,0.415,""-3.512903226"",0.285,0.21300000000000002,0.252,0.18,16.7,""24.6"",-3.6617823172326776,-17.067624204167217,33.61850554483335,0.2727272727272727,37.011570758204854,28.37399824447913"
"31,656786,""Mushinski, Parker"",62,50,0.5,0,0.5,0.5,0.508,0.456,0.386,3,6,93.1,3.5,2416,89,89.69,1,9,22,0.7000000000000028,6.38,106,152,115,146,308,325,295,""-1.498"",""1.498"",""63.8"",""6.3"",,8,6,3,0,0,0,0,0,2,25,""2.26"",""0.59"",""0.2"",""-0.2"",""92.1"",179,33.33333333333333,0,0,5.55,1.57,0.04,1.89,0.625,0,""4.832258065"",0.54,0.491,""-4.832258065"",0.114,0.08499999999999996,0.009,0.052,11.1,""39.4"",2.0312134896624237,7.0146422006761435,27.255970389418984,0.5,36.27310236020162,28.81952015249814"
"31,691946,""Klassen, George"",228,13.6,0.167,0.167,0.25,0.333,0.28,0.175,0.096,1,6,82.4,-17,2182,92.6,92.23,4,15,16,-0.3999999999999915,6.3,101,151,109,147,310,324,297,""0.447"",""-0.447"",""71.2"",""7.0"",""1.234832685"",7,4,0,1,0,0,2,28.6,1,14.3,""2.01"",""0.68"",""0.54"",""0.54"",""91.8"",114,0,0,0,5.85,-2.4,0.2,1.94,0.286,0,""-1.441935484"",0.225,0.103,""1.441935484"",0.071,0.06099999999999997,0.23,0.105,26.7,""45.5"",5.5019373714314845,-2.3497973094699276,28.67023149821013,0.4666666666666667,38.29123671532489,31.310273323089298"
"30,670090,""Mills, Wyatt"",151,19.9,0.5,0,0.667,0.5,0.534,0.504,0.412,2,4,90.4,-7,2108,86.4,87.82,2,13,17,1.3999999999999915,7.11,98,150,117,145,305,313,290,""-1.076"",""1.076"",""67.8"",""6.6"",""0.253053228"",6,3,2,0,0,0,1,16.7,1,16.7,""2.67"",""0.39"",""0.28"",""0.28"",""90.9"",164,33.33333333333333,0,0,3.09,-4.06,0.32,2.58,0.667,0,""3.586666667"",0.608,0.512,""-3.586666667"",0.088,0.05900000000000005,-0.012,0.03,15.4,""-11.0"",2.239792261289285,7.059531935748374,31.774791307720143,0.46153846153846156,37.90968301399798,25.56450146818382"
"30,687606,""Schultz, Paxton"",612,4.9,0.5,0.333,0.5,0.833,0.587,0.52,0.514,3,6,88.7,6.3,2232,89.8,89.78,3,14,16,0,6.02,107,152,120,147,310,331,306,""-1.803"",""1.803"",""69.5"",""7.2"",""2.324546109"",7,6,1,2,0,0,0,0,1,14.3,""1.97"",""0.84"",""-0.09"",""-0.09"",""92.7"",161,50,0,0,5.91,-2.47,0.49,2.71,0.571,0,""6.01"",0.584,0.612,""-6.01"",-0.014,-0.013000000000000012,0.221,0.067,21.4,""33.1"",10.719724870611309,5.983147241617425,25.95170354952003,0.6428571428571429,39.939199956483485,25.564638039206674"
"30,694363,""Shuster, Jared"",172,17.4,0.571,0.429,0.6,1,0.676,0.515,0.373,4,7,98.9,16,2073,87.3,88.15,3,11,19,0.9000000000000057,6.66,110,151,108,145,299,312,291,""-2.123"",""2.123"",""74.4"",""7.1"",""1.144458708"",8,6,3,0,0,1,1,12.5,1,12.5,""2.44"",""0.54"",""0.55"",""-0.55"",""98.3"",210,83.33333333333334,16.666666666666664,12.5,5.61,1.35,0.05,1.96,0.625,1,""7.076666667"",0.452,0.792,""-7.076666667"",0.198,0.173,0.208,0.161,27.3,""40.5"",4.739158357950759,4.9289902892939175,31.3117940755572,0.5454545454545454,36.27981041208641,27.951892741475383"
"30,621242,""Díaz, Edwin"",234,12.8,0.5,0.75,0.5,1.25,0.734,0.494,0.374,4,8,103,17.2,2295,93.2,94.7,3,13,17,1.5,7.1,101,142,114,138,294,309,286,""-2.758"",""2.758"",""72.5"",""7.3"",""4.298166932"",8,6,2,0,0,2,2,25,0,0,""1.95"",""0.68"",""0.45"",""0.45"",""97.0"",221,100,33.33333333333333,25,4.7,-2.08,0.28,2.51,0.5,2,""9.193333333"",0.374,0.799,""-9.193333333"",0.126,0.126,0.451,0.24,23.1,""14.6"",10.181820809528169,-3.8669266150839867,31.784446601209236,0.46153846153846156,38.07157535657025,31.334045749050297"
"29,607481,""Bummer, Aaron"",329,8.8,0.5,0,0.5,0.5,0.481,0.389,0.366,3,6,74.3,6,2181,85.3,85.85,0,14,15,0.5,6.43,98,145,113,141,300,324,284,""-0.703"",""0.703"",""68.3"",""6.8"",,7,6,3,0,0,0,0,0,1,14.3,""3.17"",""-0.03"",""-0.09"",""0.09"",""89.4"",151,0,0,0,5.29,2.1,0.01,2.4,0.571,0,""2.424137931"",0.456,0.41,""-2.424137931"",0.134,0.11499999999999994,0.09,0.092,0,""17.4"",-0.8892287452868513,5.399961376549561,38.442360842442724,0.3076923076923077,32.42668703388239,25.190871688847814"
"29,678906,""Teng, Kai-Wei"",1162,2.5,0.333,0.167,0.5,0.5,0.407,0.411,0.284,2,6,92.2,37.5,2582,86.6,86.44,5,11,18,-0.19999999999998863,6.27,105,151,119,148,296,325,283,""-0.525"",""0.525"",""70.6"",""6.9"",""1.53952182"",7,4,1,1,0,0,2,28.6,1,14.3,""2.75"",""0.32"",""-0.49"",""-0.49"",""93.4"",266,25,25,14.285714285714285,5.59,-2.35,0.21,2.55,0.429,1,""1.810344828"",0.386,0.575,""-1.810344828"",0.049,0.04299999999999998,-0.075,-0.004,45.5,""23.9"",9.686571712370807,4.60732869249752,28.64375082744927,0.7272727272727273,37.92769330844873,27.035619568164122"
"28,657424,""Gage, Matt"",527,5.3,0.6,0.2,0.75,0.8,0.608,0.313,0.309,3,5,86.5,21.3,2117,90.7,91.05,7,18,10,0.29999999999999716,6.21,104,151,118,145,313,336,300,""-1.082"",""1.082"",""70.2"",""6.7"",""2.323824144"",5,4,2,1,0,0,1,20,0,0,""1.91"",""0.84"",""0.38"",""-0.38"",""92.3"",196,25,25,20,6.41,1.06,-0.17,3.41,0.6,1,""3.864285714"",0.309,0.42,""-3.864285714"",0.291,0.291,0.38,0.295,38.9,""51.1"",8.684298335867965,3.5777677198086506,26.643205544951776,0.5555555555555556,32.60765773331822,26.249922862041544"
"27,621383,""Banks, Tanner"",555,4.9,0.667,1.833,0.5,2.5,1.289,0.484,0.372,4,6,91,16.8,2175,86.5,85.71,2,13,14,-0.7999999999999972,5.62,114,154,117,145,306,328,293,""-5.708"",""5.708"",""70.2"",""6.9"",""6.614222808"",6,5,0,0,1,3,1,16.7,0,0,""2.57"",""0.48"",""-0.25"",""0.25"",""91.5"",218,40,40,33.33333333333333,6.27,2.71,0.05,2.43,0.667,2,""21.140740741"",0.372,0.779,""-21.140740741"",0.295,0.29500000000000004,1.721,0.805,15.4,""48.2"",5.501799429537085,7.066974264599924,32.1705549404724,0.15384615384615385,37.29697988382751,26.143570747153394"
"27,694795,""Ekness, Josh"",152,17.8,0.125,0,0.143,0.125,0.111,0.255,0.273,1,8,76.8,19,2570,93,93.61,3,13,14,0.5999999999999943,6.73,113,152,120,147,310,325,295,""0.585"",""-0.585"",""65.5"",""6.8"",""2.542156662"",8,7,1,0,0,0,1,12.5,0,0,""1.94"",""0.74"",""-0.1"",""-0.1"",""89.6"",193,14.285714285714285,0,0,5.16,-3.36,0.32,2.26,0.125,0,""-2.166666667"",0.273,0.307,""2.166666667"",-0.148,-0.14800000000000002,-0.182,-0.144,23.1,""24.8"",2.711650676567519,8.584589720715636,32.760965059612914,0.3076923076923077,35.31790864675747,25.940627186888072"
"26,642546,""Hernández, Jonathan"",380,6.8,0.125,0,0.125,0.125,0.111,0.2,0.201,1,8,87.4,2.3,2364,93.9,94.12,1,13,13,0.19999999999998863,6.46,117,154,123,149,305,317,292,""1.392"",""-1.392"",""71.4"",""7.5"",""1.695616632"",8,8,1,0,0,0,0,0,0,0,""2.22"",""0.39"",""0.7"",""0.7"",""95.5"",99,62.5,0,0,5.52,-2.23,-0.06,2.04,0.125,0,""-5.353846154"",0.201,0.259,""5.353846154"",-0.076,-0.07600000000000001,-0.134,-0.089,7.7,""29.2"",10.744242183454897,-7.154176114816792,34.35291287043813,0.6153846153846154,36.30418897526558,33.59051406046224"
"26,623381,""Pannone, Thomas"",56,46.4,0.667,1,0.5,1.667,0.866,0.738,0.58,2,3,96.2,23,2321,86.1,86.53,0,14,12,0.4000000000000057,6.33,116,151,121,148,294,321,295,""-1.798"",""1.798"",""66.8"",""7.0"",,5,3,1,0,0,1,0,0,2,40,""2.4"",""0.68"",""0.32"",""-0.32"",""91.3"",188,66.66666666666666,33.33333333333333,20,5.41,1.79,-0.26,2.37,0.8,1,""6.915384615"",0.748,1.238,""-6.915384615"",0.087,0.052000000000000046,0.429,0.128,0,""30.1"",14.977471506739434,11.990198337997827,33.2508361914791,0.5714285714285714,34.79792343849664,31.88449537743148"
"26,669371,""Henry, Cole"",282,9.2,0.333,0.5,0.25,0.833,0.489,0.347,0.31,2,6,83.4,26.4,2435,90.1,90.9,1,12,14,0.8000000000000114,6.63,101,151,118,146,308,331,302,""-0.606"",""0.606"",""72.8"",""7.3"",,6,5,1,0,0,1,1,16.7,0,0,""2.38"",""0.44"",""0.43"",""0.43"",""91.9"",169,40,20,16.666666666666664,5.3,-2.29,0.61,1.95,0.333,1,""2.330769231"",0.31,0.502,""-2.330769231"",0.023,0.02300000000000002,0.331,0.142,8.3,""21.8"",10.271268986765964,-2.2625331907088175,32.99576917296885,0.4166666666666667,34.02407268547771,31.000628909905462"
"26,596001,""Junis, Jakob"",588,4.4,0.222,0,0.286,0.222,0.198,0.155,0.146,2,9,94.9,26.7,2296,85.8,85.25,3,17,9,-0.5999999999999943,5.96,105,152,113,146,305,332,303,""1.044"",""-1.044"",""70.8"",""7.4"",""2.032224556"",9,7,2,0,0,0,2,22.2,0,0,""2.97"",""0.16"",""-0.48"",""-0.48"",""94.9"",213,57.14285714285714,0,0,5.59,-2.02,0.16,2.26,0.222,0,""-4.015384615"",0.146,0.211,""4.015384615"",0.076,0.07600000000000001,0.011,0.043,17.6,""29.5"",8.518626094285029,4.432158133777861,29.691540445889885,0.3125,38.337084159329876,28.8863267535369"
"25,641386,""Bowden, Ben"",40,62.5,0.667,0.333,0.667,1,0.715,0.704,0.62,2,3,92.6,3,2159,90.9,90.09,2,11,14,-0.8000000000000114,5.82,101,146,111,137,304,322,287,""-1.599"",""1.599"",""72.2"",""7.7"",""0.801600522"",5,3,1,1,0,0,0,0,1,20,""1.79"",""0.99"",""1.02"",""-1.02"",""92.7"",163,66.66666666666666,33.33333333333333,20,5.78,1.8,0.11,2.56,0.8,1,""6.396"",0.772,1.013,""-6.396"",0.047,0.028000000000000025,-0.013,0.011,18.2,""31.2"",13.776173601941672,-10.843007078188327,35.583563159454755,0.5454545454545454,34.91845413442407,32.74414831363295"
"25,642376,""Yan, Jefry"",37,67.6,0.6,0,0.6,0.6,0.481,0.355,0.341,3,5,91.8,4.2,2507,94.7,94.45,4,14,11,-0.29999999999999716,6.19,104,152,119,146,303,303,286,""-0.695"",""0.695"",""72.8"",""7.4"",""6.013781169"",7,5,3,0,0,0,1,14.3,1,14.3,""2.1"",""0.47"",""0.53"",""-0.53"",""91.6"",166,40,0,0,5.86,1.81,-0.27,1.61,0.571,0,""2.78"",0.405,0.366,""-2.78"",0.259,0.16599999999999993,0.234,0.126,28.6,""50.0"",5.35344374166367,-0.11111291389548228,32.87492701057719,0.35714285714285715,37.11754269942925,28.248544310695912"
"24,700363,""Smith-Shawver, AJ"",69,34.8,0.2,0.2,0.333,0.4,0.326,0.461,0.406,1,5,87.6,17,1947,93.4,93.6,1,8,16,0.19999999999998863,6.65,102,151,122,147,298,326,301,""0.168"",""-0.168"",""71.9"",""7.1"",""0.138517032"",6,3,0,1,0,0,2,33.3,1,16.7,""1.66"",""1.01"",""0.9"",""0.9"",""91.4"",213,33.33333333333333,33.33333333333333,16.666666666666664,5.83,-2.09,0.56,2.57,0.333,1,""-0.7"",0.505,0.548,""0.7"",-0.206,-0.172,-0.148,-0.135,12.5,""41.5"",5.830192171446533,1.9294055291184617,29.611638944896306,0.625,36.01462975037508,24.030785531957296"
"24,699044,""Ullola, Miguel"",77,31.2,0.2,0.6,0,0.8,0.457,0.506,0.308,1,5,91.6,42.5,2489,93,94.41,2,9,15,1.5,7.07,100,151,120,146,298,324,283,""-1.642"",""1.642"",""74.6"",""7.6"",""1.010803608"",6,4,0,0,0,1,1,16.7,1,16.7,""1.38"",""1.27"",""0.23"",""0.23"",""93.0"",231,50,25,16.666666666666664,5.66,-1.72,0.16,2.69,0.333,1,""6.841666667"",0.423,0.824,""-6.841666667"",-0.108,-0.08999999999999997,-0.024,-0.049,22.2,""46.4"",11.425216895796517,-2.0479730332776036,26.64958280276112,0.5555555555555556,36.48837866747882,32.30673768608041"
"24,696136,""Wicks, Jordan"",180,13.3,0.333,0.222,0.429,0.556,0.375,0.253,0.236,3,9,89.4,-0.3,1985,87,87.36,3,12,12,0.4000000000000057,6.34,116,153,120,150,301,325,299,""-0.401"",""0.401"",""66.2"",""7.1"",""1.357882332"",9,7,2,0,1,0,2,22.2,0,0,""2.45"",""0.57"",""0.46"",""-0.46"",""91.9"",130,28.57142857142857,14.285714285714285,11.11111111111111,5.9,2.46,0.42,2,0.333,1,""1.670833333"",0.236,0.351,""-1.670833333"",0.097,0.09700000000000003,0.205,0.122,25,""52.2"",3.9501516521870887,14.296587848802071,35.70901905234104,0.5,36.68757806616361,21.24327774450095"
"24,684665,""Murphy, Luke"",60,40,0,0,0,0,0.233,0.332,0.16,0,4,93.2,24.5,2265,92.9,92.74,2,8,16,-0.20000000000000284,6.47,107,152,120,148,315,330,300,""0.329"",""-0.329"",""70.4"",""6.8"",""0.28499988"",6,2,0,0,0,0,2,33.3,2,33.3,""1.74"",""0.95"",""0.49"",""0.49"",""90.1"",218,50,0,0,5.95,-1.76,0.41,2.73,0.333,0,""-1.370833333"",0.44,0.181,""1.370833333"",-0.16,-0.10699999999999998,-0.181,-0.099,25,""45.3"",4.254604719655305,10.388504400562358,29.365955834353954,0.5,38.42335105568184,24.651043644748874"
"23,605540,""Woodruff, Brandon"",643,3.6,0.25,0,0.5,0.25,0.222,0.226,0.237,1,4,88.5,-2.5,2187,87,87.23,4,14,9,0.20000000000000284,6.51,105,153,129,150,315,332,306,""0.434"",""-0.434"",""72.3"",""7.7"",""3.129545964"",4,2,1,0,0,0,2,50,0,0,""2.16"",""0.9"",""0.65"",""0.65"",""91.9"",155,50,0,0,5.88,-1.54,-0.25,2,0.25,0,""-1.886956522"",0.237,0.289,""1.886956522"",0.013,0.013000000000000012,-0.039,-0.004,28.6,""40.2"",16.523979277184868,-15.522778608082014,35.437844256451875,0.2857142857142857,33.955498664257604,41.209684221098975"
"23,622761,""Mateo, Jorge"",41,56.1,0.4,0,0.5,0.4,0.413,0.42,0.39,2,5,84,21,1534,61.9,59.1,0,10,13,-2.799999999999997,3.61,112,151,126,148,310,322,293,""-0.415"",""0.415"",""71.5"",""6.9"",,6,4,2,0,0,0,1,16.7,1,16.7,""5.22"",""1.3"",""0.73"",""0.73"",""90.4"",172,0,0,0,6.64,-1.7,-0.21,2.5,0.5,0,""1.804347826"",0.492,0.438,""-1.804347826"",0.01,0.008000000000000007,-0.038,-0.007,0,""34.7"",10.019042389607177,2.3212616252401777,34.45905384695205,0.5,30.706628160281372,27.798285176819718"
"22,682825,""Mey, Luis"",234,9.4,0.25,0,0.5,0.25,0.222,0.181,0.201,1,4,80.8,-13,2411,90.6,91.39,5,12,10,0.8000000000000114,6.62,114,154,116,150,304,318,284,""0.331"",""-0.331"",""63.6"",""6.8"",""6.763483606"",4,2,1,0,0,0,2,50,0,0,""2.58"",""0.23"",""-0.24"",""-0.24"",""89.1"",77,0,0,0,5.66,-2.08,0.6,1.86,0.25,0,""-1.504545455"",0.201,0.223,""1.504545455"",0.049,0.04899999999999999,0.027,0.041,41.7,""30.3"",11.313847870446399,8.87572657513709,34.52188110553223,0.5,39.641655222514146,29.87203766067681"
"22,675916,""Karinchak, James"",162,13.6,0,0,0,0,0.233,0.429,0.317,0,4,92.1,35.3,2373,92.1,91.31,2,11,11,-0.7999999999999972,5.7,108,150,121,149,309,320,293,""0.3"",""-0.3"",""73.1"",""7.5"",""0.749730804"",6,4,0,0,0,0,0,0,2,33.3,""1.61"",""1.09"",""0.44"",""0.44"",""91.3"",156,50,0,0,6.45,0.08,0.16,2.72,0.333,0,""-1.363636364"",0.544,0.356,""1.363636364"",-0.317,-0.21100000000000002,-0.356,-0.196,18.2,""57.5"",7.587696078660696,0.554599915111111,35.339615130182196,0.7272727272727273,37.29561992444918,28.583775526021277"
"22,681320,""Lavender, Nate"",34,64.7,0,0,0,0,0.14,0.158,0.021,0,4,85.4,14.7,2219,89.6,91.23,5,12,10,1.6000000000000085,7.23,109,154,128,147,297,324,290,""0.684"",""-0.684"",""68.5"",""7.0"",""2.198781193"",5,3,0,0,0,0,1,20,1,20,""1.75"",""1.11"",""0.53"",""-0.53"",""90.9"",217,0,0,0,5.4,1.58,0.32,2.88,0.2,0,""-3.109090909"",0.217,0.03,""3.109090909"",-0.021,-0.016999999999999987,-0.03,-0.018,41.7,""40.4"",5.729991000064435,5.5041522231630715,29.829864867719664,0.3333333333333333,39.57761682923592,25.82289562097753"
"22,674073,""Weisenburger, Jack"",29,75.9,0,0,0,0,0,0.203,0.194,0,5,97.6,8,2339,89.3,90.6,3,12,10,1.2999999999999972,6.95,111,154,130,148,306,325,292,""1.305"",""-1.305"",""69.1"",""7.6"",""4.528739752"",5,3,0,0,0,0,2,40,0,0,""2.19"",""0.69"",""-0.01"",""-0.01"",""91.6"",114,66.66666666666666,0,0,5.67,-2.77,0.43,2.48,0,0,""-5.931818182"",0.194,0.276,""5.931818182"",-0.194,-0.194,-0.276,-0.203,25,,14.03294510864658,-3.380909444323776,34.774458187408406,0.25,38.16043168394563,31.278255134184413"
"22,642152,""Trivino III, Lou"",144,15.3,0,0,0,0,0.146,0.173,0.039,0,3,70.8,3,2184,88.3,88.81,2,11,11,0.5,6.36,114,152,119,145,297,329,296,""0.654"",""-0.654"",""69.6"",""7.3"",""13.88946132"",5,2,0,0,0,0,2,40,0,0,""2.63"",""0.31"",""0.05"",""0.05"",""88.2"",191,0,0,0,6.13,-1.41,0.22,2.42,0.2,0,""-2.972727273"",0.227,0.039,""2.972727273"",-0.039,-0.026999999999999996,-0.039,-0.027,18.2,""38.0"",8.36386929971916,3.2712727645220516,33.76399634986348,0.36363636363636365,42.51313206926797,25.86885219684558"
"22,681347,""Burrows, Mike"",1570,1.4,0.444,0.444,0.375,0.889,0.565,0.445,0.359,4,9,94.8,8.2,2174,93.1,93.6,0,10,12,0.5,6.31,111,150,110,147,312,322,291,""-2.272"",""2.272"",""71.7"",""7.3"",,9,9,2,1,0,1,0,0,0,0,""1.63"",""0.98"",""0.77"",""0.77"",""97.5"",218,66.66666666666666,11.11111111111111,11.11111111111111,6.04,-2.14,-0.17,2.27,0.444,1,""10.327272727"",0.359,0.706,""-10.327272727"",0.085,0.08500000000000002,0.183,0.12,0,""41.2"",9.1928572250149,-1.007270583336929,33.495263185305596,0.8,35.85848158442537,28.72095590765123"
"22,687849,""Kent, Zak"",260,8.5,0.667,0.5,0.8,1.167,0.778,0.557,0.401,4,6,94.7,13.6,2719,90.8,91,2,11,11,0.20000000000000284,6.18,101,151,123,149,308,328,304,""-2.28"",""2.28"",""68.2"",""6.9"",""0.957708864"",6,5,1,3,0,0,1,16.7,0,0,""2.44"",""0.32"",""-0.19"",""-0.19"",""94.2"",248,60,40,33.33333333333333,6.34,-1.19,0.36,2.61,0.667,2,""10.363636364"",0.401,0.935,""-10.363636364"",0.266,0.266,0.232,0.221,18.2,""51.8"",4.418558444517646,14.535261555406807,34.08237833068897,0.45454545454545453,39.157988443471716,22.057415140007652"
"21,676910,""Seelinger, Matt"",52,40.4,0.714,0.857,0.8,1.571,0.927,0.375,0.26,5,7,90.2,11.2,2337,88.8,89.08,3,13,8,0.29999999999999716,6.51,106,152,125,146,300,324,295,""-3.9"",""3.9"",""67.9"",""7.0"",""3.963395736"",8,6,1,3,0,1,1,12.5,1,12.5,""1.9"",""1.02"",""0.01"",""0.01"",""92.2"",201,50,16.666666666666664,12.5,5.68,-0.54,0.12,2.62,0.75,1,""18.571428571"",0.352,0.53,""-18.571428571"",0.454,0.398,1.041,0.552,23.1,""62.6"",4.432381076807905,0.9334925719106373,29.949190687827134,0.46153846153846156,37.82307151684331,25.326010458422413"
"21,660710,""Durán, Rodolfo"",45,46.7,0.5,0.5,0.429,1,0.643,0.248,0.194,4,8,87.2,26.8,1571,63.2,61.2,1,10,11,-2,4.47,122,152,123,149,308,332,304,""-1.771"",""1.771"",""69.0"",""7.0"",""3.196642392"",9,8,2,1,0,1,0,0,1,11.1,""5.59"",""1.22"",""0.75"",""0.75"",""89.5"",221,0,0,0,5.43,-1.97,0.02,2.26,0.556,0,""8.433333333"",0.283,0.246,""-8.433333333"",0.306,0.2730000000000001,0.754,0.395,10,""21.8"",14.255608366163557,-3.3959681671066986,32.70532293530623,0.7,34.89528486935711,33.89925333317469"
"21,676620,""Weiman, Blake"",32,65.6,0.333,0,0.4,0.333,0.296,0.239,0.254,2,6,82,3.4,2504,82.9,82.73,3,10,11,-0.20000000000000284,6.37,106,150,119,148,301,324,300,""0.265"",""-0.265"",""67.6"",""7.5"",""1.406615436"",6,5,2,0,0,0,1,16.7,0,0,""3.23"",""0.14"",""-0.61"",""0.61"",""89.4"",169,0,0,0,5.46,2.69,0.26,1.94,0.333,0,""-1.261904762"",0.254,0.292,""1.261904762"",0.079,0.07900000000000001,0.041,0.057,30,""31.9"",7.9691607883915605,-2.3851335641027394,28.423493346408826,0.4,37.25978594959582,33.830115380940214"
"21,676571,""Poulin, PJ"",639,3.3,0.2,0,0.25,0.2,0.265,0.223,0.125,1,5,88.9,24.3,2213,84,84.43,2,6,15,0.4000000000000057,6.38,106,149,117,147,311,329,307,""0.187"",""-0.187"",""71.8"",""7.8"",""1.63521785"",6,4,1,0,0,0,1,16.7,1,16.7,""2.89"",""0.36"",""0.36"",""-0.36"",""90.3"",235,0,0,0,4.33,2.4,-0.05,2,0.333,0,""-0.89047619"",0.271,0.171,""0.89047619"",0.075,0.062,0.029,0.042,33.3,""12.7"",13.24977895812755,-7.680461551100586,38.31583086269453,0.5,36.07999260730329,30.324099236515522"
"20,670032,""Lopez, Nicky"",24,83.3,0.6,0,0.75,0.6,0.534,0.448,0.467,3,5,93.4,3,1347,60.2,58.19,1,7,13,-2,4.7,115,154,123,145,272,319,300,""-0.924"",""0.924"",""74.7"",""7.3"",,5,4,3,0,0,0,1,20,0,0,""5.08"",""1.36"",""0.24"",""0.24"",""92.3"",110,50,0,0,6.16,-1.57,0.76,2.64,0.6,0,""4.62"",0.467,0.55,""-4.62"",0.133,0.13299999999999995,0.05,0.086,14.3,""32.6"",14.141946216476507,3.9635070615277783,32.06595620660555,0.42857142857142855,41.30708527127163,33.96495334792437"
"20,676105,""Criswell, Jeff"",79,25.3,0.333,0.5,0.25,0.833,0.489,0.313,0.226,2,6,82.7,11.2,2377,90.2,90.42,3,12,8,0.20000000000000284,5.91,109,154,114,148,311,339,301,""-0.487"",""0.487"",""74.2"",""7.5"",""2.495196914"",6,5,1,0,0,1,1,16.7,0,0,""2.3"",""0.46"",""0.16"",""0.16"",""90.2"",142,20,20,16.666666666666664,5.58,-2.76,0.15,2.72,0.333,1,""2.435"",0.226,0.523,""-2.435"",0.107,0.10700000000000001,0.31,0.176,25,""35.0"",14.236242308523268,-7.590795434281022,30.290575840544573,0.6363636363636364,34.41595013769561,34.505689210023974"
"20,695034,""Morris, Kade"",210,9.5,0.2,0,0.2,0.2,0.265,0.361,0.306,1,5,73,12.8,2212,91.9,91.76,1,7,13,-0.10000000000000853,6.23,112,149,116,147,297,318,281,""0.164"",""-0.164"",""68.2"",""7.0"",,6,5,1,0,0,0,0,0,1,16.7,""2.17"",""0.55"",""0.73"",""0.73"",""89.6"",134,0,0,0,5.14,-2.23,0.58,1.96,0.333,0,""-0.82"",0.421,0.376,""0.82"",-0.106,-0.08799999999999997,-0.176,-0.096,14.3,""21.6"",6.982500681235599,4.116570739134602,29.788777292753387,0.6666666666666666,35.20592309994202,26.887875917182363"
"20,694753,""Curtis, Khristian"",68,29.4,0,0,0,0,0.14,0.168,0.037,0,4,94.2,21,2573,91,91.92,6,11,9,0.9000000000000057,6.78,111,153,124,148,299,318,302,""0.623"",""-0.623"",""66.6"",""7.7"",""1.354655068"",5,2,0,0,0,0,2,40,1,20,""1.96"",""0.8"",""-0.03"",""-0.03"",""90.5"",126,0,0,0,5.95,-1.65,0.27,2.52,0.2,0,""-3.115"",0.23,0.046,""3.115"",-0.037,-0.03,-0.046,-0.028,54.5,""49.7"",12.75528789905071,-7.0765891532088245,27.679966647735004,0.8181818181818182,40.16648458866527,33.11549249897128"
"20,699823,""Davis, Tyler"",403,5,0,0,0,0,0,0.164,0.149,0,5,81.4,19,2487,93.4,94.38,2,10,10,1,6.75,107,152,115,143,296,332,288,""1.664"",""-1.664"",""73.0"",""7.5"",""0.49008294"",5,4,0,0,0,0,1,20,0,0,""1.69"",""0.93"",""0.16"",""0.16"",""90.9"",157,50,0,0,5.91,-1.52,0.18,1.91,0,0,""-8.32"",0.149,0.226,""8.32"",-0.149,-0.149,-0.226,-0.164,20,""45.6"",9.180884586366055,1.3838375695540406,31.080842800188442,0.6,35.82921911981868,28.846462130249506"
"20,692030,""Corniell, Jose"",108,18.5,1,1,1,2,1.11,0.721,0.784,3,3,80.1,19,2111,88,89.47,1,9,11,1.5,7.07,102,143,105,136,303,328,299,""-2.954"",""2.954"",""65.6"",""6.9"",""5.218806144"",4,3,1,1,1,0,0,0,1,25,""2.51"",""0.48"",""0.22"",""0.22"",""90.3"",198,0,0,0,5.35,-1.77,-0.35,2.44,1,0,""14.77"",0.838,0.893,""-14.77"",0.216,0.16200000000000003,1.107,0.389,11.1,""32.2"",9.04529873542911,6.381685729596903,25.167866848388623,0.6666666666666666,31.792607024667735,29.692937465056783"
"19,641656,""Hamilton, Ian"",92,20.7,0.4,0,0.4,0.4,0.356,0.203,0.224,2,5,85.5,-10.2,1810,90.6,89.59,2,11,8,-1,5.6,94,138,113,135,312,323,295,""-0.696"",""0.696"",""69.5"",""7.3"",""0.1"",5,5,2,0,0,0,0,0,0,0,""2.24"",""0.55"",""0.48"",""0.48"",""94.5"",113,40,0,0,5.8,-2.44,-0.39,2.41,0.4,0,""3.663157895"",0.224,0.237,""-3.663157895"",0.176,0.17600000000000002,0.163,0.153,18.2,""37.4"",6.634364856639322,-5.321259052398567,31.74452841910702,0.6,34.21781320961274,34.12965680878629"
"18,669212,""Morgan, Eli"",339,5.3,0,0,0,0,0.174,0.248,0.108,0,3,93.5,15,2236,85.4,85.45,1,5,13,0.09999999999999432,6.21,115,154,125,148,304,322,287,""0.388"",""-0.388"",""72.1"",""7.0"",""0.47329446"",4,2,0,0,0,0,1,25,1,25,""2.59"",""0.57"",""0.48"",""0.48"",""92.4"",178,50,0,0,5.82,-0.52,-0.12,3.07,0.25,0,""-2.155555556"",0.331,0.12,""2.155555556"",-0.108,-0.08100000000000002,-0.12,-0.074,20,""50.2"",11.448782469053613,5.558172545008646,28.355960382195892,0.6,35.344725209544755,27.455476067033675"
"18,686475,""Tolbert, Tyler"",106,17,0.25,0.75,0,1,0.579,0.564,0.325,1,4,88.1,11.8,1085,43.9,41.86,0,4,14,-2,4.23,118,154,127,147,311,326,302,""-2.376"",""2.376"",""69.8"",""7.3"",,6,4,0,0,0,1,0,0,1,16.7,""11.21"",""1.1"",""0.09"",""0.09"",""93.6"",211,25,25,16.666666666666664,7.01,-0.79,-0.43,3.94,0.5,1,""13.2"",0.55,0.854,""-13.2"",-0.075,-0.050000000000000044,0.146,0.015,0,""56.1"",20.88895675643694,-7.366493552327568,28.316661554099994,0.25,30.77082210301505,37.57503817415949"
"18,689520,""Laweryson, Cody"",296,6.1,0.333,0,0.333,0.333,0.397,0.328,0.222,1,3,91.9,16.7,2372,90.2,90.46,2,8,10,0.29999999999999716,6.51,99,152,111,147,270,315,280,""-1.314"",""1.314"",""70.2"",""6.6"",""2.62076343"",4,3,1,0,0,0,0,0,1,25,""1.95"",""0.88"",""0.84"",""0.84"",""91.8"",90,33.33333333333333,0,0,5.24,-1.83,0.46,2.5,0.5,0,""7.3"",0.416,0.242,""-7.3"",0.111,0.08400000000000002,0.091,0.069,25,""23.7"",5.007250759856941,13.98096582743915,22.719063414262216,0.7142857142857143,39.15507985738979,26.656029950274714"
"17,702047,""Cook, Alex"",72,23.6,0.667,1,0.5,1.667,0.908,0.577,0.394,2,3,97.4,23.3,2270,92.9,93.59,1,5,12,0.6999999999999886,6.73,107,153,116,150,309,336,299,""-1.657"",""1.657"",""72.9"",""7.5"",,4,3,1,0,0,1,0,0,1,25,""1.3"",""1.35"",""0.26"",""0.26"",""95.0"",259,66.66666666666666,33.33333333333333,25,5.53,-1.39,0.56,2.16,0.75,1,""9.747058824"",0.546,0.915,""-9.747058824"",0.273,0.20399999999999996,0.752,0.331,20,""43.8"",13.739804220196806,2.0091829892233424,30.967939978392764,1,39.28887133042176,33.20320937738197"
"17,676702,""Stratton, Hunter"",56,30.4,0.5,0.25,0.667,0.75,0.537,0.485,0.491,2,4,95.3,9.3,2416,93.8,94.36,3,8,9,0.6000000000000085,6.49,97,149,120,146,309,321,295,""-0.697"",""0.697"",""68.0"",""6.8"",""0.901025172"",4,3,1,1,0,0,1,25,0,0,""1.74"",""0.85"",""0.04"",""0.04"",""92.6"",173,33.33333333333333,0,0,5.95,-2.35,-0.09,2.92,0.5,0,""4.1"",0.491,0.618,""-4.1"",0.009,0.009000000000000008,0.132,0.052,37.5,""40.3"",1.7447435471418782,3.726248971427708,30.52374622492046,0.25,35.80841552185161,25.410218412965246"
"17,689690,""Jacob, Alek"",87,19.5,0.4,0.6,0.333,1,0.587,0.261,0.248,2,5,73.4,7.2,2210,80.1,81.26,2,12,5,1.2000000000000028,7.19,114,153,130,149,302,321,293,""-0.646"",""0.646"",""72.1"",""7.4"",""11.873131428"",5,4,1,0,0,1,1,20,0,0,""3.08"",""0.56"",""0.96"",""0.96"",""89.5"",131,25,0,0,3.81,-2.07,0.36,2.4,0.4,0,""3.8"",0.248,0.351,""-3.8"",0.152,0.15200000000000002,0.649,0.326,16.7,""-2.3"",7.681798922676468,-7.105777936503523,33.538915118344434,0.45454545454545453,37.68970611628575,39.074236475241904"
"17,668670,""Rogers, Jake"",43,39.5,0,0,0,0,0.182,0.233,0.073,0,3,93.1,-6,1445,61.3,59.35,1,4,13,-1.8999999999999986,4.36,115,154,128,148,295,320,291,""0.423"",""-0.423"",""73.6"",""7.2"",""0.454394004"",4,1,0,0,0,0,2,50,0,0,""5.62"",""1.35"",""0.15"",""0.15"",""90.6"",14,0,0,0,6.33,-1.77,-0.57,2.51,0.25,0,""-2.488235294"",0.305,0.083,""2.488235294"",-0.073,-0.05499999999999999,-0.083,-0.051,25,""35.7"",12.401661909849754,-5.0798182580820725,35.63148025472626,0.25,36.840383046074166,33.85430192811429"
"16,645302,""Robles, Victor"",26,61.5,0.5,0,0.5,0.5,0.495,0.394,0.321,2,4,96.1,13.8,1495,59.8,57.54,0,6,10,-2.299999999999997,4.01,110,148,115,147,294,324,303,""-0.868"",""0.868"",""72.4"",""7.3"",,5,4,2,0,0,0,0,0,1,20,""6.54"",""1.03"",""0.37"",""0.37"",""94.5"",184,50,0,0,6.23,-2.43,0.04,2.84,0.6,0,""5.425"",0.456,0.425,""-5.425"",0.179,0.14399999999999996,0.075,0.101,0,""25.1"",12.4934338606143,-1.508449176195274,31.181196524282754,0.3333333333333333,36.15795230715012,30.234951098103778"
"16,678391,""Vivas, Jorbit"",39,41,0.333,0.667,0.2,1,0.572,0.526,0.332,2,6,90.4,13.8,1182,47.4,45.28,0,7,9,-2.1000000000000014,3.83,110,154,124,148,313,341,305,""-1.997"",""1.997"",""69.2"",""6.5"",,7,6,0,1,0,1,0,0,1,14.3,""9.45"",""1.25"",""-0.14"",""-0.14"",""93.8"",210,50,16.666666666666664,14.285714285714285,7.17,-0.97,0.66,2.91,0.429,1,""12.48125"",0.427,0.866,""-12.48125"",0.001,0.0020000000000000018,0.134,0.046,0,""61.3"",12.6135816675149,5.130611640455187,27.4934485869652,1,31.452683367068623,30.57304448328533"
"16,680702,""Gerber, Joey"",129,12.4,0.5,1.5,0,2,0.86,0.517,0.221,1,2,84.5,-2,2273,91.3,91.58,1,3,13,0.29999999999999716,6.36,112,154,126,150,305,323,296,""-2.306"",""2.306"",""67.6"",""7.3"",""2.759394696"",4,2,0,0,0,1,0,0,2,50,""1.7"",""1.03"",""0.14"",""0.14"",""93.1"",184,50,50,25,5.32,-1.76,0.7,2,0.75,1,""14.4125"",0.611,0.584,""-14.4125"",0.279,0.139,1.416,0.343,33.3,""33.0"",15.567303135086808,-2.1523213371801164,26.96930938982252,0.3333333333333333,39.10855082483929,31.097823622060794"
"16,665665,""Sanmartin, Reiver"",101,15.8,0.6,0.4,0.6,1,0.682,0.306,0.266,3,5,93.9,-3,2174,89.2,89.31,0,8,8,0.09999999999999432,6.48,93,146,118,142,300,311,295,""-1.518"",""1.518"",""74.1"",""7.9"",,6,5,1,2,0,0,0,0,1,16.7,""2.85"",""0.03"",""1.45"",""-1.45"",""95.0"",104,60,20,16.666666666666664,5.25,3.06,0.44,2.09,0.667,1,""9.4875"",0.389,0.452,""-9.4875"",0.334,0.278,0.548,0.376,0,""21.1"",12.496957013118578,1.5931128088686215,33.33186813700259,0.375,42.0829511257577,28.22711465926379"
"16,545121,""Vargas, Ildemaro"",40,40,0,0,0,0,0.357,0.477,0.24,0,1,89.6,26,1421,61.9,60.59,0,3,13,-1.2999999999999972,5.38,112,154,126,146,311,324,293,""-0.143"",""0.143"",""70.1"",""6.7"",,4,2,0,0,0,0,0,0,1,25,""6.08"",""0.8"",""0.21"",""0.21"",""90.7"",262,50,0,0,5.12,-1.53,0.54,3.16,0.5,0,""0.89375"",0.59,0.559,""-0.89375"",-0.24,-0.08999999999999997,-0.559,-0.12,0,""26.9"",8.37344280588341,6.2687237484953995,25.869774042169965,1,40.41982736659049,27.717523175453504"
"15,656716,""McKinstry, Zach"",28,53.6,0.667,0,0.667,0.667,0.635,0.538,0.459,2,3,86.2,7.7,1176,45.6,43.06,0,3,12,-2.5,3.77,115,154,128,147,295,322,287,""-1.385"",""1.385"",""66.7"",""7.0"",,5,3,2,0,0,0,0,0,2,40,""13.02"",""1.43"",""-0.36"",""-0.36"",""90.6"",105,33.33333333333333,0,0,7.11,-1.68,0.15,3.96,0.8,0,""9.233333333"",0.675,0.53,""-9.233333333"",0.208,0.125,0.137,0.097,0,""56.5"",24.938730293522127,-12.282837259145786,28.318166355435437,0.3333333333333333,39.59283766568839,41.21882033613365"
"15,702752,""Pintaro, Jonathan"",241,6.2,0.25,0,0.333,0.25,0.222,0.171,0.184,1,4,84.5,16.3,2671,92.5,92.89,4,7,8,0.4000000000000057,6.34,106,152,107,147,301,316,287,""0.315"",""-0.315"",""67.7"",""6.7"",""1.350235645"",4,3,1,0,0,0,1,25,0,0,""2.07"",""0.59"",""0.14"",""0.14"",""92.4"",136,33.33333333333333,0,0,5.01,-2.92,0.28,2.79,0.25,0,""-2.1"",0.184,0.21,""2.1"",0.066,0.066,0.04,0.051,57.1,""22.6"",5.6336677372337265,10.617393713555007,23.103489764769986,0.42857142857142855,35.45108665962096,24.597224729784166"
"15,682982,""Espino, Daniel"",120,12.5,0,0,,0,0,0,,0,3,,,2443,95.2,95.85,3,6,9,0.5999999999999943,6.78,94,150,111,147,286,322,297,""0.911"",""-0.911"",""68.4"",""7.1"",""0.629197673"",3,0,0,0,0,0,3,100,0,0,""1.58"",""0.98"",""0.19"",""0.19"",""88.0"",158,,,,5.86,-1.52,0.31,2.78,0,,""-6.073333333"",,,""6.073333333"",,,,0,50,""44.4"",3.737146999927279,7.875496827642884,26.070247199126598,0.6666666666666666,41.507371528399794,27.390699228254014"
"14,664702,""Straw, Myles"",45,31.1,0,0,0,0,0,0.168,0.182,0,4,81.2,-5,1073,41.5,39.22,1,5,9,-2.299999999999997,3.54,116,155,124,148,302,326,295,""1.138"",""-1.138"",""75.6"",""7.7"",""2.271194328"",4,4,0,0,0,0,0,0,0,0,""13.09"",""1.3"",""0.02"",""0.02"",""90.3"",86,25,0,0,7.18,-0.7,0.17,3.37,0,0,""-8.128571429"",0.182,0.2,""8.128571429"",-0.182,-0.182,-0.2,-0.168,20,""60.1"",19.483073007299357,-0.2867228938520494,25.551676716834077,0.4,43.07199850661203,33.64507129342423"
"14,669298,""Shook, TJ"",101,13.9,0.5,1,0.5,1.5,0.826,0.641,0.36,2,4,102.2,29.7,2121,86.6,87.57,2,8,6,1,6.74,108,153,119,148,298,322,286,""-1.905"",""1.905"",""71.8"",""7.5"",""1.416417036"",4,3,0,1,0,1,1,25,0,0,""2.34"",""0.71"",""-0.14"",""-0.14"",""98.5"",333,100,33.33333333333333,25,5.63,-1.79,0.01,2.39,0.5,1,""13.607142857"",0.36,1.202,""-13.607142857"",0.14,0.14,0.298,0.185,25,""32.6"",10.096608898402117,2.1466064181040667,33.993906677654564,0.75,37.47568801563651,27.71290933710208"
"14,675627,""Grove, Michael"",62,22.6,0.5,0,0.5,0.5,0.445,0.339,0.357,2,4,95.6,8.5,2331,89.3,91.19,1,6,8,1.9000000000000057,7.01,97,151,118,148,321,350,304,""-0.555"",""0.555"",""68.0"",""7.0"",""10.79978274"",4,4,2,0,0,0,0,0,0,0,""2.33"",""0.5"",""-0.1"",""-0.1"",""94.6"",117,50,0,0,5.95,-1.54,0.5,1.99,0.5,0,""3.964285714"",0.357,0.414,""-3.964285714"",0.143,0.14300000000000002,0.086,0.106,16.7,""53.4"",6.100463940360572,-1.5991613256233086,30.27760089936663,0.6666666666666666,39.58531468647902,30.160108654442944"
"14,643410,""Leiter Jr., Mark"",552,2.5,0.5,0,0.5,0.5,0.587,0.579,0.457,1,2,92.9,4.5,1840,84.5,85.02,0,5,9,0.5,6.61,104,152,122,148,303,327,286,""-0.485"",""0.485"",""72.6"",""7.4"",,4,2,1,0,0,0,0,0,0,0,""3.08"",""0.19"",""0.27"",""0.27"",""91.1"",102,50,0,0,5.67,-1.1,-0.31,1.88,0.75,0,""3.464285714"",0.728,0.51,""-3.464285714"",0.043,0.02200000000000002,-0.01,0.008,0,""44.6"",10.137322238231679,-1.6216914583686428,30.63216291767933,0.6,37.760657528716415,29.793438186008057"
"14,605280,""Holmes, Clay"",898,1.6,0.5,0,0.5,0.5,0.529,0.342,0.177,1,2,71.5,-22.7,2424,87.1,86.09,1,6,8,-1,5.66,115,153,121,151,313,344,304,""-0.632"",""0.632"",""62.8"",""6.2"",""11.049371352"",4,3,1,0,0,0,0,0,1,25,""3.14"",""-0.1"",""0.25"",""0.25"",""89.7"",42,0,0,0,6.33,-1.17,-0.13,2.24,0.667,0,""4.514285714"",0.451,0.196,""-4.514285714"",0.323,0.21600000000000003,0.304,0.187,16.7,""39.1"",-0.6292258046408306,-30.250645383181315,33.19701179403772,0.5,37.72002429554439,27.738878947086373"
"13,695001,""Santa, Alimber"",239,5.4,0,0,0,0,0.233,0.286,0.088,0,2,98.7,-16,2399,87.9,87.89,2,4,9,0,6.18,87,148,117,145,310,324,299,""0.141"",""-0.141"",""70.6"",""7.3"",""3.087374082"",3,1,0,0,0,0,1,33.3,1,33.3,""2.85"",""0.12"",""-0.23"",""-0.23"",""98.7"",7,100,0,0,5.58,-0.84,0.26,1.88,0.333,0,""-1.084615385"",0.392,0.096,""1.084615385"",-0.088,-0.059,-0.096,-0.053,50,""30.2"",9.078855971563804,-9.43692035191756,33.1157472421854,0.5,35.586244558323486,34.344976341462264"
"13,663494,""Torres, Bryan"",18,72.2,0.25,0,0.25,0.25,0.317,0.423,0.369,1,4,90.5,21,966,41.9,39.23,0,5,8,-2.6999999999999957,3.7,112,153,122,147,315,322,305,""0.013"",""-0.013"",""72.4"",""6.8"",,5,4,1,0,0,0,0,0,1,20,""12.74"",""1.63"",""-0.28"",""-0.28"",""92.0"",163,25,0,0,6.58,-1.36,0.55,3.46,0.4,0,""-0.1"",0.495,0.435,""0.1"",-0.119,-0.09499999999999997,-0.185,-0.106,0,""45.2"",12.797277207697245,9.764121575614555,27.989304721723535,0,37.83327868251361,35.88414821270904"
"13,664208,""Maton, Phil"",546,2.4,0.667,0,0.5,0.667,0.445,0.315,0.443,2,3,85.5,5.8,2762,83.1,83.96,2,11,2,0.9000000000000057,6.81,115,155,121,149,298,324,294,""-0.38"",""0.38"",""73.9"",""7.7"",""0.18626886"",4,4,2,0,0,0,0,0,0,0,""3.44"",""-0.07"",""-0.33"",""-0.33"",""89.9"",86,25,0,0,5.13,-1.41,-0.09,2.35,0.5,0,""2.923076923"",0.334,0.504,""-2.923076923"",0.224,0.16599999999999998,0.163,0.13,18.2,""23.6"",11.233149864553098,-9.339449818072067,29.342242758303787,0.7,38.85316303101024,36.840408230584"
"13,471911,""Carrasco, Carlos"",246,5.3,0.75,1,0.667,1.75,1.049,0.968,0.676,3,4,94.8,17,2029,89.6,90.63,1,7,6,1,6.79,118,152,126,149,313,323,298,""-2.062"",""2.062"",""72.1"",""7.6"",""4.330611864"",4,4,1,1,0,1,0,0,0,0,""2.43"",""0.4"",""0.72"",""0.72"",""95.2"",216,50,50,50,5.78,-2.32,-0.23,2.08,0.75,2,""15.861538462"",0.676,1.641,""-15.861538462"",0.074,0.07399999999999995,0.109,0.081,14.3,""34.1"",13.388129878166609,-7.7886653016727685,35.05587832833242,1,34.35885239214736,30.82907201632249"
"12,662144,""Keller, Brian"",39,30.8,0.333,0,0.5,0.333,0.296,0.244,0.265,1,3,92.4,2.5,2247,86.8,88.23,1,7,5,1.4000000000000057,6.9,116,153,118,145,298,322,294,""0.106"",""-0.106"",""63.0"",""6.5"",""0.86636682"",3,2,1,0,0,0,1,33.3,0,0,""2.41"",""0.62"",""-0.34"",""-0.34"",""90.3"",97,50,0,0,5.83,-2.04,0.43,2.07,0.333,0,""-0.883333333"",0.265,0.296,""0.883333333"",0.068,0.068,0.037,0.052,14.3,""36.0"",8.918225092195604,9.52453414194733,29.175071827018346,0.5714285714285714,39.139913698937775,27.62336170005718"
"12,690829,""Joyce, Ben"",32,37.5,0,0,0,0,0,0.056,0.061,0,3,70.5,11,2173,99.8,100.66,0,4,8,0.9000000000000057,6.86,99,150,105,149,305,321,292,""1.07"",""-1.07"",""71.4"",""6.5"",,3,3,0,0,0,0,0,0,0,0,""1.32"",""0.98"",""0.85"",""0.85"",""89.4"",99,0,0,0,4.97,-1.66,0.11,2.21,0,0,""-8.916666667"",0.061,0.069,""8.916666667"",-0.061,-0.061,-0.069,-0.056,0,""26.6"",0.787580925337342,11.250888339244808,30.954134621870335,0.25,33.45208405534514,23.89787373891496"
"12,692437,""Santos, Winston"",33,36.4,0.5,1.5,0,2,0.915,0.639,0.311,1,2,86,51,2275,94.3,94.78,0,4,8,0.5,6.56,93,146,111,140,297,326,296,""-1.128"",""1.128"",""71.7"",""7.0"",,3,2,0,0,0,1,0,0,1,33.3,""1.67"",""0.93"",""0.49"",""0.49"",""94.9"",241,50,50,33.33333333333333,5.62,-2,0.55,2.56,0.667,1,""9.4"",0.541,1.179,""-9.4"",0.189,0.126,0.821,0.276,0,""41.4"",6.887498160992493,10.146780352399631,27.000054698754617,0.5,40.4969850773994,27.553200671028634"
"12,623168,""Heineman, Tyler"",64,18.8,0.333,0,0.333,0.333,0.296,0.164,0.178,1,3,93.8,7,1271,46.6,44.47,0,7,5,-2.1000000000000014,3.77,123,154,126,147,298,327,294,""0.075"",""-0.075"",""71.5"",""7.2"",,3,3,1,0,0,0,0,0,0,0,""9.26"",""1.65"",""0.07"",""0.07"",""90.8"",137,66.66666666666666,0,0,7.04,-1.02,0.69,3.4,0.333,0,""-0.625"",0.178,0.202,""0.625"",0.155,0.15500000000000003,0.131,0.132,0,""61.8"",6.327586873866196,7.153044451625246,26.69151640979521,0.5714285714285714,43.829904622139566,31.740841249214036"
"12,695445,""Lee, Chase"",75,16,0,0,0,0,0,0.322,0.347,0,4,74.3,28.3,2941,82.2,81.58,5,8,4,-0.6000000000000085,5.94,106,142,106,143,286,297,282,""1.214"",""-1.214"",""60.3"",""7.6"",""5.190624475"",4,3,0,0,0,0,1,25,0,0,""2.83"",""0.56"",""-1.18"",""-1.18"",""88.0"",235,0,0,0,3.92,-2.84,1.38,2.47,0,0,""-10.116666667"",0.347,0.378,""10.116666667"",-0.347,-0.347,-0.378,-0.322,62.5,""-3.5"",13.69381119437631,-2.079343282168439,27.968962838792507,0.75,53.27723080377129,29.089826009417788"
"12,686228,""Burgos, Juan"",38,31.6,0.5,0,0.5,0.5,0.539,0.426,0.278,1,2,59.8,-7.7,2515,93.6,93.18,0,7,5,-0.3999999999999915,6.1,106,142,109,144,296,318,272,""-0.644"",""0.644"",""52.5"",""5.3"",,4,3,1,0,0,0,0,0,0,0,""2.43"",""0.19"",""0.41"",""0.41"",""89.0"",53,0,0,0,5,-2.36,-0.06,2.13,0.667,0,""5.366666667"",0.519,0.347,""-5.366666667"",0.222,0.14800000000000002,0.153,0.113,0,""28.5"",-6.501162782874195,0.23969094754166065,45.84285462299872,0.42857142857142855,29.06203086541574,26.809700759395085"
"12,683734,""Vaughn, Andrew"",29,41.4,0.5,0.75,0.5,1.25,0.734,0.367,0.336,2,4,92.9,14.3,820,52.7,51.37,2,6,6,-1.3000000000000043,5.05,117,152,131,147,298,322,301,""-1.064"",""1.064"",""73.0"",""7.2"",""0.374973974"",4,3,1,0,0,1,1,25,0,0,""8.72"",""0.92"",""0.05"",""0.05"",""97.4"",245,66.66666666666666,0,0,6.55,-0.88,-0.3,2.28,0.5,0,""8.866666667"",0.336,0.504,""-8.866666667"",0.164,0.16399999999999998,0.746,0.367,33.3,""57.6"",17.54036575689456,-11.695048441789453,27.82075456068048,0.6666666666666666,32.97073263635403,39.59211121136815"
"12,681806,""Wantz, Andrew"",81,14.8,0.4,0.2,0.4,0.6,0.43,0.287,0.296,2,5,87.5,13.8,2465,89.3,89.38,0,8,4,0.10000000000000853,6.27,113,153,123,149,311,330,292,""-0.184"",""0.184"",""70.5"",""7.5"",,5,5,1,1,0,0,0,0,0,0,""2.22"",""0.65"",""-0.2"",""-0.2"",""89.6"",206,20,0,0,5.77,-1.92,0.21,2.3,0.4,0,""1.533333333"",0.296,0.37,""-1.533333333"",0.104,0.10400000000000004,0.23,0.143,0,""34.7"",6.539424080386083,-1.6911143435591058,27.185841547478343,0.375,37.23161016974352,31.95719868667257"
"12,693308,""Frasso, Nick"",28,42.9,0.667,0.333,0.667,1,0.716,0.599,0.338,2,3,100.2,23.3,2414,93.4,95.02,1,5,7,1.5999999999999943,7.07,111,150,118,144,313,332,301,""-1.073"",""1.073"",""74.9"",""8.6"",""8.78129028"",3,3,1,1,0,0,0,0,0,0,""1.86"",""0.77"",""0.58"",""0.58"",""99.5"",218,66.66666666666666,33.33333333333333,33.33333333333333,6.21,-3.43,0.4,1.72,0.667,1,""8.941666667"",0.338,1.119,""-8.941666667"",0.329,0.329,-0.119,0.117,20,""48.4"",8.698757521796658,-3.674643926532633,24.57920472054149,0.25,39.102221017004894,35.502709370131676"
"12,693713,""Teodo, Emiliano"",43,27.9,0,0,0,0,0,0.123,0.113,0,3,90.1,35.3,2326,97.3,96.7,3,9,3,-0.5999999999999943,5.85,112,151,118,148,308,329,302,""0.786"",""-0.786"",""71.1"",""7.8"",""5.018702308"",3,3,0,0,0,0,0,0,0,0,""1.87"",""0.54"",""1.07"",""1.07"",""90.3"",168,33.33333333333333,0,0,5.68,-0.91,-0.24,2.58,0,0,""-6.55"",0.113,0.186,""6.55"",-0.113,-0.113,-0.186,-0.123,33.3,""42.5"",14.191250834790699,-5.32256177066223,27.154208456006465,0.6666666666666666,35.926521952887505,33.97201601832835"
"11,663884,""Kingham, Nolan"",22,50,0.333,0,0.5,0.333,0.296,0.141,0.152,1,3,83.1,16.5,2240,91.8,91.74,2,6,5,-0.09999999999999432,6.35,109,150,118,148,292,329,300,""0.13"",""-0.13"",""72.1"",""7.4"",""0.859952802"",3,2,1,0,0,0,1,33.3,0,0,""2.16"",""0.57"",""0.82"",""0.82"",""89.0"",124,0,0,0,5.83,-1.98,-0.37,2.22,0.333,0,""-1.181818182"",0.152,0.175,""1.181818182"",0.181,0.18100000000000002,0.158,0.155,33.3,""33.4"",11.677877512895629,-1.2278240820119208,31.230397124736662,0.4,31.677772147855087,26.68203084281931"
"11,668942,""Rojas, Josh"",13,84.6,0.333,0,0.333,0.333,0.296,0.369,0.39,1,3,84.6,30,1599,62.1,61.78,0,5,6,-0.30000000000000426,5.1,112,153,128,148,300,320,293,""0.084"",""-0.084"",""68.1"",""7.2"",,3,3,1,0,0,0,0,0,0,0,""5.66"",""0.45"",""-0.04"",""-0.04"",""88.5"",184,0,0,0,5.42,-3.3,0.69,1.64,0.333,0,""-0.763636364"",0.39,0.461,""0.763636364"",-0.057,-0.056999999999999995,-0.128,-0.073,0,,7.320577466619895,-0.40046843069200433,33.50128401550395,0.6,39.41127193003119,32.03465233927378"
"10,596117,""Stubbs, Garrett"",31,32.3,0.5,0,0.5,0.5,0.495,0.509,0.464,2,4,90.5,17.3,1147,45.9,44.1,0,4,6,-1.7999999999999972,4.62,114,151,123,146,297,324,297,""-0.91"",""0.91"",""69.4"",""6.8"",,5,4,2,0,0,0,0,0,1,20,""11.14"",""1.44"",""0.22"",""0.22"",""92.5"",228,25,0,0,6.11,-1.55,0.37,3.1,0.6,0,""9.1"",0.571,0.605,""-9.1"",0.036,0.029000000000000026,-0.105,-0.014,0,""45.6"",16.582978754396454,3.604743577981864,23.235652129199735,1,43.622696823571985,33.139178988404446"
"10,679358,""Orze, Eric"",685,1.5,0.333,0,0.5,0.333,0.296,0.549,0.595,1,3,87.2,15.5,2292,87.9,88.79,2,4,6,0.8999999999999915,7.01,107,149,113,145,299,324,284,""0.028"",""-0.028"",""71.9"",""7.1"",""1.467611328"",3,2,1,0,0,0,1,33.3,0,0,""2.46"",""0.54"",""0.41"",""0.41"",""94.1"",172,50,0,0,5.74,-1.79,0.27,2,0.333,0,""-0.28"",0.595,0.652,""0.28"",-0.262,-0.26199999999999996,-0.319,-0.253,50,""43.6"",7.98287725170313,2.965620319785874,33.877496724173035,0.5,39.391635904912775,28.283162775926414"
"10,663568,""Kolek, Stephen"",838,1.2,0,0,0,0,0.233,0.308,0.124,0,2,71.5,8,2308,92.4,92.67,1,4,6,0.29999999999999716,6.17,115,154,127,149,303,323,290,""0.39"",""-0.39"",""60.8"",""7.2"",""1.83811716"",3,2,0,0,0,0,0,0,1,33.3,""2.09"",""0.57"",""0.32"",""0.32"",""88.5"",59,0,0,0,5.43,-1.79,-0.66,3.38,0.333,0,""-3.9"",0.416,0.125,""3.9"",-0.124,-0.08299999999999996,-0.125,-0.075,25,""33.6"",5.796013292077716,14.290844440541207,21.157550098028743,0.75,33.30358439519406,27.83819765415219"
"10,681676,""Fernandez, Ryan"",236,4.2,0.333,0,0.333,0.333,0.296,0.291,0.324,1,3,71.8,9.7,2220,91,91.38,1,5,5,0.4000000000000057,6.46,110,152,111,148,310,311,286,""-0.42"",""0.42"",""69.7"",""8.0"",""3.243198552"",3,3,1,0,0,0,0,0,0,0,""2.03"",""0.73"",""0.14"",""0.14"",""89.1"",139,0,0,0,5.92,-1.69,0.33,1.75,0.333,0,""4.2"",0.324,0.334,""-4.2"",0.009,0.009000000000000008,-0.001,0.005,20,""61.6"",14.915814636734286,-11.376854588925875,34.80932058627856,0.6,36.848997653174614,38.235059386856285"
"9,683742,""Franco, Jose"",348,2.6,0.25,0,0.25,0.25,0.222,0.33,0.308,1,4,89,22,2371,93.6,93.71,0,5,4,0.10000000000000853,6.32,101,154,120,148,294,318,282,""0.5"",""-0.5"",""74.1"",""7.4"",,4,4,1,0,0,0,0,0,0,0,""1.48"",""1.13"",""0.99"",""0.99"",""89.8"",179,25,0,0,5.81,-1.19,0.39,2.32,0.25,0,""-5.555555556"",0.308,0.459,""5.555555556"",-0.058,-0.057999999999999996,-0.209,-0.108,0,""33.3"",7.736339064059065,4.381018350108311,28.92112558830344,0.8,39.35417674830875,29.375303723402517"
"9,682997,""Callihan, Tyler"",53,17,0.333,0,0.5,0.333,0.296,0.231,0.247,1,3,87.3,33,1575,69.9,68.39,0,4,5,-1.5,5.1,118,153,124,148,308,325,294,""0.127"",""-0.127"",""71.8"",""7.6"",,3,2,1,0,0,0,1,33.3,0,0,""3.44"",""1.29"",""0.59"",""0.59"",""95.0"",178,50,0,0,6.34,-2,0.06,2.06,0.333,0,""-1.411111111"",0.247,0.285,""1.411111111"",0.086,0.08600000000000002,0.048,0.065,0,""41.8"",18.922831027816823,-18.349985447693587,26.441385845326607,0,33.08076185154704,39.28801222642279"
"9,669270,""Kuhnel, Joel"",565,1.6,0.333,0,0.333,0.333,0.296,0.258,0.278,1,3,92.7,-7.7,2333,94.2,95.07,0,6,3,0.8999999999999915,6.67,88,150,125,146,308,328,303,""0.327"",""-0.327"",""73.3"",""7.0"",,3,3,1,0,0,0,0,0,0,0,""2.22"",""0.34"",""0.8"",""0.8"",""91.9"",32,33.33333333333333,0,0,6.41,-1.05,-0.68,3.11,0.333,0,""-3.633333333"",0.278,0.321,""3.633333333"",0.055,0.05499999999999999,0.012,0.038,0,""39.1"",14.240600888872759,-2.10660708071692,24.99587220212818,0.8333333333333334,30.7519066275723,32.59545108393106"
"9,687531,""Kempner, William"",199,4.5,0,0,,0,0.349,0.349,,0,1,,,2363,94.2,93.66,1,2,7,-0.5,6.16,103,133,107,127,301,322,285,""-0.08"",""0.08"",""72.9"",""7.2"",""0.25765188"",2,0,0,0,0,0,1,50,1,50,""1.79"",""0.8"",""1.39"",""1.39"",,1,,,,4.46,-2.54,-0.13,2.9,0.5,,""0.888888889"",0.5,,""-0.888888889"",,0,,0,50,""14.8"",1.2223489317739418,19.391491143699636,33.00293141850676,0.5,43.66572241348452,17.95715903917496"
"9,691594,""Sanoja, Javier"",44,20.5,0.333,0.333,0.333,0.667,0.489,0.376,0.185,1,3,94.1,29.7,1375,59.2,56.72,0,3,6,-2.5,4.01,116,153,123,148,339,345,305,""-0.422"",""0.422"",""74.3"",""7.3"",,4,3,0,1,0,0,0,0,1,25,""5.73"",""0.81"",""0.32"",""0.32"",""94.2"",355,33.33333333333333,0,0,5.26,-1.75,0.48,2.38,0.5,0,""4.688888889"",0.388,0.465,""-4.688888889"",0.148,0.11199999999999999,0.202,0.113,0,""17.2"",7.274443730636624,0.5288692837735116,28.54326923449235,0.6666666666666666,39.95253157387016,26.228294728174603"
"9,663485,""Sands, Cole"",209,4.3,1,0,1,1,0.809,0.706,0.714,1,1,103.2,9,2313,89.6,89.42,0,5,4,-0.19999999999998863,5.96,98,148,114,149,295,321,290,""-0.763"",""0.763"",""70.1"",""7.0"",,2,1,1,0,0,0,0,0,0,0,""2.28"",""0.56"",""0.41"",""0.41"",""91.0"",198,100,0,0,5.75,-2.6,0.23,2.48,1,0,""8.477777778"",0.857,0.86,""-8.477777778"",0.286,0.14300000000000002,0.14,0.103,0,""31.5"",5.824891882610607,-1.682161182865725,33.71886332583948,0.6,33.50839090761101,33.500336165541164"
"9,810938,""Williamson, Ben"",50,18,0.333,0,0.333,0.333,0.296,0.139,0.15,1,3,89.5,33.7,1181,46.8,45.76,0,3,6,-1,5.11,112,153,125,149,300,343,311,""0.18"",""-0.18"",""73.5"",""7.4"",,3,3,1,0,0,0,0,0,0,0,""8.77"",""1.7"",""0.4"",""0.4"",""90.2"",213,0,0,0,6.83,-0.48,0.42,2.66,0.333,0,""-2"",0.15,0.168,""2"",0.183,0.18300000000000002,0.165,0.157,0,""57.2"",17.51067660994385,-12.57684078104263,28.312924723084734,0.6666666666666666,37.18887309287169,39.39936007330652"
"9,805345,""Harris, Trent"",14,64.3,0.5,0.5,0.5,1,0.63,0.456,0.436,1,2,87.3,9,2437,87.7,88.89,0,4,5,1.2000000000000028,6.96,97,121,105,115,294,304,288,""-0.36"",""0.36"",""69.1"",""7.1"",,2,2,0,1,0,0,0,0,0,0,""2.91"",""0.09"",""-0.54"",""-0.54"",""92.7"",171,50,0,0,6,-0.29,0.17,2.51,0.5,0,""4"",0.436,0.632,""-4"",0.064,0.064,0.368,0.174,0,""73.0"",13.53819341888942,0.8254753244511446,36.1980530194163,0.75,36.37062328703733,29.212939847382142"
"8,620443,""Torrens, Luis"",22,36.4,0.2,0,0.2,0.2,0.178,0.382,0.345,1,5,80.2,0.6,979,39.1,36.4,0,5,3,-2.6000000000000014,3.08,113,154,129,148,313,328,302,""-0.021"",""0.021"",""74.0"",""7.4"",,5,5,1,0,0,0,0,0,0,0,""14.11"",""1.44"",""-0.12"",""-0.12"",""93.7"",95,40,20,20,7.57,-0.66,-0.11,3.55,0.2,1,""0.2625"",0.345,0.541,""-0.2625"",-0.145,-0.14499999999999996,-0.341,-0.204,0,""66.6"",18.684870524465893,-8.796806275292472,26.253852665714163,0.6,33.17054066011243,36.552226267275934"
"8,694350,""Brzykcy, Zach"",48,16.7,0.5,0,0.5,0.5,0.445,0.418,0.444,1,2,88.3,3.5,2366,89.2,89.25,0,4,4,0.09999999999999432,6.32,92,149,116,144,285,329,282,""-0.125"",""0.125"",""67.0"",""8.0"",,2,2,1,0,0,0,0,0,0,0,""2.11"",""0.77"",""0.45"",""0.45"",""93.1"",144,50,0,0,6,-1.05,0.22,2.33,0.5,0,""1.5625"",0.444,0.516,""-1.5625"",0.056,0.055999999999999994,-0.016,0.027,0,""50.9"",21.38995900549417,-21.117264764872935,33.42978183668204,0,34.19871217525262,36.89325041214602"
"7,676051,""Heuer, Codi"",189,3.7,1,0,1,1,0.889,0.46,0.48,2,2,94.1,7,2218,94.5,96.26,0,3,4,1.7999999999999972,7.2,116,154,125,148,303,318,289,""-0.743"",""0.743"",""68.9"",""6.5"",,2,2,2,0,0,0,0,0,0,0,""1.86"",""0.68"",""1.01"",""1.01"",""98.1"",146,50,0,0,5.54,-1.6,0.96,2.32,1,0,""10.614285714"",0.48,0.537,""-10.614285714"",0.52,0.52,0.463,0.429,0,""25.5"",-7.202951054829078,17.456103817864957,34.422060136014075,0,39.51231488274037,16.708391765036165"
"7,664954,""Sullivan, Brett"",87,8,0.5,0.5,0.333,1,0.42,0.476,0.353,1,2,93.1,31.3,1538,63.3,61.14,0,5,2,-2.1999999999999957,4.3,109,154,122,150,311,332,311,""-0.343"",""0.343"",""73.6"",""7.5"",,3,3,0,1,0,0,0,0,0,0,""4.67"",""1.27"",""0.71"",""0.71"",""92.2"",241,66.66666666666666,33.33333333333333,33.33333333333333,6.5,-1.93,0.26,2.15,0.333,1,""4.9"",0.26,1.216,""-4.9"",0.147,0.07300000000000001,-0.216,-0.056,0,""36.7"",11.646084294079127,2.6176575780952946,31.73886979766134,0.8,38.28215770874874,31.324952922577307"
"6,694397,""Raya, Marco"",100,6,0.5,0,0.5,0.5,0.445,0.503,0.536,1,2,98,6.5,2250,92.1,92.58,0,2,4,0.5,6.42,94,150,116,141,293,324,281,""-0.127"",""0.127"",""70.1"",""7.3"",,2,2,1,0,0,0,0,0,0,0,""1.93"",""0.76"",""-0.13"",""-0.13"",""97.9"",129,50,0,0,5.63,-0.82,0.16,2.72,0.5,0,""2.116666667"",0.536,0.641,""-2.116666667"",-0.036,-0.03600000000000003,-0.141,-0.058,0,""43.0"",9.997356121065305,-2.2606983550655904,36.8216207083032,1,35.96953634600562,23.11444226159019"
"6,595978,""Hedges, Austin"",30,20,0,0,0,0,0,0.047,0.052,0,3,92.2,13.5,1823,71,69.3,1,4,2,-1.7000000000000028,5.17,109,154,132,147,304,347,306,""0.76"",""-0.76"",""75.7"",""7.4"",,3,2,0,0,0,0,1,33.3,0,0,""3.79"",""0.78"",""1.2"",""1.2"",""91.3"",149,50,0,0,5.44,-4.18,0.48,2.69,0,0,""-12.666666667"",0.052,0.057,""12.666666667"",-0.052,-0.052,-0.057,-0.047,25,""12.5"",6.582266493943187,2.6772824954052483,33.98239994785295,0.75,38.436296162157554,26.561320419703577"
"5,681402,""Varland, Gus"",570,0.9,0.5,1.5,0,2,1.023,1.081,0.586,1,2,89.8,15,2156,88.6,89.46,0,2,3,0.9000000000000057,6.78,99,147,111,145,307,330,305,""-1.445"",""1.445"",""75.7"",""8.1"",,2,2,0,0,0,1,0,0,0,0,""2.58"",""0.33"",""0.04"",""0.04"",""96.9"",245,50,50,50,5.35,-1.53,0.21,2.1,0.5,1,""28.9"",0.586,2.101,""-28.9"",-0.086,-0.08599999999999997,-0.101,-0.058,0,""55.1"",12.976635094755302,-5.216673055666316,39.770579498800906,1,36.56083377321276,30.295246060851145"
"5,681520,""Kelly, Antoine"",18,27.8,,,,,0.698,0.698,,0,0,,,2147,92.2,92.92,0,0,5,0.7000000000000028,6.56,112,155,127,151,305,320,292,""-0.417"",""0.417"",,,,1,0,0,0,0,0,0,0,1,100,""1.95"",""0.78"",""0.72"",""-0.72"",,,,,,5.82,1.78,0.9,3.4,1,,""8.34"",1,,""-8.34"",,0,,0,,""36.2"",,,,,,"
"5,670871,""Zuñiga, Guillo"",18,27.8,0,0,0,0,0,0.01,0.011,0,1,81.4,39,2480,90,90.74,1,3,2,0.7000000000000028,6.64,111,155,126,148,317,324,296,""0.261"",""-0.261"",""71.4"",""7.8"",""6.492402072"",1,1,0,0,0,0,0,0,0,0,""2.19"",""0.65"",""-0.36"",""-0.36"",""88.0"",193,0,0,0,5.95,-1.93,0.92,2.14,0,0,""-5.22"",0.011,0.011,""5.22"",-0.011,-0.011,-0.011,-0.01,33.3,""29.9"",15.295081035112267,-10.076665196643003,27.259625904808427,0.3333333333333333,44.99284668428173,39.76940189894984"
"5,644433,""Tromp, Chadwick"",16,31.3,0.5,1.5,0,2,1.023,0.24,0.175,1,2,82.3,19.5,991,37.7,35.16,0,2,3,-2.5,3.32,123,152,127,147,312,342,296,""-1.261"",""1.261"",""67.9"",""6.9"",,2,2,0,0,0,1,0,0,0,0,""15.38"",""1.36"",""0.08"",""0.08"",""92.4"",213,50,0,0,7.26,-1.4,-0.21,3.23,0.5,0,""25.22"",0.175,0.403,""-25.22"",0.325,0.325,1.597,0.783,0,""55.0"",23.191723220205272,-11.03995175761598,33.32898427604471,0.5,21.0766587348,29.196933614104257"
"5,682668,""Acuña, Luisangel"",25,20,0,0,0,0,0,0.385,0.409,0,3,91,-7,959,37.7,35.26,0,4,1,-2.4000000000000057,4.16,110,153,129,146,313,326,289,""0.781"",""-0.781"",""78.0"",""7.3"",,3,3,0,0,0,0,0,0,0,0,""15.52"",""1.6"",""0.33"",""0.33"",""91.7"",72,33.33333333333333,0,0,6.61,-1.1,-0.2,3.37,0,0,""-15.62"",0.409,0.485,""15.62"",-0.409,-0.409,-0.485,-0.385,0,""56.7"",13.076751236878321,-9.87859356823068,23.915468625366554,1,36.832917761406776,36.64665841873146"
"4,675919,""Raquet, Nick"",75,5.3,0,0,0,0,0,0.365,0.405,0,1,96.8,-2,2340,88.3,88.88,0,3,1,0.6000000000000085,6.5,107,154,121,146,298,319,293,""0.263"",""-0.263"",""68.0"",""6.9"",,1,1,0,0,0,0,0,0,0,0,""2.6"",""0.33"",""-0.14"",""0.14"",""92.4"",93,100,0,0,5.78,1.33,-0.02,1.88,0,0,""-6.575"",0.405,0.438,""6.575"",-0.405,-0.405,-0.438,-0.365,0,""44.5"",12.633552989587956,0.8858593801574681,30.630340322024114,1,36.37796906618189,27.191885369738415"
"4,701474,""Davitt, Duncan"",28,14.3,1,2,1,3,1.653,0.715,0.66,2,2,102.6,16.5,2552,88.5,89.78,0,2,2,1.2999999999999972,7.05,110,154,126,148,306,328,295,""-1.759"",""1.759"",""73.1"",""7.4"",,2,2,0,1,0,1,0,0,0,0,""2.4"",""0.53"",""0.19"",""0.19"",""102.5"",329,100,0,0,4.77,-1.96,-0.21,2.29,1,0,""43.975"",0.66,1.018,""-43.975"",0.34,0.33999999999999997,1.982,0.938,0,""19.0"",4.770399200356507,-16.50437213885045,22.973186952802017,0.5,32.38013970759906,33.96807005775055"
"4,700270,""Díaz, Yilber"",74,5.4,1,0,1,1,0.889,0.762,0.789,1,1,94.2,11,2513,93.4,92.38,0,3,1,-1,5.78,117,153,123,148,303,328,291,""-0.414"",""0.414"",""71.7"",""7.6"",,1,1,1,0,0,0,0,0,0,0,""1.63"",""1.02"",""0.52"",""0.52"",""91.1"",97,0,0,0,5.81,-1.29,0.29,2.19,1,0,""10.35"",0.789,0.924,""-10.35"",0.211,0.21099999999999997,0.076,0.127,0,""43.0"",6.026150751606938,3.252602225282903,26.982439694204675,0.3333333333333333,42.08386142626483,24.61137208887304"
"4,694646,""McDermott, Chayce"",78,5.1,0,0,,0,0,0,,0,1,,,2592,93.7,94.6,2,3,1,0.8999999999999915,6.72,111,155,131,149,296,306,298,""0.263"",""-0.263"",""72.8"",""8.0"",""1.165928028"",1,0,0,0,0,0,1,100,0,0,""1.55"",""1.05"",""-0.02"",""-0.02"",""88.0"",190,,,,5.68,-1.84,0.14,2.42,0,,""-6.575"",,,""6.575"",,,,0,66.7,""43.9"",14.32454574237547,-8.248867295421386,38.27766113276539,0.3333333333333333,40.275351526467794,29.833372427497135"
"4,686934,""McFarlane, Alex"",12,33.3,0,0,0,0,0,0.335,0.366,0,1,99.4,-3,2625,96.9,97.22,0,2,2,0.29999999999999716,6.3,115,154,121,146,294,324,294,""0.264"",""-0.264"",""72.7"",""7.7"",,1,1,0,0,0,0,0,0,0,0,""1.83"",""0.61"",""0.97"",""0.97"",""99.4"",19,100,0,0,5.4,-1.84,0.12,1.69,0,0,""-6.6"",0.366,0.414,""6.6"",-0.366,-0.366,-0.414,-0.335,0,""25.7"",-6.354619410313755,8.761997652732218,47.575992060104994,0,35.1738279869943,17.38410066833847"
"4,656577,""Jackson, Alex"",26,15.4,0,0,0,0,0,0.028,0.026,0,1,76.4,61,1042,40.4,37.4,0,2,2,-3,3.15,112,154,124,148,296,330,300,""0.263"",""-0.263"",""67.9"",""8.0"",,1,1,0,0,0,0,0,0,0,0,""13.23"",""1.55"",""-0.43"",""-0.43"",""90.9"",213,0,0,0,7.17,-1.85,-1.12,4.52,0,0,""-6.575"",0.026,0.035,""6.575"",-0.026,-0.026,-0.035,-0.028,0,""41.4"",29.673223148409036,-30.020835572480493,28.65879419680285,0,31.341150310002032,42.79149224425919"
"3,804668,""Flores Jr., Rafael"",8,37.5,0.5,0,0.5,0.5,0.445,0.198,0.209,1,2,95.3,24,1309,53.9,51.73,1,3,0,-2.1999999999999957,3.8,122,151,123,147,310,330,287,""-0.127"",""0.127"",""76.4"",""7.3"",""0.25715148"",2,2,1,0,0,0,0,0,0,0,""6.9"",""1.35"",""0.21"",""0.21"",""95.2"",144,50,0,0,7.5,-1.56,0.4,2.27,0.5,0,""4.233333333"",0.209,0.227,""-4.233333333"",0.291,0.29100000000000004,0.273,0.247,33.3,,10.756976067097138,4.2184490507911345,36.626604343329504,0.6666666666666666,36.43255259788611,32.86801171820703"
"3,673380,""Núñez, Dedniel"",34,8.8,0.5,0.5,0.5,1,0.63,0.521,0.518,1,2,90.4,23.5,2242,89.2,89.57,0,2,1,0.3999999999999915,6.4,111,154,117,146,316,313,293,""-0.441"",""0.441"",""69.5"",""7.6"",,2,2,0,1,0,0,0,0,0,0,""2.29"",""0.57"",""0.1"",""0.1"",""94.9"",235,50,0,0,5.37,-2.7,-0.6,2.25,0.5,0,""14.7"",0.518,0.672,""-14.7"",-0.018,-0.018000000000000016,0.328,0.109,0,""36.3"",10.171211044599769,-3.148350944551863,37.352758332342134,1,33.062577963008074,31.371793642115655"
"2,660787,""De los Santos, Yerry"",156,1.3,0,0,0,0,0,0.382,0.311,0,1,100.5,20,2190,94.4,94.7,0,1,1,0.4000000000000057,6.6,111,155,132,151,297,328,295,""0.257"",""-0.257"",""74.6"",""7.2"",,1,1,0,0,0,0,0,0,0,0,""1.86"",""0.71"",""1.54"",""1.54"",""100.5"",367,100,0,0,5.75,-2.92,-0.23,1.82,0,0,""-12.85"",0.311,0.609,""12.85"",-0.311,-0.311,-0.609,-0.382,0,""27.1"",10.027399323722088,-0.7563948249643632,35.91287280489783,1,28.20806362904675,33.954817344276464"
"2,643361,""Herget, Kevin"",11,18.2,0,0,0,0,0,0.074,0.049,0,1,93.4,38,2093,88.1,87,0,1,1,-1.0999999999999943,5.65,110,155,113,151,296,311,286,""0.257"",""-0.257"",""72.5"",""7.8"",,1,1,0,0,0,0,0,0,0,0,""1.83"",""1.11"",""0.44"",""0.44"",""93.4"",335,0,0,0,6.09,-1.58,0.29,1.9,0,0,""-12.85"",0.049,0.135,""12.85"",-0.049,-0.049,-0.135,-0.074,0,""46.3"",3.7908125335654717,-21.116801935138383,27.057707930082593,0,29.691305254893116,36.70895302810929"
"1,641745,""Keller, Brad"",533,0.2,0,0,0,0,0,0.072,0.08,0,1,55.2,-7,2750,84.5,84.4,0,1,0,-0.09999999999999432,6,120,154,129,145,297,320,291,""0.273"",""-0.273"",""83.2"",""8.5"",,1,1,0,0,0,0,0,0,0,0,""2.9"",""0.26"",""-1.3"",""-1.3"",""88.0"",19,0,0,0,6.31,-1.41,0.27,2.84,0,0,""-27.3"",0.08,0.088,""27.3"",-0.08,-0.08,-0.088,-0.072,0,""49.8"",24.685966331662733,-20.77967950846548,31.36067433986596,0,40.56706011050562,46.11726385943211"
