"pitches,""player_id"",""player_name"",""total_pitches"",""pitch_percent"",""ba"",""iso"",""babip"",""slg"",""woba"",""xwoba"",""xba"",""hits"",""abs"",""launch_speed"",""launch_angle"",""spin_rate"",""velocity"",""effective_speed"",""whiffs"",""swings"",""takes"",""eff_min_vel"",""release_extension"",""pos3_int_start_distance"",""pos4_int_start_distance"",""pos5_int_start_distance"",""pos6_int_start_distance"",""pos7_int_start_distance"",""pos8_int_start_distance"",""pos9_int_start_distance"",""pitcher_run_exp"",""run_exp"",""bat_speed"",""swing_length"",""miss_distance"",""pa"",""bip"",""singles"",""doubles"",""triples"",""hrs"",""so"",""k_percent"",""bb"",""bb_percent"",""api_break_z_with_gravity"",""api_break_z_induced"",""api_break_x_arm"",""api_break_x_batter_in"",""hyper_speed"",""bbdist"",""hardhit_percent"",""barrels_per_bbe_percent"",""barrels_per_pa_percent"",""release_pos_z"",""release_pos_x"",""plate_x"",""plate_z"",""obp"",""barrels_total"",""batter_run_value_per_100"",""xobp"",""xslg"",""pitcher_run_value_per_100"",""xbadiff"",""xobpdiff"",""xslgdiff"",""wobadiff"",""swing_miss_percent"",""arm_angle"",""attack_angle"",""attack_direction"",""swing_path_tilt"",""rate_ideal_attack_angle"",""intercept_ball_minus_batter_pos_x_inches"",""intercept_ball_minus_batter_pos_y_inches"""
"478,663903,""Singer, Brady"",2077,23,0.279,0.117,0.333,0.396,0.327,0.327,0.282,31,111,89.6,18.4,2407,87.6,88.76,57,222,256,1.2000000000000028,6.84,117,146,112,150,286,326,297,""-0.829"",""0.829"",""70.0"",""7.2"",""3.169698734"",123,87,24,4,0,3,25,20.3,10,8.1,""2.49"",""0.48"",""0.41"",""-0.41"",""91.7"",167,40.69767441860465,3.488372093023256,2.4390243902439024,5.07,-1.34,0.06,2.23,0.341,3,""0.173430962"",0.344,0.399,""-0.173430962"",-0.003,-0.002999999999999947,-0.003,0,25.7,""22.1"",10.261831332125707,-3.2141907492054953,33.74560554233687,0.4090909090909091,35.39525503518681,32.32449237184604"
"476,607625,""Lugo, Seth"",2157,22.1,0.28,0.224,0.309,0.505,0.377,0.358,0.281,30,107,88.5,14.1,2484,85.7,85.16,37,199,277,-0.5,5.8,115,146,115,152,293,326,296,""-8.352"",""8.352"",""70.2"",""7.1"",""1.871502168"",124,87,17,7,1,5,22,17.7,11,8.9,""2.87"",""0.29"",""0.1"",""-0.1"",""92.0"",150,45.348837209302324,4.651162790697675,3.225806451612903,5.44,-2.03,-0.33,2.32,0.366,4,""1.754621849"",0.368,0.442,""-1.754621849"",-0.001,-0.0020000000000000018,0.063,0.019,18.6,""26.8"",8.665736021592075,0.42596775247423935,34.250947600357016,0.4416243654822335,36.8964426274944,30.015810612549448"
"471,605400,""Nola, Aaron"",2178,21.6,0.261,0.234,0.286,0.495,0.347,0.308,0.233,29,111,90.4,14.1,2191,86,87.06,61,216,255,1.0999999999999943,6.9,116,146,117,149,290,326,299,""-3.256"",""3.256"",""70.8"",""7.5"",""3.502456294"",123,84,17,5,0,7,28,22.8,11,8.9,""2.85"",""0.27"",""0.45"",""-0.45"",""92.8"",158,48.80952380952381,9.523809523809524,6.504065040650407,4.92,-1.88,-0.12,1.99,0.325,8,""0.691295117"",0.301,0.422,""-0.691295117"",0.028,0.02400000000000002,0.073,0.039,28.2,""18.6"",15.496685464413254,-10.35371150756208,34.53729259144344,0.4444444444444444,37.665831150870765,36.44774403964557"
"462,671737,""Bradley, Taj"",2242,20.6,0.196,0.127,0.262,0.324,0.277,0.285,0.197,20,102,88.6,9.4,2154,93.1,93.54,67,228,234,0.4000000000000057,6.46,118,147,114,152,291,326,300,""1.211"",""-1.211"",""70.5"",""7.2"",""2.214745774"",115,68,13,4,0,3,34,29.6,13,11.3,""1.89"",""0.74"",""0.38"",""-0.38"",""91.7"",157,41.17647058823529,10.294117647058822,6.086956521739131,6.13,-1.17,-0.19,2.14,0.287,7,""-0.262121212"",0.288,0.352,""0.262121212"",-0.001,-0.0010000000000000009,-0.028,-0.008,29.4,""54.6"",8.308812274128078,0.6291360385106571,33.17653922807085,0.4690265486725664,36.280816898545176,29.50617706784637"
"456,693645,""Schlittler, Cam"",2292,19.9,0.175,0.136,0.288,0.311,0.247,0.247,0.183,18,103,90.6,17.4,2615,96.1,97.16,91,245,211,1.1000000000000085,6.77,117,147,115,152,285,327,296,""6.616"",""-6.616"",""68.0"",""6.7"",""1.914206083"",112,55,10,5,0,3,48,42.9,7,6.3,""1.58"",""0.89"",""0.24"",""-0.24"",""91.4"",178,41.81818181818181,9.090909090909092,4.464285714285714,6.14,-1.72,-0.13,2.64,0.241,5,""-1.450877193"",0.248,0.303,""1.450877193"",-0.008,-0.007000000000000006,0.008,0,37.1,""42.0"",4.602241108182722,9.774011854671336,31.156868370985176,0.3884297520661157,36.79598141504163,23.639188323482205"
"441,543037,""Cole, Gerrit"",1248,35.3,0.188,0.139,0.258,0.327,0.243,0.276,0.228,19,101,89.4,24.3,2325,91.9,91.81,60,219,222,-0.10000000000000853,6.28,119,146,114,152,288,328,294,""5.9"",""-5.9"",""70.8"",""7.1"",""1.768794348"",106,65,11,5,0,3,36,34,5,4.7,""2.01"",""0.72"",""0.51"",""-0.51"",""91.4"",177,41.53846153846154,9.230769230769232,5.660377358490567,5.77,-2.1,-0.19,2.27,0.226,6,""-1.337868481"",0.264,0.369,""1.337868481"",-0.04,-0.038000000000000006,-0.042,-0.033,27.4,""37.0"",9.35734723602415,0.9797095911054302,34.11792962730537,0.5023041474654378,36.97532143872736,28.945231566460908"
"431,547179,""Lorenzen, Michael"",2106,20.5,0.296,0.185,0.29,0.481,0.388,0.388,0.291,24,81,91.9,12.3,2327,88.7,88.41,30,181,250,-0.29999999999999716,5.79,115,144,115,149,297,328,303,""-9.608"",""9.608"",""71.4"",""7.2"",""2.979257332"",102,73,18,1,1,4,11,10.8,18,17.6,""2.32"",""0.57"",""0.78"",""-0.78"",""92.4"",167,39.726027397260275,10.95890410958904,7.8431372549019605,5.62,-1.88,-0.38,2.32,0.412,8,""2.229234339"",0.412,0.473,""-2.229234339"",0.005,0,0.008,0,16.6,""35.6"",9.610581683031745,-0.025420424780321138,33.89529368095561,0.35555555555555557,37.483612440893964,30.531561985684885"
"420,690997,""McLean, Nolan"",2172,19.3,0.263,0.152,0.333,0.414,0.332,0.349,0.272,26,99,89.5,10.6,2569,90.5,90.49,45,185,235,0,6.4,116,148,120,152,294,327,308,""-1.441"",""1.441"",""69.6"",""7.0"",""2.200129168"",111,71,19,3,0,4,29,26.1,10,9,""2.62"",""0.21"",""0.2"",""-0.2"",""91.6"",165,38.028169014084504,9.859154929577464,6.306306306306306,5.25,-4.08,-0.3,2.35,0.336,7,""0.343095238"",0.345,0.456,""-0.343095238"",-0.009,-0.008999999999999952,-0.042,-0.017,24.3,""29.3"",7.583317041819053,2.1633984187169086,34.04869189173724,0.4725274725274725,36.858722841882354,28.414776647692474"
"420,694973,""Skenes, Paul"",2208,19,0.247,0.18,0.345,0.427,0.332,0.304,0.227,22,89,89.3,19.9,2054,93.2,94.07,68,224,196,0.8999999999999915,6.77,112,144,112,151,298,323,304,""-0.435"",""0.435"",""69.6"",""7.0"",""1.647997929"",100,60,11,8,1,2,29,29,11,11,""1.93"",""0.71"",""0.83"",""-0.83"",""91.3"",175,48.333333333333336,11.666666666666666,7.000000000000001,5.57,-2.11,-0.17,2.45,0.33,7,""0.103571429"",0.312,0.371,""-0.103571429"",0.02,0.018000000000000016,0.056,0.028,30.4,""25.6"",8.167936289019876,2.1969056253946224,31.572214405503942,0.49107142857142855,37.53479968025359,28.68213816179338"
"415,645261,""Alcantara, Sandy"",2467,16.8,0.146,0.094,0.174,0.24,0.193,0.254,0.196,14,96,88.2,17.6,2184,92.8,92.22,46,203,212,-0.5999999999999943,6,116,147,107,151,299,327,302,""11.932"",""-11.932"",""70.7"",""7.0"",""1.847705809"",104,71,9,3,0,2,27,26,6,5.8,""2.16"",""0.52"",""0.7"",""-0.7"",""91.0"",155,34.285714285714285,7.142857142857142,4.807692307692308,5.9,-1.9,-0.37,2.39,0.192,5,""-2.875180723"",0.239,0.346,""2.875180723"",-0.05,-0.046999999999999986,-0.106,-0.061,22.7,""33.0"",7.852726120199916,3.0295384237284244,33.52793393208908,0.49,37.888804415150396,28.299954434878572"
"411,700241,""McGreevy, Michael"",2033,20.2,0.283,0.207,0.311,0.489,0.358,0.377,0.28,26,92,92,14.4,2177,87.6,88.42,32,181,230,0.8000000000000114,6.71,118,145,111,151,298,322,299,""-3.334"",""3.334"",""70.4"",""7.1"",""2.079219642"",102,77,15,6,2,3,16,15.7,9,8.8,""2.69"",""0.29"",""0.37"",""-0.37"",""93.4"",157,55.84415584415584,14.285714285714285,10.784313725490197,5.72,-2.07,-0.27,2.31,0.343,11,""0.811192214"",0.348,0.509,""-0.811192214"",0.003,-0.004999999999999949,-0.02,-0.019,17.7,""32.8"",8.073467229477123,1.697762190781534,33.28513651195056,0.5480225988700564,37.36907688375112,28.5427166689282"
"410,695505,""Burns, Chase"",2041,20.1,0.235,0.141,0.281,0.376,0.318,0.337,0.251,20,85,90,17.2,2708,93.5,93.75,57,200,210,0.20000000000000284,6.34,113,144,110,148,285,322,294,""-1.542"",""1.542"",""68.9"",""7.2"",""3.693976182"",101,66,13,4,1,2,21,20.8,13,12.9,""1.75"",""0.86"",""0.06"",""-0.06"",""91.9"",170,46.15384615384615,9.230769230769232,5.9405940594059405,6.54,-1.53,0.13,2.16,0.337,6,""0.376097561"",0.354,0.406,""-0.376097561"",-0.016,-0.01699999999999996,-0.03,-0.019,28.5,""52.0"",10.392524104961314,-3.181608895953506,32.82267551376296,0.4472361809045226,33.885771103153424,31.17831218945348"
"406,518876,""Kelly, Merrill"",1927,21.1,0.253,0.187,0.279,0.44,0.336,0.372,0.293,23,91,88.2,8.6,2336,89.1,88.91,44,199,207,-0.19999999999998863,6.16,116,146,108,152,298,322,293,""0.715"",""-0.715"",""70.5"",""7.4"",""2.395572733"",101,72,14,5,0,4,19,18.8,10,9.9,""2.5"",""0.39"",""0.66"",""-0.66"",""92.4"",155,45.83333333333333,8.333333333333332,5.9405940594059405,5.39,-1.9,-0.26,2.05,0.327,6,""-0.176108374"",0.363,0.495,""0.176108374"",-0.04,-0.035999999999999976,-0.055,-0.036,22.1,""23.7"",11.793143922941365,-2.3402238547310756,34.594768710834515,0.5532994923857868,36.32801771379745,31.559129230745913"
"402,650633,""King, Michael"",2227,18.1,0.216,0.125,0.242,0.341,0.291,0.309,0.226,19,88,85.9,15.9,2192,88.7,88.14,38,194,208,-0.6000000000000085,5.93,119,147,121,154,298,326,306,""1.646"",""-1.646"",""71.8"",""7.5"",""2.344513786"",99,69,14,2,0,3,19,19.2,11,11.1,""2.3"",""0.61"",""0.85"",""-0.85"",""90.6"",154,26.08695652173913,7.246376811594203,5.05050505050505,5.46,-3.22,-0.45,2.41,0.303,5,""-0.409452736"",0.312,0.387,""0.409452736"",-0.01,-0.009000000000000008,-0.046,-0.018,19.6,""25.1"",11.83377980645059,-3.261030100043486,32.780769535635116,0.5052631578947369,40.33052488955349,32.56546218094701"
"385,657277,""Webb, Logan"",1985,19.4,0.25,0.13,0.28,0.38,0.297,0.296,0.255,23,92,83.4,10.5,2021,87.7,88.76,36,183,202,1.0999999999999943,6.76,117,147,108,149,288,316,299,""1.125"",""-1.125"",""70.0"",""6.9"",""2.554474512"",98,77,18,0,3,2,15,15.3,5,5.1,""2.87"",""0.09"",""0.32"",""-0.32"",""90.6"",127,29.87012987012987,3.896103896103896,3.061224489795918,4.84,-1.79,-0.01,2.19,0.296,3,""-0.292207792"",0.3,0.375,""0.292207792"",-0.005,-0.0040000000000000036,0.005,0.001,19.7,""19.4"",9.695438970792136,0.46344046267139527,34.55071130100536,0.5168539325842697,35.49739216156454,31.368448081472803"
"385,554430,""Wheeler, Zack"",1762,21.9,0.253,0.165,0.425,0.418,0.321,0.276,0.226,20,79,90.6,16.7,2300,89.4,90.8,80,205,180,1.3999999999999915,7.09,116,148,119,148,287,324,298,""-0.1"",""0.1"",""67.0"",""6.9"",""3.315557078"",86,43,13,4,0,3,36,41.9,7,8.1,""2.39"",""0.5"",""0.48"",""-0.48"",""91.1"",167,46.51162790697674,6.976744186046512,3.488372093023256,4.99,-1.84,-0.11,2.15,0.314,3,""0.025974026"",0.289,0.33,""-0.025974026"",0.027,0.025000000000000022,0.088,0.045,39,""22.4"",10.900451765132647,-2.2792488380686047,34.213712935709786,0.4117647058823529,37.33667599519612,29.530959562592262"
"383,668909,""Williams, Gavin"",2270,16.9,0.141,0.109,0.217,0.25,0.195,0.218,0.162,13,92,86,16.3,2317,91.7,92.87,70,208,175,1.2000000000000028,7.02,118,147,121,152,299,328,307,""8.889"",""-8.889"",""68.4"",""7.1"",""3.796888673"",98,50,9,1,0,3,43,43.9,5,5.1,""2.52"",""0.23"",""-0.02"",""0.02"",""91.2"",162,40,10,5.1020408163265305,5.95,-2.76,0.06,2.38,0.186,5,""-2.320887728"",0.205,0.291,""2.320887728"",-0.021,-0.01899999999999999,-0.041,-0.023,33.7,""33.7"",8.30414414854829,-0.5632619087025013,32.02287089014589,0.4195121951219512,34.70134980358676,28.689107372397828"
"382,656302,""Cease, Dylan"",2140,17.9,0.098,0.11,0.13,0.207,0.173,0.199,0.126,8,82,84.1,20.3,2381,89.7,90.2,55,184,198,0.5,6.48,117,145,113,152,281,317,298,""11.601"",""-11.601"",""67.9"",""7.1"",""2.543122851"",90,49,3,3,0,2,34,37.8,7,7.8,""2.01"",""0.87"",""0.24"",""-0.24"",""90.8"",167,28.57142857142857,6.122448979591836,3.3333333333333335,6.16,-1.73,-0.05,2.27,0.169,3,""-3.036910995"",0.194,0.243,""3.036910995"",-0.028,-0.024999999999999994,-0.036,-0.026,29.9,""53.2"",8.608704608327928,-1.469761391496306,33.06961468617419,0.4262295081967213,35.10421560573741,30.393459070280628"
"378,677976,""Dobnak, Randy"",616,61.4,0.235,0.059,0.253,0.294,0.257,0.309,0.285,20,85,90.6,9.5,1973,87.5,86.77,26,178,200,-0.7000000000000028,5.74,118,148,118,153,295,325,295,""6.548"",""-6.548"",""71.0"",""7.3"",""3.23334478"",93,76,17,2,0,1,11,11.8,6,6.5,""2.96"",""0.03"",""0.59"",""-0.59"",""92.4"",133,38.666666666666664,4,3.225806451612903,5.41,-2.07,-0.18,1.98,0.28,3,""-1.732275132"",0.331,0.369,""1.732275132"",-0.05,-0.05099999999999999,-0.075,-0.052,14.6,""19.7"",10.86162469950939,-3.3256377950608917,35.50701838687742,0.5227272727272727,35.55160776790345,31.797676000361864"
"368,675512,""Melton, Troy"",1162,31.7,0.198,0.123,0.25,0.321,0.274,0.288,0.229,16,81,87.5,14.7,2147,91.8,92.81,48,183,185,1,6.76,119,147,114,151,287,331,307,""3.888"",""-3.888"",""70.9"",""7.4"",""2.73562656"",91,61,9,5,1,1,20,22,10,11,""2.13"",""0.59"",""0.14"",""-0.14"",""91.6"",147,37.704918032786885,4.918032786885246,3.296703296703297,5.63,-1.78,-0.13,2.21,0.286,3,""-1.056521739"",0.314,0.322,""1.056521739"",-0.031,-0.028000000000000025,-0.001,-0.014,26.2,""38.7"",10.593705544423749,-5.04210098256714,33.73356416751238,0.510989010989011,35.013314699349316,30.753259356080896"
"366,608379,""Wacha, Michael"",2165,16.9,0.241,0.101,0.29,0.342,0.298,0.298,0.229,19,79,85.8,23.3,1903,86,86.84,30,172,194,0.7999999999999972,6.72,120,147,123,152,296,326,299,""-0.75"",""0.75"",""69.3"",""6.9"",""2.491358951"",88,63,13,5,0,1,16,18.2,9,10.2,""2.43"",""0.7"",""0.51"",""-0.51"",""90.7"",167,26.984126984126984,6.349206349206349,4.545454545454546,6.61,-2.05,-0.05,2.38,0.318,4,""0.204918033"",0.308,0.364,""-0.204918033"",0.012,0.010000000000000009,-0.022,0,17.4,""54.0"",9.565652680595015,-2.5136819895633717,33.33577337718745,0.48214285714285715,35.98797575876645,30.78069018776597"
"363,607067,""Rea, Colin"",2000,18.1,0.244,0.111,0.278,0.356,0.297,0.365,0.3,22,90,91,15.2,1900,89.5,90.12,25,164,199,0.5999999999999943,6.51,117,148,119,154,299,326,303,""1.222"",""-1.222"",""71.4"",""7.1"",""2.120893973"",100,74,16,4,0,2,17,17,8,8,""2.41"",""0.45"",""0.54"",""-0.54"",""92.1"",166,40.54054054054054,9.45945945945946,7.000000000000001,5.48,-1.67,-0.26,2.23,0.31,7,""-0.336639118"",0.361,0.482,""0.336639118"",-0.056,-0.05099999999999999,-0.126,-0.068,15.2,""29.1"",7.025955668059809,3.7073933631924856,32.65676296879055,0.4785276073619632,37.821999931467005,27.58664121550643"
"363,669160,""May, Dustin"",1849,19.6,0.225,0.056,0.313,0.282,0.292,0.333,0.256,16,71,88.8,14,2485,92.5,93.2,42,164,199,0.7000000000000028,6.71,114,146,113,151,296,317,302,""1.478"",""-1.478"",""70.5"",""7.0"",""2.197154769"",86,50,14,1,0,1,23,26.7,13,15.1,""2.21"",""0.48"",""0.17"",""-0.17"",""91.4"",152,46,2,1.1627906976744187,5.5,-1.73,0.03,2.44,0.341,1,""-0.407162534"",0.371,0.348,""0.407162534"",-0.031,-0.02999999999999997,-0.066,-0.041,25.6,""35.9"",7.293854977932172,3.312599018959492,32.87788560308923,0.49079754601226994,34.0216301138352,28.5101022017236"
"361,676440,""Bibee, Tanner"",2151,16.8,0.27,0.247,0.269,0.517,0.35,0.339,0.271,24,89,86.7,16.3,2318,86.8,87.35,36,176,185,0.5,6.67,114,147,119,152,300,325,296,""-3.232"",""3.232"",""68.1"",""7.1"",""2.618085852"",98,74,15,2,1,6,18,18.4,5,5.1,""2.66"",""0.42"",""0"",""0"",""91.8"",168,32.432432432432435,10.81081081081081,8.16326530612245,6.13,-2.46,-0.12,2.37,0.309,8,""0.895290859"",0.312,0.479,""-0.895290859"",-0.001,-0.0030000000000000027,0.038,0.011,20.5,""51.1"",11.529074480643082,-3.6594645271373865,31.670203890602277,0.5229885057471264,36.149669137532335,33.13323049284165"
"354,676917,""Cavalli, Cade"",2158,16.4,0.23,0.23,0.238,0.46,0.318,0.304,0.254,20,87,90.3,4.5,2251,92,92.32,34,171,183,0.29999999999999716,6.25,118,146,116,152,302,333,310,""0.661"",""-0.661"",""70.5"",""7.2"",""2.842359549"",93,68,10,5,0,5,19,20.4,6,6.5,""2.4"",""0.3"",""0.21"",""-0.21"",""92.5"",156,46.26865671641791,7.462686567164178,5.376344086021505,5.97,-1.77,-0.12,2.14,0.28,5,""-0.186723164"",0.302,0.39,""0.186723164"",-0.024,-0.021999999999999964,0.07,0.014,19.9,""35.9"",6.4786024218881515,1.0902386818184806,33.943694138658074,0.45614035087719296,36.96733634948894,27.461175289190187"
"352,543243,""Gray, Sonny"",1738,20.3,0.237,0.14,0.278,0.376,0.292,0.311,0.277,22,93,88.8,7.1,2460,86.5,86.83,36,159,193,0.29999999999999716,6.38,111,146,108,149,285,318,305,""2.592"",""-2.592"",""68.2"",""7.4"",""3.02336066"",103,74,13,7,0,2,21,20.4,7,6.8,""3.06"",""0"",""-0.17"",""0.17"",""92.1"",131,37.83783783783784,6.756756756756757,4.854368932038835,5.58,-0.7,-0.07,1.97,0.291,5,""-0.736363636"",0.328,0.381,""0.736363636"",-0.04,-0.03700000000000003,-0.005,-0.019,22.6,""47.0"",11.091135486445161,-4.774316955276968,33.91949941240138,0.474025974025974,35.63355817711253,32.056040206575"
"351,701542,""Warren, Will"",1928,18.2,0.295,0.269,0.321,0.564,0.384,0.384,0.324,23,78,92.1,10.4,2371,89,89.63,32,141,210,0.5999999999999943,6.7,116,146,112,152,286,327,297,""-5.042"",""5.042"",""70.4"",""7.3"",""2.7347813"",89,61,12,6,0,5,19,21.3,7,7.9,""2.58"",""0.33"",""0.42"",""-0.42"",""93.3"",156,51.61290322580645,9.67741935483871,6.741573033707865,5.52,-3.44,-0.24,1.99,0.352,6,""1.436467236"",0.38,0.528,""-1.436467236"",-0.029,-0.028000000000000025,0.036,0,22.7,""30.2"",12.342337956734212,-0.8539069799227021,35.10352740982013,0.46099290780141844,37.998660673917904,31.216427815634837"
"348,681035,""Scott, Christian"",1362,25.6,0.247,0.137,0.34,0.384,0.304,0.253,0.201,18,73,84.7,12.7,2365,90,90.99,48,185,163,1,6.9,113,148,123,151,298,320,308,""1.75"",""-1.75"",""70.0"",""6.9"",""1.695132521"",79,49,12,4,0,2,24,30.4,5,6.3,""2.18"",""0.67"",""0.05"",""-0.05"",""91.0"",163,32.6530612244898,4.081632653061225,2.5316455696202533,5.23,-3.07,-0.04,2.63,0.304,2,""-0.502873563"",0.262,0.298,""0.502873563"",0.046,0.04199999999999998,0.086,0.051,25.9,""29.3"",5.609028192337102,6.161993810473152,30.80881158018902,0.358695652173913,35.32330947405813,27.109154282315146"
"347,656876,""Rasmussen, Drew"",1911,18.2,0.197,0.105,0.277,0.303,0.251,0.238,0.183,15,76,89.8,16.5,2292,93,93.18,54,182,165,0.20000000000000284,6.46,116,146,114,152,291,330,305,""5.201"",""-5.201"",""69.5"",""6.9"",""1.933536176"",82,49,11,2,0,2,27,32.9,5,6.1,""1.78"",""0.88"",""0.49"",""-0.49"",""90.9"",166,32.6530612244898,6.122448979591836,3.6585365853658534,5.92,-1.89,0.07,2.62,0.256,3,""-1.498847262"",0.242,0.289,""1.498847262"",0.014,0.014000000000000012,0.014,0.013,29.7,""53.4"",7.567505823667739,3.8984631915384487,30.56994790137623,0.48333333333333334,34.48551448035926,26.789764001746523"
"346,669456,""Bieber, Shane"",745,46.4,0.188,0.188,0.185,0.377,0.313,0.343,0.218,13,69,88.7,10.6,2122,88.2,88.7,31,132,214,0.5,6.57,116,147,113,153,287,324,298,""1.636"",""-1.636"",""71.4"",""7.3"",""2.890130405"",84,57,6,4,0,3,13,15.5,14,16.7,""2.59"",""0.36"",""0.53"",""-0.53"",""92.6"",143,42.10526315789473,10.526315789473683,7.142857142857142,5.59,-1.55,-0.14,2.18,0.321,6,""-0.47283237"",0.347,0.432,""0.47283237"",-0.03,-0.025999999999999968,-0.055,-0.03,23.5,""38.1"",9.691342427338334,0.308211308838356,33.35874129634624,0.5038759689922481,36.27667008088461,29.41315988687439"
"345,683003,""Jones, Jared"",963,35.8,0.154,0.128,0.224,0.282,0.237,0.232,0.17,12,78,86.6,21.5,2522,93.9,94.66,44,162,183,0.7999999999999972,6.6,115,146,114,152,301,325,307,""5.82"",""-5.82"",""70.2"",""7.1"",""2.559213952"",87,50,6,3,2,1,28,32.2,8,9.2,""1.92"",""0.67"",""0.39"",""-0.39"",""91.4"",175,34,2,1.1494252873563218,5.45,-1.3,-0.09,2.36,0.241,1,""-1.686956522"",0.255,0.243,""1.686956522"",-0.016,-0.014000000000000012,0.039,0.005,27.2,""40.2"",7.212059591921613,0.7593654363265099,32.81628703205126,0.43209876543209874,34.23206824133552,30.018956137533394"
"343,669358,""Baz, Shane"",2216,15.5,0.282,0.103,0.362,0.385,0.305,0.279,0.232,22,78,90.9,12.6,2331,90.8,91.19,38,186,157,0.4000000000000057,6.57,119,148,115,151,295,327,304,""0.708"",""-0.708"",""70.5"",""7.1"",""2.264137171"",85,61,17,3,1,1,20,23.5,4,4.7,""2.25"",""0.54"",""0.39"",""-0.39"",""91.5"",161,54.09836065573771,3.278688524590164,2.3529411764705883,5.74,-1.21,-0.11,2.29,0.313,2,""-0.206413994"",0.269,0.371,""0.206413994"",0.05,0.043999999999999984,0.014,0.026,20.4,""38.2"",8.472542746916353,1.1612858312384737,31.94326023742557,0.4175824175824176,35.04443800632736,30.7201406980111"
"341,691587,""Pérez, Eury"",1795,19,0.158,0.053,0.24,0.211,0.191,0.193,0.161,12,76,84.4,19.4,2553,93.7,94.02,56,193,148,0.29999999999999716,6.62,116,144,107,147,305,331,297,""8.217"",""-8.217"",""70.3"",""7.2"",""1.812254508"",82,50,8,4,0,0,27,32.9,5,6.1,""1.71"",""0.93"",""0.71"",""-0.71"",""90.0"",180,28.000000000000004,0,0,5.95,-1.87,-0.29,2.32,0.207,0,""-2.409677419"",0.21,0.216,""2.409677419"",-0.003,-0.0030000000000000027,-0.005,-0.002,29,""31.5"",9.502855058681195,-1.9628555520529176,32.68157930034568,0.5133689839572193,38.83477579447,30.743653949433497"
"340,686613,""Brown, Hunter"",1019,33.4,0.243,0.214,0.277,0.457,0.352,0.362,0.258,17,70,91.1,4,2174,92,92.64,46,140,200,0.5999999999999943,6.7,115,147,102,151,283,322,296,""-3.039"",""3.039"",""69.1"",""6.9"",""1.656894244"",83,51,10,3,0,4,20,24.1,12,14.5,""2.27"",""0.46"",""0.53"",""-0.53"",""93.0"",141,49.01960784313725,13.725490196078432,8.433734939759036,6.07,-2.16,-0.34,2.42,0.349,7,""0.893823529"",0.363,0.47,""-0.893823529"",-0.015,-0.014000000000000012,-0.013,-0.01,32.9,""51.6"",6.279996458401159,7.026030885598561,31.856944884814308,0.45255474452554745,37.600415727137175,26.2663976077391"
"340,663567,""Lambert, Peter"",1890,18,0.153,0.042,0.196,0.194,0.207,0.279,0.201,11,72,88.1,17,2110,88.7,88.43,47,169,171,-0.29999999999999716,6.14,114,147,105,151,284,322,297,""6.781"",""-6.781"",""71.0"",""7.3"",""2.054171384"",80,52,10,0,0,1,20,25,7,8.8,""2.17"",""0.75"",""0.43"",""-0.43"",""91.3"",155,36.53846153846153,7.6923076923076925,5,6.01,-2.41,-0.14,2.29,0.237,4,""-1.994411765"",0.281,0.345,""1.994411765"",-0.048,-0.04400000000000004,-0.151,-0.072,27.8,""49.0"",11.119570308341915,-1.4140783709272118,32.07246561666072,0.41566265060240964,36.753790689503674,31.627866264553383"
"339,694738,""Roupp, Landen"",2194,15.5,0.159,0.058,0.185,0.217,0.243,0.288,0.205,11,69,83.6,4.8,2167,87.5,87.61,33,155,184,0.09999999999999432,6.25,119,148,109,150,291,318,301,""6.2"",""-6.2"",""68.5"",""7.2"",""3.295505153"",82,56,9,1,0,1,14,17.1,11,13.4,""3"",""0.01"",""0.57"",""-0.57"",""91.1"",111,35.714285714285715,3.571428571428571,2.4390243902439024,5.29,-1.37,-0.15,2.14,0.284,2,""-1.828908555"",0.323,0.298,""1.828908555"",-0.046,-0.039000000000000035,-0.081,-0.045,21.3,""21.8"",10.938904434371034,-5.133138055241028,34.977631934287324,0.43506493506493504,36.39180257107588,33.238304958304994"
"337,656550,""Holmes, Grant"",1815,18.6,0.229,0.181,0.224,0.41,0.311,0.341,0.265,19,83,89.6,11.6,2424,89,88.76,37,161,176,-0.20000000000000284,5.96,117,145,119,152,306,324,305,""0.889"",""-0.889"",""71.6"",""7.3"",""3.13515761"",94,72,12,3,0,4,13,13.8,9,9.6,""2.47"",""0.41"",""0.27"",""-0.27"",""92.6"",166,37.5,9.722222222222223,7.446808510638298,5.82,-2.39,-0.15,1.99,0.301,7,""-0.26379822"",0.333,0.457,""0.26379822"",-0.036,-0.03200000000000003,-0.047,-0.03,23,""38.7"",10.999464766727359,-3.754772509561554,34.567196172639754,0.5063291139240507,35.63777568518173,31.039209858095692"
"337,808963,""Sasaki, Roki"",1786,18.9,0.228,0.241,0.278,0.468,0.317,0.277,0.233,18,79,90,11.1,1677,93.3,94.74,64,174,163,1.4000000000000057,7.08,120,148,112,153,287,317,301,""0.834"",""-0.834"",""70.7"",""7.4"",""3.646607733"",86,57,7,6,2,3,23,26.7,6,7,""2.06"",""0.58"",""0.57"",""-0.57"",""91.8"",150,40.35087719298245,7.017543859649122,4.651162790697675,6.2,-1.83,-0.36,2.16,0.279,4,""-0.247477745"",0.284,0.342,""0.247477745"",-0.005,-0.004999999999999949,0.126,0.04,36.8,""47.9"",10.70133309631249,-3.796977705910103,31.86390516011376,0.5317919075144508,37.92190875197579,31.475908225741357"
"337,808967,""Yamamoto, Yoshinobu"",2069,16.3,0.103,0.064,0.125,0.167,0.162,0.217,0.151,8,78,84,11,2072,91.6,92.15,28,149,188,0.6000000000000085,6.56,116,148,115,153,286,318,301,""11.926"",""-11.926"",""70.2"",""7.2"",""1.681507721"",86,57,5,2,0,1,22,25.6,7,8.1,""2.26"",""0.49"",""0.43"",""-0.43"",""91.3"",135,29.82456140350877,5.263157894736842,3.488372093023256,5.38,-2.05,-0.17,2.2,0.174,3,""-3.538872404"",0.223,0.243,""3.538872404"",-0.048,-0.049000000000000016,-0.076,-0.055,18.8,""39.7"",8.009321192429809,2.0687758654314106,34.18133668311944,0.47619047619047616,35.01090252053987,27.64333800763841"
"336,669372,""Ginn, J.T."",1918,17.5,0.159,0.174,0.149,0.333,0.307,0.343,0.214,11,69,85.4,12.8,1827,89.5,90.33,45,135,201,0.7999999999999972,6.69,118,147,119,150,292,322,302,""-0.026"",""0.026"",""72.2"",""7.5"",""3.769172556"",89,51,7,0,0,4,19,21.3,17,19.1,""2.52"",""0.33"",""0.63"",""-0.63"",""91.6"",138,32,6,3.3707865168539324,5.56,-1.4,-0.02,2.19,0.337,3,""0.007738095"",0.387,0.356,""-0.007738095"",-0.055,-0.04999999999999999,-0.023,-0.036,33.3,""41.5"",15.81515957306574,-6.931921431211119,34.914664616868215,0.4732824427480916,36.51635280751824,35.97848407342507"
"335,694297,""Pfaadt, Brandon"",1300,25.8,0.211,0.033,0.247,0.244,0.211,0.219,0.21,19,90,87.2,12.3,2389,89.1,89.6,29,168,167,0.5,6.6,113,146,110,152,302,322,293,""10.012"",""-10.012"",""70.7"",""7.2"",""2.588700858"",92,77,16,3,0,0,13,14.1,2,2.2,""2.43"",""0.46"",""0.6"",""-0.6"",""91.1"",141,32.467532467532465,1.2987012987012987,1.0869565217391304,5.41,-2.07,-0.18,2.19,0.228,1,""-2.988656716"",0.227,0.268,""2.988656716"",0.001,0.0010000000000000009,-0.024,-0.008,17.3,""26.1"",11.732164887500852,0.43450998040379557,35.333644322501016,0.49696969696969695,36.96658985401612,31.421632312869963"
"334,696149,""Chandler, Bubba"",1994,16.8,0.224,0.119,0.269,0.343,0.297,0.337,0.256,15,67,90,14.6,2368,95,95.79,40,154,180,0.7999999999999972,6.68,111,145,115,151,304,329,306,""0.16"",""-0.16"",""70.2"",""7.0"",""1.321385578"",76,53,10,3,1,1,14,18.4,9,11.8,""1.62"",""0.92"",""0.73"",""-0.73"",""91.8"",174,47.16981132075472,5.660377358490567,3.9473684210526314,5.56,-1.38,0.01,2.45,0.316,3,""-0.047904192"",0.345,0.417,""0.047904192"",-0.032,-0.02899999999999997,-0.074,-0.04,26,""39.0"",6.8972209515043,3.6770386515033837,32.1769036024211,0.5324675324675324,34.94489017197421,26.54722718797857"
"333,680732,""Burke, Sean"",2091,15.9,0.192,0.141,0.277,0.333,0.242,0.266,0.212,15,78,89,14.6,2558,89.9,90.84,50,165,168,0.8999999999999915,6.76,118,147,111,150,293,327,300,""4.201"",""-4.201"",""71.0"",""7.3"",""2.83566684"",82,49,9,3,1,2,29,35.4,3,3.7,""2.26"",""0.6"",""0.07"",""-0.07"",""91.9"",161,42.857142857142854,12.244897959183673,7.317073170731707,6.07,-2.16,-0.17,2.44,0.222,6,""-1.261561562"",0.242,0.373,""1.261561562"",-0.02,-0.01999999999999999,-0.04,-0.024,30.3,""38.9"",10.874353527241613,-0.03406055890882553,32.25870724264806,0.4444444444444444,35.42777991777208,28.82953225689824"
"333,694819,""Misiorowski, Jacob"",1987,16.8,0.118,0.171,0.143,0.289,0.192,0.155,0.106,9,76,82.7,14.9,2577,98.1,100.37,83,196,137,2.3000000000000114,7.53,122,150,121,152,292,324,311,""5.451"",""-5.451"",""67.9"",""6.6"",""1.637992993"",80,40,4,1,0,4,37,46.3,1,1.3,""1.61"",""0.78"",""0.51"",""-0.51"",""90.2"",162,32.5,5,2.5,5.21,-1.93,-0.03,2.59,0.152,2,""-1.636936937"",0.14,0.208,""1.636936937"",0.012,0.011999999999999983,0.081,0.037,42.3,""30.2"",3.553782290335768,4.4642412839291445,33.30223313075567,0.3626943005181347,36.37043282473588,24.97836546978932"
"332,677952,""Ashcraft, Braxton"",2019,16.4,0.263,0.25,0.283,0.513,0.364,0.347,0.266,20,76,89.8,12.9,2458,91.6,91.7,37,172,160,0.10000000000000853,6.22,114,145,112,152,301,329,307,""-1.334"",""1.334"",""70.7"",""7.4"",""3.101489527"",84,58,12,2,1,5,18,21.4,8,9.5,""2.45"",""0.29"",""0.24"",""-0.24"",""91.4"",153,44.827586206896555,8.620689655172415,5.952380952380952,6.13,-0.9,0.03,2.23,0.333,5,""0.401807229"",0.336,0.464,""-0.401807229"",-0.003,-0.0030000000000000027,0.049,0.017,21.5,""37.3"",10.318602370973563,-2.2468668887238463,32.636995138137,0.5087719298245614,35.34998231688059,30.936279795944948"
"331,643377,""Jax, Griffin"",1410,23.5,0.205,0.123,0.295,0.329,0.256,0.249,0.186,15,73,89.4,7.4,2488,91.1,90.74,58,160,171,-0.3999999999999915,6.23,112,146,113,151,292,332,308,""3.721"",""-3.721"",""69.2"",""7.3"",""2.588210998"",82,46,10,3,0,2,30,36.6,6,7.3,""2.4"",""0.38"",""0.52"",""-0.52"",""91.5"",162,42.22222222222222,6.666666666666667,3.6585365853658534,5.54,-1.05,-0.19,2.24,0.256,3,""-1.124169184"",0.255,0.261,""1.124169184"",0.019,0.0010000000000000009,0.068,0.007,36.3,""43.0"",10.665188638649951,-5.292217334504467,32.45835088332899,0.5569620253164557,36.824477125168144,30.972197358515498"
"324,663436,""Martin, Davis"",2000,16.2,0.373,0.194,0.393,0.567,0.448,0.44,0.35,25,67,91.1,10,2486,89.5,89.69,22,138,186,0.20000000000000284,6.33,116,146,107,149,287,325,299,""-7.513"",""7.513"",""71.2"",""7.2"",""2.965824558"",81,59,18,4,0,3,9,11.1,12,14.8,""2.44"",""0.42"",""0.19"",""-0.19"",""93.1"",169,42.3728813559322,8.47457627118644,6.172839506172839,5.82,-2.1,0.05,2.16,0.469,5,""2.31882716"",0.453,0.569,""-2.31882716"",0.023,0.01599999999999996,-0.002,0.008,15.9,""35.9"",9.20059310263,-0.36924675645830596,34.941841030963026,0.5373134328358209,33.87470184901993,29.119846229408235"
"323,669302,""Gilbert, Logan"",2166,14.9,0.203,0.19,0.241,0.392,0.274,0.263,0.208,16,79,86.9,11.2,1988,91.3,93.42,51,171,152,2.1000000000000085,7.5,118,144,104,150,282,321,303,""2.187"",""-2.187"",""68.2"",""7.1"",""3.133318222"",85,59,7,6,0,3,22,25.9,4,4.7,""2.14"",""0.62"",""0.43"",""-0.43"",""91.1"",147,35.59322033898305,6.779661016949152,4.705882352941177,6,-1.47,-0.07,1.96,0.241,4,""-0.677089783"",0.246,0.356,""0.677089783"",-0.005,-0.0050000000000000044,0.036,0.011,29.8,""41.2"",8.786667589412406,-6.378814161170466,33.19638769155027,0.4583333333333333,36.53912703180874,32.294414389449635"
"323,642547,""Peralta, Freddy"",2165,14.9,0.324,0.268,0.358,0.592,0.418,0.313,0.24,23,71,88.8,16,2295,88.2,88.53,41,159,164,0.29999999999999716,6.48,114,147,116,151,294,323,307,""-5.53"",""5.53"",""70.7"",""7.2"",""2.801392859"",78,57,12,7,0,4,14,17.9,6,7.7,""2.29"",""0.7"",""0.38"",""-0.38"",""91.6"",173,42.10526315789473,5.263157894736842,3.8461538461538463,5.34,-3.23,-0.36,2.29,0.385,3,""1.712074303"",0.308,0.406,""-1.712074303"",0.084,0.07700000000000001,0.186,0.105,25.8,""36.0"",10.839632982685316,0.1932034675614711,33.437615099712175,0.44936708860759494,38.86605007111723,30.997958855314405"
"320,641816,""Mahle, Tyler"",1672,19.1,0.233,0.123,0.32,0.356,0.284,0.27,0.221,17,73,88.1,19.9,2065,90.1,90.81,44,156,164,0.7000000000000028,6.58,117,147,114,152,295,326,304,""3.425"",""-3.425"",""70.9"",""7.2"",""2.595723331"",80,51,11,4,1,1,23,28.7,5,6.3,""1.84"",""0.97"",""0.8"",""-0.8"",""90.7"",163,35.294117647058826,3.9215686274509802,2.5,5.48,-1.98,-0.24,2.59,0.287,2,""-1.0703125"",0.28,0.324,""1.0703125"",0.012,0.006999999999999951,0.032,0.014,28.2,""40.6"",10.344367966326603,0.7870993706066465,32.30799937469231,0.4774193548387097,39.52812758603992,29.023916988031566"
"319,621111,""Buehler, Walker"",1883,16.9,0.324,0.296,0.352,0.62,0.43,0.323,0.239,23,71,88.9,15.7,2013,90.5,90.91,26,149,170,0.4000000000000057,6.48,120,147,117,153,300,325,302,""-7.311"",""7.311"",""69.8"",""6.9"",""1.694494566"",80,58,12,5,2,4,13,16.3,8,10,""2.18"",""0.62"",""0.18"",""-0.18"",""91.9"",154,36.206896551724135,10.344827586206897,7.5,5.54,-1.25,-0.01,2.35,0.4,6,""2.29184953"",0.324,0.421,""-2.29184953"",0.085,0.07600000000000001,0.199,0.107,17.4,""44.3"",6.470797748304998,0.623569444816245,33.069833623896834,0.4513888888888889,33.68515166798222,29.601712952803837"
"315,641793,""Littell, Zack"",1783,17.7,0.233,0.137,0.268,0.37,0.298,0.331,0.27,17,73,90.9,16.1,1804,88,88.03,31,160,155,0,6.11,114,145,116,152,298,328,304,""0.617"",""-0.617"",""69.9"",""6.9"",""1.885396058"",80,58,11,4,0,2,15,18.8,6,7.5,""2.28"",""0.67"",""0.52"",""-0.52"",""92.2"",180,43.103448275862064,8.620689655172415,6.25,6.1,-0.75,-0.05,2.42,0.3,5,""-0.195873016"",0.334,0.418,""0.195873016"",-0.037,-0.03400000000000003,-0.048,-0.033,19.4,""37.8"",7.9029792517558075,1.8427582410653567,32.243343099898915,0.44936708860759494,35.33103606794637,28.02675127288664"
"313,687064,""Young, Brandon"",1713,18.3,0.222,0.153,0.259,0.375,0.304,0.307,0.255,16,72,89.5,13.1,2040,88.1,88.29,34,147,166,0.20000000000000284,6.45,116,147,114,150,291,327,303,""2.042"",""-2.042"",""70.3"",""7.0"",""2.163469368"",81,56,10,3,1,2,16,19.8,9,11.1,""2.46"",""0.55"",""0.3"",""-0.3"",""92.1"",157,37.5,1.7857142857142856,1.2345679012345678,5.95,-1.51,-0.28,2.31,0.309,1,""-0.652396166"",0.338,0.343,""0.652396166"",-0.033,-0.029000000000000026,0.032,-0.003,23.1,""41.5"",6.438961781495925,4.329129473813147,31.99267814565826,0.3877551020408163,36.9593921127003,29.56561933844586"
"306,693433,""Woo, Bryan"",1954,15.7,0.265,0.176,0.319,0.441,0.35,0.332,0.239,18,68,91,11.4,2223,92.1,92.39,41,148,158,0.30000000000001137,6.44,113,141,105,149,283,319,302,""-0.612"",""0.612"",""69.4"",""6.8"",""1.838024956"",79,50,12,3,0,3,19,24.1,7,8.9,""2.05"",""0.65"",""0.61"",""-0.61"",""92.2"",168,42,6,3.79746835443038,5.07,-1.79,0.02,2.33,0.354,3,""0.2"",0.341,0.395,""-0.2"",0.026,0.012999999999999956,0.046,0.018,27.7,""25.4"",7.167971008210598,2.5612324863948155,32.61837159106561,0.41843971631205673,36.12329225132238,28.390180396671386"
"305,641927,""Ober, Bailey"",1436,21.2,0.224,0.105,0.242,0.329,0.267,0.318,0.263,17,76,88.1,20.9,2140,83.1,84.5,18,141,164,1.4000000000000057,7.08,118,146,111,151,294,333,300,""3.481"",""-3.481"",""71.9"",""7.4"",""2.62554044"",81,67,11,5,0,1,9,11.1,5,6.2,""2.56"",""0.75"",""0.47"",""-0.47"",""91.8"",168,31.343283582089555,7.462686567164178,6.172839506172839,5.86,-1.33,-0.16,2.11,0.272,5,""-1.141311475"",0.308,0.424,""1.141311475"",-0.039,-0.035999999999999976,-0.095,-0.051,12.8,""28.8"",14.453489485642704,-9.06717396599711,32.62569947377346,0.5214285714285715,36.62358376842472,37.79236175274214"
"304,700712,""Ureña, Walbert"",1746,17.4,0.183,0.083,0.227,0.267,0.285,0.313,0.205,11,60,87.1,3.6,1987,93.8,93.52,43,135,169,-0.29999999999999716,6.15,115,146,111,151,297,328,307,""1.285"",""-1.285"",""70.9"",""7.2"",""2.648023295"",73,45,8,2,0,1,15,20.5,12,16.4,""2.01"",""0.6"",""1.01"",""-1.01"",""91.2"",157,35.55555555555556,2.2222222222222223,1.36986301369863,6.32,-1.04,-0.27,2.05,0.329,1,""-0.422697368"",0.349,0.326,""0.422697368"",-0.022,-0.019999999999999962,-0.059,-0.028,31.9,""43.9"",9.26228110495147,0.2955137243419943,32.24516229702982,0.39849624060150374,37.705201496986504,30.562337134722508"
"304,805673,""Matthews, Zebby"",1386,21.9,0.333,0.19,0.413,0.524,0.403,0.341,0.272,21,63,91.9,2.4,2140,90.5,90.87,24,134,170,0.4000000000000057,6.38,118,144,113,150,295,330,293,""-7.806"",""7.806"",""71.1"",""7.3"",""2.396802936"",75,48,13,6,0,2,17,22.7,10,13.3,""2.09"",""0.71"",""0.49"",""-0.49"",""93.0"",161,45.83333333333333,10.416666666666668,6.666666666666667,5.82,-2.28,-0.26,2.1,0.413,5,""2.567763158"",0.373,0.364,""-2.567763158"",0.061,0.03999999999999998,0.16,0.062,17.9,""37.0"",8.120023922882789,1.1680738721989923,33.37652218350252,0.5075757575757576,37.77801380266237,29.765326650946715"
"301,607259,""Martinez, Nick"",1801,16.7,0.212,0.2,0.188,0.412,0.271,0.31,0.258,17,80,87.3,18.9,2173,86.7,86.39,26,159,142,-0.29999999999999716,5.98,113,148,111,153,295,333,307,""2.539"",""-2.539"",""68.7"",""7.0"",""2.060483729"",81,69,11,1,0,5,11,13.6,1,1.2,""2.33"",""0.74"",""0.65"",""-0.65"",""91.4"",179,33.33333333333333,10.144927536231885,8.641975308641975,6.02,-1.63,-0.02,2.47,0.222,7,""-0.843521595"",0.267,0.462,""0.843521595"",-0.046,-0.04500000000000001,-0.05,-0.039,16.4,""54.4"",10.125560761713626,-3.3172090590408563,32.75553777167688,0.5477707006369427,35.0867310120608,31.612399652188248"
"296,687312,""Hughes, Gabriel"",470,63,0.269,0.119,0.309,0.388,0.304,0.271,0.232,18,67,86.7,8.9,2161,88.8,90.42,24,147,149,1.6000000000000085,6.88,121,146,117,151,301,332,305,""1.348"",""-1.348"",""70.1"",""7.1"",""3.620222261"",75,57,13,3,1,1,13,17.3,5,6.7,""2.46"",""0.42"",""-0.15"",""0.15"",""90.9"",135,28.07017543859649,3.508771929824561,2.666666666666667,5.51,-2.43,0.01,2.26,0.311,2,""-0.455405405"",0.28,0.326,""0.455405405"",0.037,0.030999999999999972,0.062,0.033,16.3,""43.4"",7.0069171971892334,2.9554019800858904,34.56492262857637,0.45517241379310347,34.34326848241119,27.814389834406867"
"290,663372,""Feltner, Ryan"",1335,21.7,0.328,0.266,0.321,0.594,0.412,0.375,0.268,21,64,84.1,13,2181,89,90.17,29,127,163,1.2000000000000028,6.63,117,145,113,150,297,331,304,""-6.198"",""6.198"",""70.9"",""7.2"",""2.026950536"",78,57,13,3,1,4,11,14.1,10,12.8,""2.27"",""0.6"",""0.1"",""-0.1"",""91.6"",163,33.33333333333333,14.035087719298245,10.256410256410255,5.56,-1.65,-0.03,2.5,0.397,8,""2.137241379"",0.355,0.519,""-2.137241379"",0.06,0.04200000000000004,0.075,0.037,22.8,""45.2"",11.879598161175027,-4.776263487802971,33.0559092484098,0.48760330578512395,34.11381726107741,33.30125930610557"
"290,678022,""Perkins, Jack"",1352,21.4,0.293,0.362,0.324,0.655,0.437,0.342,0.217,17,58,89.2,18.8,2029,90.9,91.1,32,123,167,0.19999999999998863,6.29,113,147,116,150,290,323,300,""-7.643"",""7.643"",""69.5"",""7.0"",""2.800063501"",69,40,8,3,0,6,19,27.5,10,14.5,""2.28"",""0.47"",""0.43"",""-0.43"",""91.7"",173,45,20,11.594202898550725,5.41,-1.9,-0.13,2.2,0.391,8,""2.635517241"",0.328,0.466,""-2.635517241"",0.076,0.063,0.189,0.095,26,""33.1"",7.550583166322035,1.4976576448617172,33.89628917752815,0.5040650406504065,34.37014835412802,29.446530923908576"
"288,669467,""Pallante, Andre"",2018,14.3,0.261,0.116,0.304,0.377,0.309,0.295,0.237,18,69,89.3,1.9,2184,90.9,91.55,31,129,159,0.5999999999999943,6.58,120,145,108,152,294,320,298,""1.634"",""-1.634"",""69.5"",""6.9"",""2.667453157"",75,57,12,5,0,1,12,16,6,8,""2.4"",""0.39"",""-0.08"",""0.08"",""92.0"",120,35.08771929824561,7.017543859649122,5.333333333333334,5.95,-1.76,0.05,2.31,0.32,4,""-0.567361111"",0.298,0.374,""0.567361111"",0.024,0.02200000000000002,0.003,0.014,24,""55.4"",7.673572923806077,3.1890334364957478,33.39609160642123,0.48412698412698413,34.30583360958458,28.5678564102028"
"287,680694,""Bradish, Kyle"",2110,13.6,0.191,0.074,0.255,0.265,0.225,0.292,0.263,13,68,85,8.7,2388,90.9,91.16,31,140,147,0.29999999999999716,6.38,117,147,113,151,293,326,306,""4.505"",""-4.505"",""68.8"",""6.9"",""3.691339666"",72,51,9,3,1,0,17,23.6,4,5.6,""2.44"",""0.34"",""-0.01"",""0.01"",""91.3"",140,36,2,1.3888888888888888,6.21,-1.3,-0.09,2.16,0.236,1,""-1.569686411"",0.305,0.352,""1.569686411"",-0.072,-0.069,-0.087,-0.067,22.1,""53.3"",8.014082731160222,3.499488777342113,32.487264638115626,0.460431654676259,36.82113301940742,27.757167012853472"
"286,676106,""Hancock, Emerson"",1914,14.9,0.284,0.134,0.34,0.418,0.341,0.272,0.207,19,67,84.9,14.6,2292,90.7,90.76,32,150,136,0.09999999999999432,6.21,114,144,110,151,283,320,302,""-2.019"",""2.019"",""69.5"",""6.9"",""1.866653984"",75,52,14,3,0,2,15,20,7,9.3,""2.56"",""0.26"",""0.71"",""-0.71"",""90.4"",167,28.846153846153843,3.8461538461538463,2.666666666666667,4.98,-2.97,-0.3,2.26,0.36,2,""0.705944056"",0.291,0.324,""-0.705944056"",0.077,0.069,0.094,0.069,21.3,""11.0"",5.2827710965719685,3.296763684595687,35.19491746949978,0.3825503355704698,37.995961252350654,26.51042423948113"
"285,696270,""Johnson, Ryan"",918,31,0.295,0.197,0.311,0.492,0.393,0.401,0.285,18,61,82.5,19,2201,87.1,87.11,28,111,174,0,6.2,117,146,116,152,302,331,308,""-4.733"",""4.733"",""70.7"",""7.4"",""4.828722598"",72,49,14,0,0,4,12,16.7,11,15.3,""2.57"",""0.44"",""0.54"",""-0.54"",""91.7"",157,26.53061224489796,16.3265306122449,11.11111111111111,5.62,-2.89,-0.12,2.04,0.403,8,""1.660701754"",0.394,0.535,""-1.660701754"",0.01,0.009000000000000008,-0.043,-0.008,25.2,""16.7"",13.65236314976751,-13.64502922251295,38.18877726639318,0.5321100917431193,35.72885332237718,35.37636819091176"
"284,668881,""Greene, Hunter"",456,62.3,0.254,0.134,0.357,0.388,0.317,0.29,0.225,17,67,90.5,21.8,2202,93.8,94.55,42,144,140,0.7000000000000028,6.66,118,146,106,149,291,327,302,""-2.347"",""2.347"",""69.7"",""7.1"",""3.884815261"",74,44,12,3,0,2,23,31.1,7,9.5,""1.69"",""0.91"",""0.32"",""-0.32"",""92.3"",180,51.162790697674424,4.651162790697675,2.7027027027027026,6.09,-1.58,0.13,2.31,0.324,2,""0.826408451"",0.299,0.353,""-0.826408451"",0.029,0.025000000000000022,0.035,0.027,29.2,""40.4"",11.6677264417487,-3.7411771984667515,34.175271070560484,0.4236111111111111,34.1442997918673,31.96845697873983"
"279,543135,""Eovaldi, Nathan"",2007,13.9,0.296,0.169,0.352,0.465,0.347,0.301,0.265,21,71,88.2,6.3,1840,86.4,87.26,41,144,135,0.8999999999999915,6.77,117,146,109,152,298,331,305,""0.228"",""-0.228"",""72.1"",""7.4"",""2.368083825"",77,56,13,6,0,2,16,20.8,5,6.5,""2.95"",""0.16"",""0.39"",""-0.39"",""91.9"",142,44.642857142857146,7.142857142857142,5.194805194805195,5.73,-2.26,-0.15,2.02,0.338,4,""-0.08172043"",0.31,0.38,""0.08172043"",0.031,0.028000000000000025,0.085,0.046,28.5,""38.4"",12.747080607279386,-3.5081694386722826,34.06294300795908,0.4791666666666667,38.01613400310211,34.88796177655683"
"279,571945,""Mikolas, Miles"",1788,15.6,0.365,0.297,0.355,0.662,0.448,0.404,0.339,27,74,91.8,16,2173,87.2,87.2,17,138,141,0,6.11,118,145,119,153,301,332,308,""-7.983"",""7.983"",""71.2"",""7.3"",""2.772695365"",77,67,15,7,0,5,7,9.1,3,3.9,""2.59"",""0.44"",""0.45"",""-0.45"",""93.2"",168,52.23880597014925,8.955223880597014,7.792207792207792,6.62,-1.42,-0.04,2.16,0.39,6,""2.861290323"",0.365,0.582,""-2.861290323"",0.026,0.025000000000000022,0.08,0.044,12.3,""44.7"",11.185813242522725,-2.889973635827987,34.27993150279735,0.5147058823529411,35.87423779003126,32.37532138380867"
"279,622491,""Castillo, Luis"",1839,15.2,0.368,0.353,0.38,0.721,0.478,0.395,0.315,25,68,88.5,17.1,2160,91.6,90.5,29,151,128,-1.0999999999999943,5.47,120,147,109,150,282,319,302,""-9.356"",""9.356"",""70.7"",""7.1"",""1.917736725"",75,57,13,6,0,6,12,16,6,8,""2.26"",""0.47"",""0.93"",""-0.93"",""91.9"",194,36.84210526315789,12.280701754385964,9.333333333333334,4.98,-1.96,-0.2,2.47,0.419,7,""3.353405018"",0.37,0.568,""-3.353405018"",0.053,0.04899999999999999,0.153,0.083,19.2,""14.3"",8.038364542697604,1.1826159447778224,32.196220512877005,0.5436241610738255,37.93590725276936,28.327758828049742"
"278,680570,""Rodriguez, Grayson"",1026,27.1,0.295,0.18,0.34,0.475,0.347,0.332,0.275,18,61,91.2,19.8,2148,89.4,90.82,39,139,139,1.3999999999999915,7.19,116,145,116,151,299,329,307,""-1.982"",""1.982"",""69.7"",""7.1"",""2.982472161"",71,51,10,6,1,1,13,18.3,7,9.9,""2.14"",""0.77"",""0.72"",""-0.72"",""92.2"",190,49.01960784313725,3.9215686274509802,2.8169014084507045,5.67,-2.47,-0.27,2.27,0.352,2,""0.71294964"",0.354,0.378,""-0.71294964"",0.02,-0.0020000000000000018,0.097,0.015,28.1,""38.4"",9.41082901131876,-2.0767033060369533,34.132381234954266,0.4233576642335766,37.89484137193109,30.594515343806975"
"278,702056,""Yesavage, Trey"",1549,17.9,0.179,0.143,0.205,0.321,0.284,0.302,0.201,10,56,86.6,17.6,1909,89.3,89.35,41,130,148,0,6.1,117,147,115,153,285,319,299,""-0.076"",""0.076"",""70.2"",""7.3"",""3.839147749"",69,41,6,2,0,2,17,24.6,11,15.9,""1.79"",""1.07"",""0.6"",""-0.6"",""90.4"",170,21.951219512195124,4.878048780487805,2.898550724637681,7.11,-0.44,-0.32,2.3,0.304,2,""0.027338129"",0.328,0.331,""-0.027338129"",-0.022,-0.02400000000000002,-0.01,-0.018,31.5,""65.2"",10.889996671976514,-0.20236712653931832,31.973467800801163,0.4728682170542636,37.937997479748724,30.26813671568905"
"277,615698,""Quantrill, Cal"",1043,26.6,0.271,0.229,0.275,0.5,0.354,0.375,0.293,19,70,92.3,13.2,1781,88.6,88.88,26,140,137,0.30000000000001137,6.37,119,146,110,152,297,329,303,""-2.504"",""2.504"",""69.9"",""7.1"",""0.771923778"",76,56,13,1,0,5,14,18.4,5,6.6,""2.37"",""0.55"",""0.55"",""-0.55"",""92.1"",160,42.10526315789473,10.526315789473683,7.894736842105263,6.26,-1.39,-0.46,2.44,0.32,6,""0.903971119"",0.34,0.536,""-0.903971119"",-0.022,-0.020000000000000018,-0.036,-0.021,18.6,""43.5"",7.861711303795917,3.4804693634772463,32.61443611766928,0.5263157894736842,38.96359186155396,28.089627890650817"
"274,657746,""Ryan, Joe"",2091,13.1,0.319,0.246,0.34,0.565,0.386,0.306,0.251,22,69,91.7,16.3,2329,89.2,90.02,32,143,131,0.7999999999999972,6.79,121,146,116,152,294,327,299,""-4.833"",""4.833"",""72.0"",""7.3"",""2.7589601"",71,57,13,5,0,4,12,16.9,2,2.8,""2.32"",""0.57"",""0.83"",""-0.83"",""92.2"",185,45.614035087719294,5.263157894736842,4.225352112676056,4.71,-2.52,-0.09,2.24,0.338,3,""1.763868613"",0.272,0.439,""-1.763868613"",0.068,0.066,0.126,0.08,22.4,""23.1"",9.714362785329163,-1.855347940581272,31.235182153360842,0.5319148936170213,37.32719512422547,30.259981388645794"
"274,687075,""Sproat, Brandon"",1721,15.9,0.308,0.173,0.368,0.481,0.384,0.346,0.279,16,52,91.7,7.5,2054,93.6,93.74,27,131,143,0.10000000000000853,6.36,115,149,123,152,291,327,306,""-2.803"",""2.803"",""70.0"",""7.0"",""1.161814201"",59,40,11,3,0,2,12,20.3,4,6.8,""2.13"",""0.49"",""0.54"",""-0.54"",""91.4"",154,45,7.5,5.084745762711865,5.56,-2.48,-0.14,2.1,0.39,3,""1.022992701"",0.364,0.413,""-1.022992701"",0.029,0.026000000000000023,0.068,0.038,20.6,""32.4"",7.641644400001421,2.5053118570235595,34.591687792073884,0.4732824427480916,36.89624959193923,26.468285174305304"
"272,656605,""Keller, Mitch"",1888,14.4,0.333,0.275,0.345,0.609,0.428,0.406,0.329,23,69,91.7,17.9,2346,88.5,89.13,22,124,148,0.5999999999999943,6.49,114,144,113,151,301,327,305,""-7.465"",""7.465"",""72.4"",""7.4"",""2.153317477"",76,59,13,5,1,4,10,13.2,6,7.9,""2.47"",""0.46"",""0.25"",""-0.25"",""93.8"",185,45.76271186440678,10.16949152542373,7.894736842105263,5.72,-1.77,0.01,2.36,0.395,6,""2.744485294"",0.391,0.554,""-2.744485294"",0.004,0.0040000000000000036,0.055,0.022,17.7,""35.2"",12.369438174362116,-4.887593002570546,33.58684660094258,0.5040650406504065,33.86337373456984,32.93423894201756"
"272,682243,""Miller, Bryce"",1183,23,0.286,0.186,0.304,0.471,0.359,0.303,0.252,20,70,88.6,19,2015,89.9,90.12,32,147,125,0.19999999999998863,6.37,116,144,110,151,284,320,300,""-4.277"",""4.277"",""70.5"",""7.2"",""2.54412794"",77,59,13,4,0,3,11,14.3,6,7.8,""1.99"",""0.86"",""0.4"",""-0.4"",""91.6"",161,35.59322033898305,3.389830508474576,2.5974025974025974,5.59,-1.14,0.17,2.08,0.351,2,""1.572426471"",0.32,0.359,""-1.572426471"",0.034,0.030999999999999972,0.112,0.056,21.8,""46.3"",11.528339531914755,-6.346935612598115,34.57360941750518,0.5915492957746479,33.63292482558274,33.56392934941064"
"272,701656,""Henderson, Logan"",759,35.8,0.19,0.238,0.205,0.429,0.293,0.292,0.221,12,63,88.5,14.8,2403,87.4,87.44,40,138,134,0,6.31,120,149,121,152,291,327,308,""1.213"",""-1.213"",""69.2"",""7.1"",""3.398287473"",68,43,5,3,0,4,20,29.4,4,5.9,""2.02"",""1"",""0.99"",""-0.99"",""92.1"",184,46.51162790697674,11.627906976744185,7.352941176470589,5.14,-1.72,-0.24,2.41,0.25,5,""-0.445955882"",0.278,0.389,""0.445955882"",-0.031,-0.028000000000000025,0.04,0.001,29,""29.4"",10.593279573943418,-4.665497256355463,32.93955360729632,0.5,37.3056145469313,33.10201806021264"
"271,607200,""Fedde, Erick"",1832,14.8,0.267,0.183,0.295,0.45,0.332,0.332,0.26,16,60,90.4,6.6,2167,90,90.73,19,111,160,0.7000000000000028,6.57,119,148,110,151,287,323,302,""-1.314"",""1.314"",""70.3"",""6.9"",""0.89981925"",65,47,11,2,0,3,13,20,5,7.7,""2.37"",""0.46"",""-0.04"",""0.04"",""92.9"",155,55.319148936170215,8.51063829787234,6.153846153846154,5.86,-1.35,-0.25,2.5,0.323,4,""0.484870849"",0.317,0.465,""-0.484870849"",0.007,0.006000000000000005,-0.015,0,17.1,""36.5"",6.907435245572963,6.480206388133446,31.030342869117202,0.46296296296296297,35.55060570062457,26.842282793323154"
"268,665152,""Kremer, Dean"",686,39.1,0.316,0.316,0.304,0.632,0.423,0.346,0.271,18,57,86.8,16.2,2038,86.2,86.32,23,124,144,0.09999999999999432,6.24,117,146,115,151,287,323,305,""-5.319"",""5.319"",""70.0"",""7.2"",""3.27780841"",67,50,10,2,2,4,9,13.4,8,11.9,""2.43"",""0.68"",""0.43"",""-0.43"",""91.1"",173,32,4,2.9850746268656714,6.06,-1.91,-0.29,2.3,0.388,2,""1.984701493"",0.356,0.43,""-1.984701493"",0.045,0.03200000000000003,0.202,0.077,18.5,""43.1"",14.04000380090794,-7.868498260028229,32.09672878462825,0.4032258064516129,37.331233374379394,35.48987698904084"
"268,695076,""Lowder, Rhett"",1514,17.7,0.273,0.227,0.288,0.5,0.359,0.363,0.27,18,66,89.5,19.3,2331,89,88.79,28,133,135,-0.20000000000000284,6.17,117,146,112,150,290,325,299,""-1.351"",""1.351"",""69.1"",""7.1"",""2.500664415"",75,55,10,4,1,3,12,16,8,10.7,""2.61"",""0.29"",""0.73"",""-0.73"",""91.9"",177,38.88888888888889,9.25925925925926,6.666666666666667,5.58,-2.43,0.01,2.12,0.347,5,""0.504104478"",0.346,0.51,""-0.504104478"",0.003,0.0010000000000000009,-0.01,-0.004,21.1,""29.5"",9.359021976355105,1.3421834418706469,34.808143979421764,0.45384615384615384,36.17614702250824,29.534353830398384"
"267,667755,""Soriano, José"",2141,12.5,0.179,0.036,0.222,0.214,0.238,0.307,0.226,10,56,88.7,4.6,2004,92.5,93.35,26,119,148,0.9000000000000057,6.75,117,147,111,151,295,328,305,""3.829"",""-3.829"",""68.4"",""7.0"",""3.069782295"",66,47,8,2,0,0,11,16.7,8,12.1,""2.4"",""0.28"",""0.54"",""-0.54"",""92.2"",127,42.5531914893617,4.25531914893617,3.0303030303030303,5.84,-2.23,-0.24,2.06,0.281,2,""-1.434082397"",0.323,0.361,""1.434082397"",-0.047,-0.04199999999999998,-0.147,-0.069,21.8,""35.7"",7.863297360133339,-0.0952885852788272,34.14175797933959,0.5726495726495726,37.58487794293553,28.154086330137478"
"263,687473,""Gusto, Ryan"",788,33.4,0.224,0.209,0.25,0.433,0.307,0.298,0.25,15,67,91.3,9.8,2253,88.9,89.46,28,124,139,0.5999999999999943,6.51,118,146,104,149,302,329,303,""1.017"",""-1.017"",""69.7"",""6.9"",""1.272339493"",72,54,6,6,1,2,13,18.1,5,6.9,""2.45"",""0.45"",""0.07"",""-0.07"",""92.4"",160,42.592592592592595,5.555555555555555,4.166666666666666,5.74,-1.56,-0.13,2.36,0.278,3,""-0.386692015"",0.302,0.376,""0.386692015"",-0.026,-0.023999999999999966,0.057,0.009,22.6,""47.2"",7.027003086968781,6.50149895521848,34.07327780948895,0.39166666666666666,36.26395440161754,27.49630758892012"
"258,608566,""Márquez, Germán"",920,28,0.278,0.259,0.3,0.537,0.385,0.37,0.277,15,54,93.2,13.2,2288,91.3,89.75,23,129,129,-1.5999999999999943,5.44,119,146,121,153,297,327,307,""-5.731"",""5.731"",""68.9"",""7.1"",""4.310734666"",63,43,7,5,0,3,12,19,7,11.1,""1.99"",""0.77"",""0.67"",""-0.67"",""92.8"",178,55.81395348837209,6.976744186046512,4.761904761904762,6.05,-1.66,-0.04,1.98,0.365,3,""2.221317829"",0.372,0.457,""-2.221317829"",0.001,-0.007000000000000006,0.08,0.015,17.8,""39.1"",8.319097485408841,-2.5484253642270636,34.53742986397778,0.4881889763779528,35.6094175673019,30.18697408523403"
"256,677958,""Rocker, Kumar"",1846,13.9,0.345,0.293,0.381,0.638,0.456,0.436,0.333,20,58,89.3,17.9,2096,88.7,89.43,30,121,135,0.7000000000000028,6.68,120,148,113,153,300,333,303,""-6.734"",""6.734"",""70.9"",""7.3"",""5.052737368"",67,46,11,5,0,4,12,17.9,9,13.4,""2.63"",""0.29"",""0.37"",""-0.37"",""92.2"",167,45.65217391304348,10.869565217391305,7.462686567164178,5.77,-2.22,-0.18,2.1,0.433,5,""2.63046875"",0.423,0.595,""-2.63046875"",0.012,0.010000000000000009,0.043,0.02,24.8,""31.8"",12.735523180417852,-2.6262171880572542,33.850211269175,0.5210084033613446,35.712744872428004,34.19220812460982"
"256,592332,""Gausman, Kevin"",2238,11.4,0.271,0.085,0.326,0.356,0.313,0.267,0.224,16,59,80.6,12,1947,89,89.83,29,125,131,0.7999999999999972,6.83,110,145,112,151,287,320,303,""-1.779"",""1.779"",""70.1"",""7.4"",""3.265995384"",66,47,13,2,0,1,12,18.2,7,10.6,""2.01"",""0.9"",""1"",""-1"",""90.3"",155,25.53191489361702,2.127659574468085,1.5151515151515151,5.72,-2.48,-0.38,1.91,0.348,1,""0.694921875"",0.306,0.289,""-0.694921875"",0.047,0.04199999999999998,0.067,0.046,23.2,""37.3"",10.311528735778921,-0.9695082552709071,33.7450748176638,0.37398373983739835,39.25582975307323,31.829353734902398"
"256,663969,""Phillips, Tyler"",1483,17.3,0.323,0.123,0.352,0.446,0.37,0.4,0.337,21,65,93.8,11.7,2050,88.2,88.01,27,121,135,-0.20000000000000284,6.23,112,147,106,150,296,324,297,""-1.346"",""1.346"",""71.4"",""7.5"",""3.270327003"",72,56,17,2,0,2,9,12.5,7,9.7,""2.85"",""0.12"",""0.35"",""-0.35"",""93.5"",160,55.35714285714286,5.357142857142857,4.166666666666666,6.05,-1.16,-0.11,1.93,0.389,3,""0.52578125"",0.402,0.527,""-0.52578125"",-0.014,-0.013000000000000012,-0.081,-0.03,22.3,""31.5"",12.477470448333976,-8.637986859001009,34.04413110012631,0.5130434782608696,36.62857842769431,34.5047192278765"
"255,669387,""Mlodzinski, Carmen"",1637,15.6,0.234,0.125,0.255,0.359,0.288,0.345,0.297,15,64,88.6,17.6,2079,89.8,90.32,26,118,137,0.5,6.45,114,145,111,152,299,322,302,""2.15"",""-2.15"",""70.0"",""7.3"",""2.261054236"",69,56,9,5,0,1,8,11.6,5,7.2,""2.5"",""0.33"",""0.61"",""-0.61"",""92.3"",158,44.642857142857146,5.357142857142857,4.3478260869565215,5.24,-1.49,-0.31,2.33,0.29,3,""-0.843137255"",0.348,0.441,""0.843137255"",-0.063,-0.057999999999999996,-0.082,-0.057,22,""29.8"",9.410466950223128,-5.636064526437929,32.507019345240955,0.4608695652173913,36.40606457538283,30.557397461005806"
"255,625643,""López, Reynaldo"",1228,20.8,0.173,0.212,0.171,0.385,0.296,0.33,0.224,9,52,88.8,17.4,2156,87.5,88.06,31,113,142,0.5999999999999943,6.55,120,146,117,153,305,324,308,""0.718"",""-0.718"",""69.2"",""7.1"",""3.496852572"",60,38,5,0,1,3,14,23.3,8,13.3,""2.42"",""0.63"",""0.11"",""-0.11"",""90.8"",181,36.84210526315789,13.157894736842104,8.333333333333332,5.7,-1.94,-0.31,2.05,0.283,5,""-0.281568627"",0.327,0.428,""0.281568627"",-0.051,-0.04400000000000004,-0.043,-0.034,27.4,""41.1"",8.870714347427004,2.017453463400373,34.09967394210538,0.39285714285714285,37.00274886395864,30.730357822326777"
"251,669923,""Kirby, George"",2009,12.5,0.281,0.298,0.286,0.579,0.385,0.339,0.266,16,57,90.8,20.3,2189,91.5,92.09,25,123,128,0.5999999999999943,6.65,119,146,104,152,282,319,302,""-3.831"",""3.831"",""70.0"",""7.0"",""2.863059078"",61,46,8,3,1,4,11,18,4,6.6,""2.38"",""0.37"",""0.33"",""-0.33"",""92.1"",175,41.30434782608695,8.695652173913043,6.557377049180328,5.71,-1.55,0.04,2.42,0.328,4,""1.526294821"",0.315,0.472,""-1.526294821"",0.015,0.013000000000000012,0.107,0.046,20.3,""33.3"",8.722416089243445,-0.9813063493422577,30.82236737192381,0.5454545454545454,34.69446934611028,30.207663577865812"
"251,672456,""Montero, Keider"",1768,14.2,0.242,0.145,0.271,0.387,0.308,0.316,0.237,15,62,88.7,10.9,2336,89,88.96,25,117,134,0,6.26,119,146,110,150,289,329,303,""-0.671"",""0.671"",""69.5"",""7.3"",""3.118669966"",71,51,10,3,0,2,12,16.9,8,11.3,""2.27"",""0.64"",""0.36"",""-0.36"",""91.5"",168,35.294117647058826,7.8431372549019605,5.633802816901409,5.9,-2.31,-0.1,2.43,0.329,4,""0.267330677"",0.325,0.42,""-0.267330677"",0.005,0.0040000000000000036,-0.033,-0.008,21.4,""42.5"",11.026424769456511,-4.176757524462512,32.006448138288384,0.504424778761062,36.3248515098708,32.05081973398372"
"250,677944,""Cecconi, Slade"",1860,13.4,0.367,0.267,0.396,0.633,0.444,0.39,0.323,22,60,92.4,15.7,2340,88.5,88.9,18,122,128,0.4000000000000057,6.49,116,146,118,150,300,325,306,""-7.472"",""7.472"",""70.0"",""7.0"",""3.958154561"",64,51,12,7,0,3,9,14.1,4,6.3,""2.5"",""0.45"",""0.47"",""-0.47"",""93.5"",187,58.82352941176471,11.76470588235294,9.375,5.79,-2.2,-0.14,2.41,0.406,6,""2.9888"",0.366,0.545,""-2.9888"",0.044,0.040000000000000036,0.088,0.054,14.8,""37.4"",10.459677043397816,-1.9499601808816553,31.877965919808144,0.55,35.744626360524094,31.605596496829428"
"241,693821,""Elder, Bryce"",1884,12.8,0.164,0.255,0.135,0.418,0.294,0.323,0.235,9,55,88.8,16,2136,88.6,88.81,24,116,125,0.20000000000000284,6.34,121,147,120,153,307,323,305,""-0.938"",""0.938"",""72.2"",""7.1"",""1.714904992"",62,41,3,2,0,4,14,22.6,7,11.3,""2.23"",""0.67"",""0.42"",""-0.42"",""91.5"",152,41.46341463414634,7.317073170731707,4.838709677419355,6.14,-1.62,-0.11,2.46,0.258,3,""0.389211618"",0.322,0.411,""-0.389211618"",-0.071,-0.064,0.007,-0.029,20.7,""48.4"",10.807615552649334,-0.5998086166290125,33.411163728554875,0.5614035087719298,35.146321519457274,31.191072738147643"
"239,594798,""deGrom, Jacob"",1983,12.1,0.278,0.167,0.378,0.444,0.329,0.319,0.236,15,54,95.1,23.3,2401,92.7,93.49,36,112,127,0.7999999999999972,6.71,117,146,111,152,296,328,303,""-1.604"",""1.604"",""70.7"",""7.1"",""1.818634845"",58,38,9,4,1,1,16,27.6,4,6.9,""1.93"",""0.75"",""0.26"",""-0.26"",""93.0"",200,68.42105263157895,13.157894736842104,8.620689655172415,5.62,-1.48,-0.23,2.28,0.328,5,""0.671129707"",0.289,0.469,""-0.671129707"",0.042,0.039000000000000035,-0.025,0.01,32.1,""35.1"",9.113282388234065,1.7969646459775568,32.61170220680481,0.4636363636363636,36.56665595459336,29.46610478422479"
"239,686218,""Sheehan, Emmet"",1704,14,0.286,0.265,0.333,0.551,0.38,0.312,0.235,14,49,87.4,24.5,2164,88.4,89.02,27,114,125,0.5999999999999943,6.59,118,147,113,152,283,317,297,""-2.339"",""2.339"",""69.6"",""7.2"",""1.756357062"",56,36,7,4,0,3,14,25,5,8.9,""2.41"",""0.54"",""0.42"",""-0.42"",""91.4"",174,38.88888888888889,8.333333333333332,5.357142857142857,5.46,-1.46,-0.07,2.58,0.357,3,""0.978661088"",0.314,0.417,""-0.978661088"",0.051,0.04299999999999998,0.134,0.068,23.7,""32.4"",8.853269305679888,-2.343268722052039,28.7275317502896,0.6140350877192983,34.860733325420604,31.11296564990726"
"238,681517,""Leahy, Kyle"",1852,12.9,0.345,0.109,0.409,0.455,0.378,0.389,0.336,19,55,90.2,3.6,2083,89.3,90.76,19,107,131,1.5,7.14,118,146,110,152,294,320,301,""-1.591"",""1.591"",""71.4"",""7.3"",""2.869010182"",60,45,15,3,0,1,10,16.7,4,6.7,""2.59"",""0.28"",""0.01"",""-0.01"",""92.2"",140,42.22222222222222,8.88888888888889,6.666666666666667,5.52,-1.9,-0.18,2.3,0.4,4,""0.668487395"",0.392,0.498,""-0.668487395"",0.009,0.008000000000000007,-0.043,-0.011,17.8,""40.9"",11.846320577579503,1.486946576497362,33.433318973371364,0.49514563106796117,37.798312152401515,31.60952538683609"
"237,607536,""Freeland, Kyle"",1845,12.8,0.299,0.119,0.388,0.418,0.332,0.279,0.23,20,67,84.1,10.4,2320,88.1,89.01,32,119,118,0.9000000000000057,6.6,119,144,117,149,297,328,304,""0.348"",""-0.348"",""69.7"",""7.2"",""3.132874812"",71,50,14,5,0,1,17,23.9,4,5.6,""2.44"",""0.49"",""0.38"",""0.38"",""91.4"",149,24,10,7.042253521126761,5.69,2.68,-0.17,2.23,0.338,5,""-0.146835443"",0.274,0.363,""0.146835443"",0.069,0.064,0.055,0.053,26.9,""25.3"",9.413249558657121,-2.1752677616774054,33.69008394338444,0.5739130434782609,36.376252983878516,31.427828271147234"
"234,679883,""Avila, Luinder"",1293,18.1,0.232,0.054,0.283,0.286,0.253,0.319,0.28,13,56,88.1,8.2,2445,91.5,92.46,24,111,123,1,6.63,117,146,119,151,295,327,296,""3.21"",""-3.21"",""71.1"",""7.3"",""2.181462037"",62,47,11,1,1,0,11,17.7,4,6.5,""2.23"",""0.5"",""0.3"",""-0.3"",""92.0"",141,40.42553191489361,2.127659574468085,1.6129032258064515,6.1,-1.58,-0.07,2.05,0.279,1,""-1.371794872"",0.325,0.405,""1.371794872"",-0.048,-0.045999999999999985,-0.119,-0.066,21.6,""50.1"",10.489959026883453,-2.5050346929330036,35.4815282423329,0.5181818181818182,35.746481949096754,30.37111292389569"
"232,693686,""Miles, Spencer"",1185,19.6,0.31,0.172,0.378,0.483,0.346,0.266,0.252,18,58,88.5,7.4,2456,91,91.44,16,117,115,0.4000000000000057,6.7,114,147,109,152,283,318,296,""-1.274"",""1.274"",""69.2"",""6.8"",""0.856331015"",62,46,11,5,1,1,13,21,3,4.8,""2.58"",""0.24"",""0.36"",""-0.36"",""90.9"",167,34.78260869565217,2.1739130434782608,1.6129032258064515,5.85,-1.24,-0.05,2.59,0.339,1,""0.549137931"",0.292,0.316,""-0.549137931"",0.058,0.04700000000000004,0.167,0.08,13.7,""37.1"",4.775374558066935,6.244370709845414,32.77406251642774,0.3565217391304348,35.03771232920806,25.90599273357618"
"229,669854,""Blanco, Ronel"",331,69.2,0.25,0.273,0.258,0.523,0.395,0.343,0.207,11,44,88.1,15.6,1969,87.2,87.91,32,116,113,0.7000000000000028,6.8,115,147,104,152,285,321,295,""-3.963"",""3.963"",""68.4"",""7.2"",""4.376260298"",54,34,6,1,1,3,10,18.5,10,18.5,""2.3"",""0.74"",""0.45"",""-0.45"",""91.6"",150,38.23529411764706,8.823529411764707,5.555555555555555,6.05,-1.48,-0.16,2.48,0.389,3,""1.730567686"",0.354,0.414,""-1.730567686"",0.043,0.03500000000000003,0.109,0.052,27.6,""46.6"",12.487359541026382,-5.975678069029144,30.91027168585101,0.5225225225225225,34.68880521042122,34.79140842263204"
"229,676083,""Junk, Janson"",1316,17.4,0.294,0.098,0.368,0.392,0.347,0.351,0.272,15,51,92.8,14.3,2249,90.2,90.13,10,97,132,-0.10000000000000853,6.38,118,147,110,151,296,330,301,""-1.413"",""1.413"",""72.8"",""7.0"",""1.592354089"",58,39,12,2,0,1,12,20.7,7,12.1,""2.02"",""0.81"",""0.38"",""-0.38"",""92.5"",155,48.717948717948715,12.82051282051282,8.620689655172415,5.66,-1.23,0.05,2.35,0.379,5,""0.617030568"",0.36,0.436,""-0.617030568"",0.022,0.019000000000000017,-0.044,-0.004,10.3,""43.1"",5.262225390541956,4.758090398239066,32.94764715635368,0.4574468085106383,34.27173458850195,28.351753242522335"
"227,593958,""Rodriguez, Eduardo"",2276,10,0.305,0.153,0.34,0.458,0.341,0.334,0.296,18,59,85.3,9.7,2226,87.7,87.97,23,113,114,0.29999999999999716,6.41,114,145,113,152,297,325,294,""0.052"",""-0.052"",""71.0"",""7.2"",""1.815794637"",62,50,14,1,1,2,10,16.1,2,3.2,""2.28"",""0.71"",""0.43"",""0.43"",""91.5"",133,34,10,8.064516129032258,6.06,1.19,-0.05,2.16,0.328,5,""-0.022907489"",0.319,0.456,""0.022907489"",0.009,0.009000000000000008,0.002,0.007,20.4,""46.2"",9.861008945865919,1.4781888909237035,34.582192945920184,0.509090909090909,35.863867509200304,29.24048779250335"
"225,640455,""Manaea, Sean"",1799,12.5,0.289,0.222,0.393,0.511,0.408,0.408,0.282,13,45,89.9,14.2,2154,86,86.79,27,101,124,0.7999999999999972,6.87,114,149,128,152,295,325,308,""-3.436"",""3.436"",""69.9"",""7.3"",""4.889371516"",55,30,7,4,0,2,15,27.3,7,12.7,""2.71"",""0.43"",""0.42"",""0.42"",""91.1"",154,43.333333333333336,16.666666666666664,9.090909090909092,5.13,3.25,-0.32,2.24,0.418,5,""1.527111111"",0.412,0.522,""-1.527111111"",0.007,0.006000000000000005,-0.011,0,26.7,""15.2"",9.133859877778292,-1.353865133098701,33.633982414734234,0.43564356435643564,37.7137715702821,31.710149818556182"
"222,666200,""Luzardo, Jesús"",2329,9.5,0.077,0.019,0.154,0.096,0.099,0.09,0.068,4,52,83.7,3.8,2330,90.6,89.4,41,111,111,-1.1999999999999886,5.68,118,147,116,149,287,325,294,""8.999"",""-8.999"",""66.9"",""7.3"",""6.612717533"",56,28,3,1,0,0,26,46.4,2,3.6,""2.52"",""0.3"",""0.25"",""0.25"",""90.2"",104,25.925925925925924,0,0,5.56,2.77,-0.55,2.01,0.111,0,""-4.053603604"",0.103,0.084,""4.053603604"",0.009,0.008000000000000007,0.012,0.009,36.9,""26.8"",12.352689825379882,-3.651294054858511,31.822786267862124,0.39814814814814814,39.599482323634156,30.888245595861843"
"221,663554,""Mize, Casey"",1395,15.8,0.321,0.057,0.362,0.377,0.327,0.331,0.288,17,53,90.6,17.6,2069,89.6,90.43,18,119,102,0.8000000000000114,6.76,117,147,116,152,289,331,305,""-0.284"",""0.284"",""72.2"",""7.2"",""3.041299904"",59,48,15,1,1,0,7,11.9,4,6.8,""2.05"",""0.8"",""0.55"",""-0.55"",""91.7"",158,43.75,4.166666666666666,3.389830508474576,5.82,-2.32,-0.15,2.31,0.362,2,""0.128506787"",0.34,0.39,""-0.128506787"",0.033,0.021999999999999964,-0.013,-0.004,15.1,""44.8"",10.673197503465014,-0.6384003337358495,31.588022768558925,0.5431034482758621,36.61798744640615,31.06830283069271"
"216,656288,""Canning, Griffin"",1221,17.7,0.333,0.235,0.378,0.569,0.414,0.326,0.25,17,51,90.5,17.4,2194,90.1,89.57,22,102,114,-0.5,5.82,118,147,120,153,301,327,306,""-5.279"",""5.279"",""69.6"",""7.2"",""1.989817694"",56,40,12,1,1,3,11,19.6,4,7.1,""2.52"",""0.29"",""0.44"",""-0.44"",""92.4"",165,42.5,7.5,5.357142857142857,5.57,-0.95,0,2.21,0.393,3,""2.443981481"",0.317,0.431,""-2.443981481"",0.083,0.07600000000000001,0.138,0.088,21.6,""36.9"",9.191065468924098,-3.485701398788362,33.746539118648286,0.504950495049505,34.55176248262939,30.891842958309432"
"216,608372,""Sugano, Tomoyuki"",1721,12.6,0.236,0.309,0.227,0.545,0.338,0.384,0.314,13,55,88.9,8.9,2203,87.8,88.18,22,101,115,0.4000000000000057,6.21,118,146,112,151,296,335,305,""-0.912"",""0.912"",""69.6"",""7.3"",""4.333682581"",58,48,6,0,4,3,8,13.8,2,3.4,""2.48"",""0.46"",""0.34"",""-0.34"",""92.7"",159,39.58333333333333,12.5,10.344827586206897,5.88,-2.69,-0.12,1.84,0.263,6,""0.422222222"",0.338,0.565,""-0.422222222"",-0.078,-0.07500000000000001,-0.02,-0.046,21.8,""40.4"",9.450992956175114,-4.189057784376362,35.36131595945738,0.49,37.64998559526633,30.380478909358587"
"214,621112,""Blackburn, Paul"",914,23.4,0.085,0.149,0.069,0.234,0.215,0.245,0.143,4,47,84.5,4.8,2152,87.6,87.44,29,102,112,-0.19999999999998863,6.22,111,143,111,150,286,327,294,""5.168"",""-5.168"",""68.3"",""7.3"",""3.700960291"",55,31,1,1,0,2,16,29.1,8,14.5,""2.86"",""0.15"",""0.43"",""-0.43"",""90.1"",127,25.806451612903224,6.451612903225806,3.6363636363636362,6.02,-2.05,-0.41,2.07,0.218,2,""-2.414953271"",0.267,0.254,""2.414953271"",-0.058,-0.049000000000000016,-0.02,-0.03,28.4,""47.1"",13.52042347337088,-1.8437030400341456,32.47548178798213,0.49504950495049505,39.74268399184185,32.483798374909675"
"213,685299,""Gordon, Tanner"",1056,20.2,0.313,0.313,0.294,0.625,0.394,0.349,0.282,20,64,89.3,18.4,2168,88.8,88.93,19,110,103,0.10000000000000853,6.1,118,145,113,149,296,330,304,""-5.048"",""5.048"",""69.3"",""7.0"",""1.539357566"",69,56,10,5,0,5,10,14.5,3,4.3,""1.98"",""0.9"",""0.65"",""-0.65"",""91.8"",209,37.5,8.928571428571429,7.246376811594203,6.32,-2.8,-0.21,2.45,0.333,5,""2.369953052"",0.315,0.505,""-2.369953052"",0.031,0.018000000000000016,0.12,0.045,17.3,""43.3"",6.3194565123172985,1.9441169176491961,33.6509106668397,0.49074074074074076,36.362047378540254,28.57669935407218"
"212,693855,""Seymour, Ian"",1478,14.3,0.302,0.264,0.361,0.566,0.392,0.376,0.296,16,53,89.8,20.3,2035,86.5,86.56,26,107,105,0.09999999999999432,6.28,115,148,111,153,295,333,309,""-3.772"",""3.772"",""70.4"",""7.2"",""1.278640846"",57,39,9,3,1,3,14,24.6,3,5.3,""2.14"",""0.93"",""0.35"",""0.35"",""92.4"",165,46.15384615384615,15.384615384615385,10.526315789473683,5.71,1.33,-0.04,2.43,0.351,6,""1.779245283"",0.345,0.533,""-1.779245283"",0.006,0.006000000000000005,0.033,0.016,24.3,""44.2"",11.190738226648053,-2.067552827018772,30.27115388198885,0.5188679245283019,35.15554767311442,30.108524466772366"
"209,665871,""Assad, Javier"",1204,17.4,0.265,0.122,0.314,0.388,0.307,0.321,0.275,13,49,91,16.4,2041,89.4,89.72,20,100,109,0.29999999999999716,6.49,117,147,116,152,298,324,301,""-1.047"",""1.047"",""70.3"",""7.0"",""1.575609263"",53,37,11,0,0,2,12,22.6,4,7.5,""2.28"",""0.61"",""0.42"",""-0.42"",""91.5"",158,41.66666666666667,5.555555555555555,3.7735849056603774,5.87,-1.67,0.04,2.29,0.321,2,""0.500956938"",0.331,0.416,""-0.500956938"",-0.01,-0.010000000000000009,-0.028,-0.014,20,""51.7"",8.079187736040526,3.772918765269152,34.04982366064146,0.48484848484848486,36.041894864005904,27.894220932172168"
"206,681190,""Vásquez, Randy"",1730,11.9,0.367,0.184,0.372,0.551,0.419,0.315,0.271,18,49,91.4,17.3,2523,92.3,92.01,18,99,107,-0.29999999999999716,6.05,120,146,121,153,298,328,304,""-4.401"",""4.401"",""71.4"",""7.1"",""1.719835432"",53,45,13,3,0,2,4,7.5,4,7.5,""1.85"",""0.84"",""0.44"",""-0.44"",""91.9"",176,42.22222222222222,4.444444444444445,3.7735849056603774,5.96,-1.85,-0.03,2.3,0.415,2,""2.136407767"",0.326,0.39,""-2.136407767"",0.096,0.08899999999999997,0.161,0.104,18.2,""34.2"",7.7737502360154105,1.565000858465031,32.88950489699484,0.44680851063829785,35.45873716110771,28.54803594357195"
"204,669022,""Gore, MacKenzie"",2168,9.4,0.283,0.174,0.353,0.457,0.361,0.331,0.25,13,46,87.5,6.5,2169,91.3,91.98,15,98,106,0.7000000000000028,6.84,115,147,113,152,295,328,303,""-0.812"",""0.812"",""68.4"",""7.1"",""2.637283509"",52,35,7,5,0,1,11,21.2,5,9.6,""1.98"",""0.8"",""0.26"",""0.26"",""91.1"",145,40,14.285714285714285,9.615384615384617,5.62,1.79,-0.19,2.37,0.365,5,""0.398039216"",0.337,0.414,""-0.398039216"",0.033,0.02799999999999997,0.043,0.03,15.3,""47.8"",6.381217855811797,2.2971512423641633,30.776590900576362,0.44086021505376344,38.00947001140966,29.81499788262323"
"198,671096,""Abbott, Andrew"",2223,8.9,0.244,0.2,0.294,0.444,0.319,0.289,0.216,11,45,89.9,17.1,2562,87.5,87.83,23,102,96,0.29999999999999716,6.54,114,146,110,149,286,325,295,""-1.185"",""1.185"",""70.4"",""7.2"",""4.753436473"",50,35,4,6,0,1,11,22,4,8,""2.25"",""0.77"",""-0.15"",""-0.15"",""91.9"",172,40,8.571428571428571,6,6.02,2.52,-0.13,2.15,0.3,3,""0.598484848"",0.275,0.393,""-0.598484848"",0.028,0.024999999999999967,0.051,0.03,22.5,""51.2"",10.13405772193641,-0.21533804458518535,32.932574792836775,0.44554455445544555,35.59100425522502,32.64459225060711"
"196,677865,""Bruihl, Justin"",971,20.2,0.2,0.089,0.205,0.289,0.27,0.269,0.216,9,45,80.2,2.5,2339,84.5,84.99,10,95,101,0.5,6.69,112,144,111,150,295,318,298,""3.297"",""-3.297"",""69.4"",""7.1"",""1.273775969"",51,40,7,1,0,1,5,9.8,4,7.8,""3.22"",""0.04"",""-0.06"",""-0.06"",""90.9"",129,25,2.5,1.9607843137254901,4.84,3.51,-0.12,2.29,0.294,1,""-1.682142857"",0.308,0.267,""1.682142857"",-0.016,-0.014000000000000012,0.022,0.001,10.5,""26.4"",7.404529933010579,-2.5101609124248414,32.15173424848031,0.5217391304347826,35.1697606380137,31.35405294324566"
"195,670950,""Richards, Trevor"",831,23.5,0.091,0.068,0.1,0.159,0.147,0.268,0.192,4,44,93.3,19,2368,87.8,88.17,26,100,95,0.4000000000000057,6.51,114,148,110,151,288,326,300,""7.497"",""-7.497"",""70.3"",""7.2"",""3.3931208"",52,31,3,0,0,1,16,30.8,5,9.6,""1.99"",""1"",""0.69"",""-0.69"",""91.4"",182,61.29032258064516,9.67741935483871,5.769230769230769,6.25,-2.39,-0.19,2.17,0.173,3,""-3.844615385"",0.273,0.328,""3.844615385"",-0.101,-0.10000000000000003,-0.169,-0.121,26,""51.5"",9.030127568454398,0.20811727937745111,31.485404558000585,0.5,36.95200936149304,28.656526951092573"
"193,702275,""Ritchie, JR"",1027,18.8,0.206,0.029,0.28,0.235,0.302,0.332,0.207,7,34,86.8,13.2,2270,88.9,89.37,18,70,123,0.5,6.48,119,146,119,153,306,323,307,""-0.654"",""0.654"",""71.1"",""7.3"",""1.918621481"",45,25,6,1,0,0,10,22.2,9,20,""2.79"",""0.11"",""0.29"",""-0.29"",""91.1"",114,36,8,4.444444444444445,5.42,-2.28,-0.18,2.41,0.378,2,""0.338860104"",0.386,0.289,""-0.338860104"",-0.001,-0.008000000000000007,-0.054,-0.03,25.7,""25.7"",10.08974022204252,-1.6956054626356833,33.465080328661834,0.6086956521739131,35.98430416014801,32.55758529065304"
"191,837227,""Imai, Tatsuya"",1186,16.1,0.282,0.308,0.333,0.59,0.388,0.386,0.248,11,39,92,18.8,2041,89.4,88.67,30,93,98,-0.7000000000000028,5.89,114,146,105,152,286,321,300,""-2.032"",""2.032"",""70.9"",""7.2"",""2.339606266"",46,27,5,3,0,3,14,30.4,5,10.9,""2.46"",""0.42"",""0.69"",""-0.69"",""92.3"",180,51.85185185185185,22.22222222222222,13.043478260869565,5.39,-2.15,-0.06,2.19,0.348,6,""1.063874346"",0.333,0.574,""-1.063874346"",0.034,0.014999999999999958,0.016,0.002,32.3,""26.1"",10.20252174383901,-4.195351798043599,32.59965084372825,0.4111111111111111,36.167783889522376,33.14161235193552"
"187,676534,""Faucher, Calvin"",898,20.8,0.378,0.162,0.52,0.541,0.44,0.376,0.293,14,37,90.8,2.8,2837,91.1,90.42,22,85,102,-0.6999999999999886,5.86,119,146,107,149,294,326,300,""-4.569"",""4.569"",""69.7"",""7.1"",""3.825983072"",43,26,10,3,0,1,11,25.6,6,14,""2.77"",""0"",""-0.37"",""0.37"",""92.3"",115,46.15384615384615,11.538461538461538,6.976744186046512,5.73,-1.28,-0.1,2,0.465,3,""2.443315508"",0.392,0.464,""-2.443315508"",0.085,0.07300000000000001,0.077,0.064,25.9,""45.8"",7.561811395473381,1.9122681654994642,35.0286027159361,0.40476190476190477,34.21043842352242,28.451355848558215"
"182,681293,""Arrighetti, Spencer"",1505,12.1,0.265,0.265,0.269,0.529,0.414,0.423,0.283,9,34,89,20.4,2534,84.2,85.68,16,67,115,1.5,7.25,114,146,105,152,292,325,298,""-3.954"",""3.954"",""69.5"",""7.4"",""3.707476644"",48,28,4,3,0,2,8,16.7,10,20.8,""3.01"",""0.29"",""-0.23"",""0.23"",""92.7"",174,39.285714285714285,10.714285714285714,6.25,4.9,-2.46,-0.31,2.08,0.438,3,""2.172527473"",0.457,0.515,""-2.172527473"",-0.018,-0.019000000000000017,0.014,-0.009,23.9,""19.5"",13.103289836882496,-4.283590107136918,33.25782318607065,0.5846153846153846,35.98186576016981,33.95026493630358"
"182,801139,""Tolle, Payton"",1626,11.2,0.289,0.2,0.379,0.489,0.349,0.217,0.193,13,45,86.1,13.1,2338,92,93.76,43,92,90,1.7999999999999972,7.24,113,146,118,149,288,320,307,""-0.561"",""0.561"",""69.0"",""6.8"",""2.548596563"",48,31,8,3,0,2,14,29.2,3,6.3,""1.97"",""0.74"",""0.44"",""0.44"",""92.0"",130,35.483870967741936,0,0,5.52,2.68,-0.17,2.47,0.333,0,""0.308241758"",0.244,0.259,""-0.308241758"",0.096,0.08900000000000002,0.23,0.132,46.7,""28.1"",7.103061526766396,5.078644394566448,33.689606801583366,0.40217391304347827,36.09811057297439,27.443469735931135"
"181,689147,""Kerkering, Orion"",861,21,0.241,0.103,0.318,0.345,0.319,0.315,0.245,7,29,89.9,30.7,2491,93,92.84,21,78,103,-0.20000000000000284,6.15,119,148,117,150,285,323,297,""-0.043"",""0.043"",""69.4"",""6.9"",""2.468987447"",37,22,5,1,1,0,8,21.6,7,18.9,""1.88"",""0.78"",""0.25"",""-0.25"",""90.7"",197,36.36363636363637,0,0,5.76,-1.39,-0.12,2.3,0.378,0,""0.023756906"",0.382,0.322,""-0.023756906"",-0.004,-0.0040000000000000036,0.023,0.004,26.9,""33.2"",7.467119399975634,2.3019805169960024,32.32770491873246,0.37662337662337664,37.161027889155946,27.357405660148945"
"180,670990,""Ramírez, Yohan"",1088,16.5,0.212,0.061,0.292,0.273,0.307,0.278,0.178,7,33,89.3,9.2,2453,90.4,91.5,20,82,98,1.0999999999999943,6.99,114,145,115,151,297,324,303,""0.792"",""-0.792"",""70.4"",""7.2"",""3.175623824"",42,24,5,2,0,0,9,21.4,8,19,""2.46"",""0.38"",""-0.11"",""0.11"",""92.0"",128,33.33333333333333,4.166666666666666,2.380952380952381,5.22,-2.6,0.07,2.24,0.381,1,""-0.44"",0.354,0.223,""0.44"",0.034,0.027000000000000024,0.05,0.029,24.4,""28.0"",9.127769109277963,-2.906629683909581,33.15108729133802,0.4691358024691358,34.70210985300391,31.10495569318907"
"179,690928,""Dobbins, Hunter"",661,27.1,0.167,0.083,0.175,0.25,0.211,0.252,0.222,8,48,84.1,14,2471,88.7,88.82,15,78,101,0.09999999999999432,6.21,117,145,106,151,295,320,296,""3.957"",""-3.957"",""72.5"",""7.5"",""3.807599838"",51,41,6,1,0,1,7,13.7,3,5.9,""2.56"",""0.36"",""-0.05"",""0.05"",""90.6"",154,26.82926829268293,0,0,6.03,-1.89,-0.11,2.18,0.216,0,""-2.210614525"",0.267,0.297,""2.210614525"",-0.055,-0.05100000000000002,-0.047,-0.041,19.2,""45.3"",12.602327366455295,-2.6966886980473874,35.8143297266924,0.5512820512820513,36.07737513125065,31.278591511400876"
"178,650644,""Civale, Aaron"",1462,12.2,0.233,0.14,0.31,0.372,0.288,0.201,0.144,10,43,87.9,25.6,2690,85.5,85.05,18,76,102,-0.4000000000000057,5.83,116,147,114,151,292,318,299,""1.846"",""-1.846"",""70.6"",""7.3"",""2.923841155"",46,30,6,3,0,1,13,28.3,3,6.5,""2.92"",""0.22"",""-0.16"",""0.16"",""91.9"",149,40,3.3333333333333335,2.1739130434782608,6.29,-1.19,-0.13,2.24,0.283,1,""-1.037078652"",0.199,0.248,""1.037078652"",0.089,0.08399999999999996,0.124,0.087,23.7,""45.4"",15.09786765737476,-6.454575824478919,31.77197216507918,0.48,36.3484115100827,34.4478863196721"
"178,687562,""Bennett, Jake"",1076,16.5,0.19,0,0.258,0.19,0.226,0.241,0.191,8,42,83.5,-2.6,2097,88.6,89.98,20,82,96,1.4000000000000057,7.11,112,149,122,149,289,317,306,""3.929"",""-3.929"",""69.3"",""7.2"",""3.666635514"",48,31,8,0,0,0,11,22.9,6,12.5,""2.6"",""0.34"",""0.69"",""0.69"",""90.2"",116,25.806451612903224,0,0,5.63,3.12,-0.28,2.23,0.292,0,""-2.207303371"",0.293,0.239,""2.207303371"",-0.001,-0.0010000000000000009,-0.049,-0.015,24.4,""30.8"",9.445053102384666,-0.8368547348141488,34.60927221633906,0.35443037974683544,35.58852819767409,30.623661408621604"
"176,686790,""McDonald, Trevor"",1138,15.5,0.239,0.152,0.237,0.391,0.314,0.286,0.234,11,46,88,6.8,2186,89.3,90.22,17,82,94,0.9000000000000057,6.7,115,146,106,150,292,322,298,""0.632"",""-0.632"",""70.3"",""7.3"",""3.747537036"",51,40,8,1,0,2,6,11.8,3,5.9,""2.86"",""0"",""0.87"",""-0.87"",""92.1"",149,27.500000000000004,2.5,1.9607843137254901,4.93,-2.16,-0.16,2.18,0.314,1,""-0.359090909"",0.309,0.321,""0.359090909"",0.005,0.0050000000000000044,0.07,0.028,20.7,""25.1"",11.503657958033537,-5.553547177955823,33.97524221524621,0.41975308641975306,36.10890265380161,33.23488838754325"
"175,571510,""Boyd, Matthew"",1234,14.2,0.239,0.109,0.278,0.348,0.297,0.344,0.294,11,46,79.4,9.4,2390,84.6,84.51,19,86,89,-0.09999999999999432,6.19,119,149,120,154,297,327,304,""-0.284"",""0.284"",""67.8"",""7.3"",""4.733920743"",51,37,9,0,1,1,9,17.6,4,7.8,""3.03"",""0.22"",""0.31"",""0.31"",""90.5"",134,24.324324324324326,8.108108108108109,5.88235294117647,5.22,2.47,-0.33,2.15,0.314,3,""0.162285714"",0.363,0.41,""-0.162285714"",-0.055,-0.04899999999999999,-0.062,-0.047,22.1,""20.0"",11.32585233681808,-7.961671421892761,32.99979995785217,0.3764705882352941,37.44534083527818,34.59226103947934"
"172,669199,""Bachar, Lake"",1032,16.7,0.286,0.262,0.346,0.548,0.37,0.331,0.25,12,42,89.7,16.2,2755,89.4,88.65,23,79,93,-0.8000000000000114,5.79,120,147,110,151,296,323,297,""-0.563"",""0.563"",""70.4"",""7.6"",""3.448150476"",44,29,7,2,0,3,13,29.5,2,4.5,""2.54"",""0.32"",""0.19"",""-0.19"",""93.1"",165,34.48275862068966,17.24137931034483,11.363636363636363,5.93,-1.57,-0.21,2.12,0.318,5,""0.327325581"",0.284,0.495,""-0.327325581"",0.036,0.03400000000000003,0.053,0.039,29.1,""40.9"",13.41449908494151,-10.117628270119617,32.226977378235745,0.5526315789473685,35.12959110269131,34.2998558860703"
"171,800311,""Fuentes, Didier"",864,19.8,0.244,0.195,0.364,0.439,0.31,0.295,0.222,10,41,89.5,25.7,2107,94.5,95.66,35,101,70,1.2000000000000028,6.9,123,146,119,153,303,323,306,""-0.413"",""0.413"",""69.7"",""6.7"",""2.604883537"",43,24,6,2,0,2,17,39.5,2,4.7,""1.61"",""0.96"",""0.66"",""-0.66"",""90.5"",214,37.5,12.5,6.976744186046512,4.91,-2.36,-0.21,2.67,0.279,3,""0.241520468"",0.258,0.431,""-0.241520468"",0.022,0.02100000000000002,0.008,0.015,34.7,""23.0"",4.553160341853261,8.979840391288612,32.231527616575455,0.3434343434343434,36.480271781867536,24.46262540381711"
"169,605288,""Houser, Adrian"",1552,10.9,0.189,0.162,0.185,0.351,0.286,0.332,0.249,7,37,87.6,13.8,2118,93.3,94.08,11,76,93,0.7999999999999972,6.63,118,148,112,151,290,315,300,""1.357"",""-1.357"",""68.1"",""6.7"",""1.723015182"",42,29,5,0,0,2,8,19,5,11.9,""1.9"",""0.73"",""1.05"",""-1.05"",""91.2"",183,46.42857142857143,7.142857142857142,4.761904761904762,5.77,-1.4,-0.27,2.47,0.286,2,""-0.80295858"",0.34,0.406,""0.80295858"",-0.06,-0.05400000000000005,-0.055,-0.046,14.5,""37.3"",5.096117874521162,-1.5644349272353553,33.793612513993395,0.43243243243243246,37.3004556447713,28.69920649956056"
"169,670280,""Bednar, David"",886,19.1,0.143,0,0.2,0.143,0.186,0.246,0.199,5,35,84,8.1,2041,91.2,91.67,25,84,85,0.5,6.47,118,146,113,152,286,326,296,""3.953"",""-3.953"",""70.7"",""7.2"",""4.355117262"",40,25,5,0,0,0,10,25,4,10,""2.11"",""0.67"",""0.51"",""-0.51"",""90.6"",148,24,0,0,5.96,-1.77,-0.04,2.07,0.25,0,""-2.339053254"",0.3,0.243,""2.339053254"",-0.056,-0.04999999999999999,-0.1,-0.06,29.8,""40.0"",9.884035744203308,-1.341236852632949,32.27284872771101,0.4523809523809524,36.91987554476845,30.390341403749645"
"168,805123,""Blubaugh, AJ"",1259,13.3,0.256,0.231,0.269,0.487,0.309,0.327,0.266,10,39,91.1,20.6,2364,89.7,90,32,95,73,0.29999999999999716,6.43,112,145,110,152,287,325,297,""0.875"",""-0.875"",""69.7"",""7.1"",""2.766355479"",40,29,7,0,0,3,11,27.5,0,0,""2.08"",""0.78"",""0.66"",""-0.66"",""91.8"",170,44.827586206896555,13.793103448275861,10,6.14,-2.3,-0.16,2.42,0.25,4,""-0.520833333"",0.259,0.535,""0.520833333"",-0.01,-0.009000000000000008,-0.048,-0.018,33.7,""43.7"",9.979439826689056,-0.6874773102432719,31.927538101738083,0.4725274725274725,36.50390880500992,30.362570900883078"
"165,664299,""Javier, Cristian"",566,29.2,0.262,0.167,0.286,0.429,0.314,0.329,0.27,11,42,91,21.9,2354,88.4,88.09,11,80,85,-0.30000000000001137,6.17,116,147,104,152,287,321,298,""0.489"",""-0.489"",""70.9"",""7.3"",""2.466558417"",44,36,6,4,0,1,6,13.6,2,4.5,""2.01"",""0.94"",""0.26"",""-0.26"",""91.8"",194,30.555555555555557,8.333333333333332,6.8181818181818175,5.51,-1.88,-0.24,2.34,0.295,3,""-0.296363636"",0.303,0.461,""0.296363636"",-0.008,-0.008000000000000007,-0.032,-0.015,13.8,""35.5"",9.148093068774857,-1.3721078240904587,32.12104482007383,0.5822784810126582,36.54135738013634,32.16492841122918"
"165,641743,""Kay, Anthony"",2066,8,0.227,0,0.313,0.227,0.202,0.246,0.239,10,44,81.8,4,2378,91,90.08,21,91,74,-0.9000000000000057,5.82,115,147,107,149,281,322,298,""4.146"",""-4.146"",""66.3"",""7.1"",""3.021937171"",47,35,10,0,0,0,12,25.5,0,0,""2.41"",""0.39"",""0.24"",""0.24"",""91.5"",125,31.428571428571427,2.857142857142857,2.127659574468085,5.69,2.35,-0.2,2.1,0.227,1,""-2.512727273"",0.239,0.331,""2.512727273"",-0.012,-0.011999999999999983,-0.104,-0.044,23.1,""34.4"",8.632064445227579,-5.357350195131041,33.01103478554709,0.5930232558139535,35.65911062168773,28.351732929657604"
"164,686930,""Barnett, Mason"",598,27.4,0.293,0.293,0.29,0.585,0.407,0.305,0.225,12,41,87.4,16.3,2180,89.5,89.33,18,69,95,-0.20000000000000284,6.19,116,145,115,149,292,320,297,""-2.664"",""2.664"",""71.6"",""6.9"",""2.098918545"",46,34,7,1,1,3,7,15.2,5,10.9,""2.51"",""0.38"",""0"",""0"",""92.2"",136,35.294117647058826,8.823529411764707,6.521739130434782,6.03,-2.2,-0.14,2.1,0.37,3,""1.624390244"",0.309,0.38,""-1.624390244"",0.068,0.061,0.205,0.102,26.1,""54.3"",8.363081787291714,2.6840014189938723,31.872808932182583,0.5362318840579711,35.85376666482418,30.23962328534467"
"164,684007,""Imanaga, Shota"",2075,7.9,0.211,0.263,0.208,0.474,0.318,0.331,0.263,8,38,89.8,22.7,2363,86.3,86.07,21,81,83,-0.20000000000000284,6.2,114,148,120,154,295,327,303,""-0.031"",""0.031"",""71.1"",""7.4"",""4.044676554"",41,27,4,1,0,3,11,26.8,3,7.3,""2.42"",""0.67"",""0.17"",""0.17"",""91.5"",179,29.629629629629626,11.11111111111111,7.317073170731707,5.39,1.37,-0.37,2.36,0.268,3,""0.018902439"",0.317,0.448,""-0.018902439"",-0.052,-0.04899999999999999,0.026,-0.013,25.9,""36.0"",15.023860657032873,-5.352544580548585,32.40053825402686,0.5185185185185185,39.20575942147617,32.30609597950966"
"164,656464,""Ginkel, Kevin"",788,20.8,0.2,0.1,0.2,0.3,0.239,0.34,0.279,8,40,87.6,21.6,2395,92.5,93.52,17,89,75,1,6.8,117,146,113,152,293,321,291,""3.117"",""-3.117"",""67.2"",""7.0"",""4.228795974"",46,37,6,1,0,1,6,13,3,6.5,""1.95"",""0.73"",""0.35"",""-0.35"",""91.1"",195,40.54054054054054,5.405405405405405,4.3478260869565215,6.49,-1.93,-0.07,2.51,0.244,2,""-1.900609756"",0.325,0.44,""1.900609756"",-0.079,-0.08100000000000002,-0.14,-0.101,19.1,""42.1"",7.290618513493898,0.6150871534916659,31.99457572967652,0.45348837209302323,36.29102255674051,27.190510904379956"
"163,702193,""Morris, Andrew"",955,17.1,0.212,0.121,0.222,0.333,0.296,0.33,0.265,7,33,85.4,14,1959,95.8,95.82,14,72,91,0,6.3,123,147,117,152,289,328,294,""1.73"",""-1.73"",""70.8"",""7.0"",""2.130324097"",38,28,5,1,0,1,5,13.2,5,13.2,""1.43"",""1.06"",""0.4"",""-0.4"",""90.5"",156,32.142857142857146,3.571428571428571,2.631578947368421,6.34,-1.44,0.03,2.07,0.316,1,""-1.061349693"",0.362,0.366,""1.061349693"",-0.053,-0.045999999999999985,-0.033,-0.034,19.4,""57.6"",5.957653101814937,5.195750366865858,34.57403263056887,0.44285714285714284,35.150012310923415,26.461259118231478"
"163,684974,""Yoho, Craig"",383,42.6,0.114,0.257,0.036,0.371,0.285,0.366,0.238,4,35,83.8,13.1,2497,86.6,87.8,16,80,83,1.2000000000000028,7.13,117,148,120,153,294,327,303,""1.581"",""-1.581"",""66.1"",""7.0"",""2.250025063"",43,32,1,0,0,3,4,9.3,5,11.6,""2.98"",""0.13"",""1.27"",""-1.27"",""90.8"",141,34.375,6.25,4.651162790697675,4.92,-2.07,-0.23,2.35,0.262,2,""-0.96993865"",0.365,0.466,""0.96993865"",-0.124,-0.10299999999999998,-0.095,-0.081,20,""18.9"",9.944477361626992,-7.506295289850565,33.05095746267175,0.4,37.99003808153824,32.896314711159775"
"162,676974,""Meyer, Max"",1791,9,0.265,0.294,0.304,0.559,0.355,0.348,0.274,9,34,94.8,9.9,2675,90.8,90.58,22,70,92,-0.20000000000000284,6.09,116,146,104,150,299,330,303,""-2.352"",""2.352"",""71.0"",""7.4"",""2.552656592"",39,25,4,2,1,2,11,28.2,3,7.7,""2.61"",""0.16"",""0.02"",""-0.02"",""94.2"",161,48,16,10.256410256410255,5.84,-1.03,-0.05,2.19,0.308,4,""1.451851852"",0.339,0.457,""-1.451851852"",-0.009,-0.031000000000000028,0.102,0.007,31.4,""41.9"",10.70917646568166,-3.314587289139358,33.510226988488036,0.43478260869565216,34.4455462195258,30.34167570753372"
"162,694477,""Patrick, Chad"",1399,11.6,0.162,0.054,0.231,0.216,0.216,0.216,0.163,6,37,86.8,19,2355,93.7,93.45,18,75,87,-0.20000000000000284,6.06,114,149,120,153,292,325,308,""3.398"",""-3.398"",""69.8"",""7.0"",""0.892745536"",41,26,4,2,0,0,11,26.8,4,9.8,""1.66"",""0.94"",""0.33"",""-0.33"",""90.6"",145,30.76923076923077,0,0,5.4,-1.21,-0.24,2.51,0.244,0,""-2.097530864"",0.245,0.218,""2.097530864"",-0.001,-0.0010000000000000009,-0.002,0,24,""28.8"",5.319039400707536,0.30060957913367636,32.743872198825734,0.38666666666666666,35.25086766564302,26.806754255256923"
"162,453286,""Scherzer, Max"",669,24.2,0.286,0.143,0.346,0.429,0.348,0.339,0.275,10,35,87,14.7,2257,88,88.17,11,82,80,0.20000000000000284,6.36,114,145,111,151,283,322,295,""-0.83"",""0.83"",""69.3"",""7.1"",""2.023863095"",39,27,7,2,0,1,8,20.5,4,10.3,""2.29"",""0.71"",""0.34"",""-0.34"",""90.6"",172,25.925925925925924,7.4074074074074066,5.128205128205128,5.69,-3.17,-0.06,2.35,0.359,2,""0.512345679"",0.349,0.423,""-0.512345679"",0.011,0.010000000000000009,0.006,0.009,13.4,""31.5"",9.096874815532086,3.433773239407391,32.589841946537035,0.4936708860759494,36.041980502333395,28.021409612197093"
"161,656427,""Flaherty, Jack"",1643,9.8,0.091,0.091,0.091,0.182,0.193,0.244,0.167,3,33,85.5,21.7,2286,87.8,88.36,26,75,86,0.6000000000000085,6.53,121,148,117,152,289,331,304,""3.417"",""-3.417"",""69.5"",""7.3"",""3.385606605"",38,23,2,0,0,1,10,26.3,4,10.5,""2.36"",""0.63"",""0.15"",""-0.15"",""90.2"",158,30.434782608695656,4.3478260869565215,2.631578947368421,5.36,-2.59,-0.22,2.02,0.211,1,""-2.122360248"",0.277,0.237,""2.122360248"",-0.076,-0.06600000000000003,-0.055,-0.051,34.7,""27.4"",11.396398046461437,-5.80215480583501,32.44541588342265,0.32,36.82776309488746,32.84575505544384"
"160,699134,""Rodriguez, Bradgley"",846,18.9,0.171,0.143,0.227,0.314,0.245,0.245,0.177,6,35,85.9,18.5,2086,94.3,94.31,24,80,80,0,6.31,123,147,120,154,299,325,306,""1.172"",""-1.172"",""69.8"",""7.4"",""4.442079837"",38,23,3,2,0,1,12,31.6,3,7.9,""1.62"",""0.96"",""1.06"",""-1.06"",""90.3"",180,26.08695652173913,4.3478260869565215,2.631578947368421,5.93,-0.59,-0.21,2.21,0.237,1,""-0.7325"",0.242,0.307,""0.7325"",-0.006,-0.0050000000000000044,0.007,0,30,""44.0"",12.003182780027007,-10.237607401640448,33.81528651723232,0.40789473684210525,37.369632069834246,35.00397595378772"
"160,621074,""Rucker, Michael"",397,40.3,0.353,0.147,0.423,0.5,0.396,0.352,0.309,12,34,88.4,8.4,2522,89.5,89.29,15,79,81,-0.20000000000000284,6.26,120,145,109,151,281,318,302,""-1.364"",""1.364"",""71.1"",""7.2"",""2.354014623"",37,27,9,2,0,1,7,18.9,3,8.1,""2.67"",""0.24"",""-0.34"",""0.34"",""91.0"",166,40.74074074074074,7.4074074074074066,5.405405405405405,5.41,-2.11,-0.13,2.32,0.405,2,""0.8525"",0.365,0.437,""-0.8525"",0.044,0.040000000000000036,0.063,0.044,19,""36.4"",6.63485839404622,1.086024313671653,32.613367618314996,0.44871794871794873,35.757919416047606,27.10483797200676"
"160,671922,""Smith, Cade"",929,17.2,0.111,0.111,0.12,0.222,0.197,0.259,0.173,4,36,90.2,17.9,1847,94.6,96.25,28,82,78,1.6000000000000085,7.34,119,146,125,151,294,326,303,""2.253"",""-2.253"",""69.5"",""7.0"",""2.365225197"",40,26,2,1,0,1,10,25,4,10,""1.84"",""0.75"",""0.55"",""-0.55"",""90.9"",164,34.61538461538461,7.6923076923076925,5,5.59,-2.1,-0.23,2.32,0.2,2,""-1.408125"",0.256,0.323,""1.408125"",-0.062,-0.055999999999999994,-0.101,-0.062,34.1,""36.8"",7.898390625848565,2.7570966402178634,29.872225184110512,0.4810126582278481,39.4921926145077,27.13477863680597"
"159,666277,""Soriano, George"",862,18.4,0.194,0.194,0.238,0.389,0.271,0.255,0.226,7,36,90.7,17,1897,92.2,92.67,29,80,79,0.5,6.56,117,145,111,151,299,326,303,""0.999"",""-0.999"",""73.1"",""7.7"",""3.06661436"",38,23,4,1,0,2,13,34.2,2,5.3,""2.39"",""0.3"",""0.75"",""-0.75"",""91.9"",172,47.82608695652174,8.695652173913043,5.263157894736842,5.62,-2.49,-0.24,2.13,0.237,2,""-0.628301887"",0.267,0.307,""0.628301887"",-0.032,-0.030000000000000027,0.082,0.016,36.3,""35.9"",14.670116949834906,-5.977455874828425,35.06116806800409,0.475,36.203017359828685,33.41162981513104"
"159,702070,""Cameron, Noah"",2048,7.8,0.194,0.083,0.3,0.278,0.265,0.255,0.167,7,36,87.3,6.3,2298,87.8,88.07,28,76,83,0.29999999999999716,6.32,119,146,120,150,297,327,296,""2.686"",""-2.686"",""68.5"",""7.2"",""3.872478346"",41,21,6,0,0,1,15,36.6,5,12.2,""2.47"",""0.49"",""0.15"",""0.15"",""90.9"",155,33.33333333333333,9.523809523809524,4.878048780487805,6.2,1.16,-0.21,2.04,0.293,2,""-1.689308176"",0.269,0.288,""1.689308176"",0.027,0.023999999999999966,-0.01,0.01,36.8,""53.7"",11.714639682847228,-5.105348417458835,33.96670058650823,0.4473684210526316,36.82578326418235,33.4119494432448"
"158,669330,""Wells, Tyler"",859,18.4,0.077,0.051,0.103,0.128,0.117,0.145,0.113,3,39,82.7,29.2,2365,88.7,88.64,25,79,79,-0.10000000000000853,6.15,120,148,111,151,290,326,303,""7.012"",""-7.012"",""71.0"",""7.3"",""2.388291319"",42,29,1,2,0,0,10,23.8,3,7.1,""1.92"",""0.99"",""0.33"",""-0.33"",""89.7"",175,10.344827586206897,3.4482758620689653,2.380952380952381,7.01,-0.88,-0.23,2.6,0.143,1,""-4.437974684"",0.176,0.158,""4.437974684"",-0.036,-0.033,-0.03,-0.028,31.6,""51.6"",12.980812141572532,-3.839000470932196,29.570286950443005,0.5443037974683544,38.295721947326804,32.61523877422033"
"156,682842,""Uribe, Abner"",767,20.3,0.233,0,0.318,0.233,0.289,0.352,0.295,7,30,89,4.9,2381,94.9,95.24,12,65,91,0.29999999999999716,6.54,112,148,120,153,291,325,311,""0.654"",""-0.654"",""67.8"",""7.1"",""2.369492163"",36,22,7,0,0,0,8,22.2,6,16.7,""2.12"",""0.44"",""0.41"",""-0.41"",""90.9"",119,31.818181818181817,0,0,5.78,-1.45,0.03,1.8,0.361,0,""-0.419230769"",0.413,0.351,""0.419230769"",-0.062,-0.05199999999999999,-0.118,-0.063,18.5,""35.9"",7.055078892359434,2.2001414091340177,34.3933180214505,0.5230769230769231,37.19198816290761,26.08730042823842"
"156,681892,""Funderburk, Kody"",610,25.6,0.125,0,0.211,0.125,0.129,0.157,0.14,4,32,73.7,-13,2387,90.8,91.95,20,72,84,1.1000000000000085,6.94,115,146,112,151,289,323,293,""5.689"",""-5.689"",""64.6"",""6.3"",""1.210958257"",35,21,4,0,0,0,13,37.1,1,2.9,""2.25"",""0.54"",""0.35"",""0.35"",""89.1"",120,9.523809523809524,4.761904761904762,2.857142857142857,5.71,2.47,-0.17,2.53,0.152,1,""-3.646794872"",0.166,0.182,""3.646794872"",-0.015,-0.014000000000000012,-0.057,-0.028,27.8,""32.0"",0.24177305351510658,6.776509216938775,31.520531145367407,0.38028169014084506,35.33284108798513,24.29820415942301"
"156,669684,""Murphy, Chris"",527,29.6,0.172,0.207,0.2,0.379,0.302,0.28,0.161,5,29,90.6,34.7,2433,88.2,88.15,21,82,74,0,6.17,114,146,106,147,280,319,299,""0.875"",""-0.875"",""68.8"",""7.0"",""2.714107919"",34,21,1,3,0,1,8,23.5,3,8.8,""2.64"",""0.35"",""-0.35"",""-0.35"",""90.7"",193,47.61904761904761,9.523809523809524,5.88235294117647,5.34,1.95,-0.34,2.4,0.294,2,""-0.560897436"",0.284,0.329,""0.560897436"",0.011,0.010000000000000009,0.05,0.022,25.6,""38.4"",7.280062103451031,1.3077645932337036,30.945180218727998,0.4878048780487805,37.57634698224288,28.2657977350122"
"155,669432,""Rogers, Trevor"",1877,8.3,0.184,0.053,0.25,0.237,0.204,0.23,0.205,7,38,82,11.1,2341,89.4,90.1,20,77,78,0.6999999999999886,6.75,115,146,115,149,288,327,307,""2.782"",""-2.782"",""69.1"",""7.2"",""2.475306955"",41,28,5,2,0,0,11,26.8,2,4.9,""2.12"",""0.78"",""0.52"",""0.52"",""89.9"",136,25,3.571428571428571,2.4390243902439024,5.77,2.13,-0.37,2.25,0.22,1,""-1.79483871"",0.241,0.271,""1.79483871"",-0.021,-0.02099999999999999,-0.034,-0.026,26,""23.6"",9.940354228462517,-0.7841174470128623,35.10910748479452,0.35526315789473684,37.08332324870593,32.4089211307926"
"154,664199,""Clarke, Taylor"",753,20.5,0.146,0,0.167,0.146,0.13,0.211,0.208,6,41,83.3,7.3,2064,91.7,91.76,11,85,69,0.09999999999999432,6.25,118,144,110,151,293,318,288,""6.497"",""-6.497"",""71.6"",""7.4"",""1.634801555"",41,36,6,0,0,0,5,12.2,0,0,""2.21"",""0.5"",""0.76"",""-0.76"",""90.9"",116,22.22222222222222,2.7777777777777777,2.4390243902439024,5.91,-1.04,0.15,1.9,0.146,1,""-4.218831169"",0.208,0.276,""4.218831169"",-0.062,-0.062,-0.13,-0.081,12.9,""42.8"",12.160518194448674,-4.0995007464133835,34.056766076066594,0.6626506024096386,35.24241204401605,32.384013421306406"
"154,518585,""Cruz, Fernando"",872,17.7,0.143,0.143,0.143,0.286,0.288,0.325,0.195,4,28,85.2,26.3,1403,84.2,85.25,21,62,92,1,6.92,113,142,106,149,285,324,292,""1.678"",""-1.678"",""67.0"",""7.6"",""7.669964333"",38,22,2,1,0,1,7,18.4,9,23.7,""2.78"",""0.47"",""0.15"",""-0.15"",""90.0"",171,22.727272727272727,9.090909090909092,5.263157894736842,5.99,-1.85,-0.2,2.15,0.342,2,""-1.08961039"",0.381,0.349,""1.08961039"",-0.052,-0.03899999999999998,-0.063,-0.037,33.9,""47.4"",16.92876043355145,-14.917404634100643,32.82720212519138,0.38333333333333336,36.58690633864517,38.39555099924716"
"151,672782,""Gómez, Yoendrys"",899,16.8,0.258,0.032,0.381,0.29,0.305,0.367,0.301,8,31,89.8,8.5,2440,93.6,94.43,19,71,80,0.8000000000000114,6.82,114,144,119,151,290,328,294,""0.189"",""-0.189"",""70.0"",""7.2"",""1.990528231"",37,21,7,1,0,0,10,27,6,16.2,""1.71"",""0.91"",""0.37"",""-0.37"",""91.6"",154,61.904761904761905,4.761904761904762,2.7027027027027026,5.35,-2.39,-0.16,2.25,0.378,1,""-0.125165563"",0.414,0.428,""0.125165563"",-0.043,-0.035999999999999976,-0.138,-0.062,26.8,""30.4"",7.662299365237598,1.204779544197116,32.873800620980795,0.4647887323943662,36.38634017030472,28.421344888359823"
"151,656848,""Petersen, Michael"",820,18.4,0.125,0.125,0.118,0.25,0.267,0.254,0.122,3,24,86.9,20.8,2241,95.1,94.62,21,83,68,-0.5,6.16,116,146,108,149,302,330,300,""2.094"",""-2.094"",""69.4"",""6.9"",""2.099058081"",30,18,2,0,0,1,6,20,6,20,""1.52"",""1.04"",""0.52"",""-0.52"",""89.2"",172,11.11111111111111,5.555555555555555,3.3333333333333335,6.59,-1.01,-0.08,2.42,0.3,1,""-1.386754967"",0.298,0.213,""1.386754967"",0.003,0.0020000000000000018,0.037,0.013,25.3,""50.4"",7.627696965143111,2.563445881160307,30.703586014918827,0.46987951807228917,36.4625970507952,28.495282430082177"
"150,806188,""Gibson, Cade"",569,26.4,0.278,0,0.313,0.278,0.286,0.316,0.282,10,36,84.2,0.1,2764,85.3,84.62,15,70,80,-0.7000000000000028,5.89,111,145,109,148,295,321,296,""-1.373"",""1.373"",""68.5"",""7.1"",""2.569120136"",42,33,10,0,0,0,5,11.9,3,7.1,""3.09"",""0.09"",""-0.35"",""-0.35"",""92.1"",123,39.39393939393939,3.0303030303030303,2.380952380952381,5.61,1.49,-0.49,2.17,0.341,1,""0.915333333"",0.35,0.35,""-0.915333333"",-0.004,-0.008999999999999952,-0.072,-0.03,21.4,""31.2"",7.473468520145642,-0.5087363996323534,31.979245166595653,0.5428571428571428,39.15896075943103,29.519324626035093"
"148,680767,""Vodnik, Victor"",701,21.1,0.303,0.182,0.37,0.485,0.383,0.331,0.269,10,33,93.9,-8,2190,94.1,95.44,17,73,75,1.3000000000000114,6.81,111,144,113,149,297,331,303,""-2.554"",""2.554"",""71.2"",""7.1"",""2.04257097"",38,27,6,2,2,0,6,15.8,4,10.5,""2.06"",""0.51"",""0.39"",""-0.39"",""92.4"",104,44.44444444444444,7.4074074074074066,5.263157894736842,5.25,-2.47,-0.17,2.08,0.395,2,""1.725675676"",0.365,0.37,""-1.725675676"",0.034,0.030000000000000027,0.115,0.052,23.3,""40.5"",6.224409713810102,2.3619122816409397,36.30974803233975,0.3888888888888889,36.14844624071822,28.213113041744705"
"147,656546,""Hoffman, Jeff"",956,15.4,0.111,0.037,0.2,0.148,0.214,0.271,0.152,3,27,88.8,15.5,2329,89.8,90.12,26,67,80,0.29999999999999716,6.56,113,143,111,149,283,318,297,""2.543"",""-2.543"",""68.5"",""7.4"",""3.637116026"",34,15,2,1,0,0,13,38.2,4,11.8,""2.41"",""0.45"",""0.69"",""-0.69"",""91.0"",150,46.666666666666664,0,0,5.64,-2.66,0,2.01,0.265,0,""-1.729931973"",0.322,0.205,""1.729931973"",-0.041,-0.056999999999999995,-0.057,-0.057,38.8,""33.6"",9.18798545645689,-1.9593594006677804,33.817079577169565,0.3582089552238806,35.79755256515024,32.82688357512788"
"146,700669,""Graceffo, Gordon"",841,17.4,0.125,0,0.16,0.125,0.176,0.25,0.196,4,32,92.4,10.7,1878,90.9,91.1,14,66,80,0.19999999999998863,6.34,120,146,117,151,296,318,299,""4.102"",""-4.102"",""70.6"",""7.3"",""1.319157441"",36,25,4,0,0,0,7,19.4,4,11.1,""2.16"",""0.61"",""0.57"",""-0.57"",""91.6"",146,44,0,0,5.94,-1.34,-0.23,2.29,0.222,0,""-2.809589041"",0.286,0.251,""2.809589041"",-0.071,-0.06399999999999997,-0.126,-0.074,21.2,""49.9"",9.489117942959188,2.1944217061767235,32.11088520168399,0.46153846153846156,36.4147617642805,29.467568929905497"
"145,680736,""Wrobleski, Justin"",1795,8.1,0.297,0.189,0.375,0.486,0.366,0.341,0.276,11,37,83.5,13,2411,91.2,90.06,18,80,65,-1.1000000000000085,5.48,115,148,112,153,280,313,300,""-1.186"",""1.186"",""67.5"",""6.8"",""1.252212262"",40,26,8,1,0,2,11,27.5,1,2.5,""2.06"",""0.69"",""0.21"",""0.21"",""90.9"",169,38.46153846153847,11.538461538461538,7.5,5.61,2.23,-0.35,2.42,0.35,3,""0.817931034"",0.331,0.454,""-0.817931034"",0.021,0.01899999999999996,0.032,0.025,22.5,""36.4"",4.0083986606470425,7.796226192377057,30.302848661628577,0.3974358974358974,38.70783532854611,27.41188740971507"
"145,670036,""Festa, Matt"",803,18.1,0.4,0.143,0.519,0.543,0.425,0.301,0.261,14,35,85.6,17,2628,90.1,90.57,15,64,81,0.5,6.43,112,143,118,148,288,324,300,""-3.507"",""3.507"",""70.5"",""6.8"",""1.809230637"",37,27,9,5,0,0,8,21.6,1,2.7,""2.16"",""0.66"",""-0.44"",""0.44"",""92.0"",162,40.74074074074074,7.4074074074074066,5.405405405405405,5.12,-1.97,0.03,2.76,0.432,2,""2.41862069"",0.301,0.387,""-2.41862069"",0.139,0.131,0.156,0.124,23.4,""34.4"",5.654396419460566,4.389035832727308,30.004499586311777,0.484375,33.75027228173135,27.373585878171955"
"145,674841,""Alvarez, Andrew"",1163,12.5,0.207,0.103,0.273,0.31,0.291,0.341,0.265,6,29,92.4,9.1,2521,87.9,88.21,13,62,83,0.29999999999999716,6.29,116,146,116,153,292,329,305,""1.312"",""-1.312"",""69.0"",""7.3"",""6.808457611"",34,22,4,1,1,0,7,20.6,5,14.7,""2.89"",""0.06"",""0.1"",""0.1"",""92.0"",138,40.909090909090914,4.545454545454546,2.941176470588235,6.35,1.36,-0.41,1.83,0.324,1,""-0.904827586"",0.373,0.389,""0.904827586"",-0.058,-0.04899999999999999,-0.079,-0.05,21,""45.7"",9.731245002447377,-2.9467300318424225,32.978263100554116,0.5645161290322581,37.14323416441132,30.5092524782394"
"144,650911,""Sánchez, Cristopher"",2300,6.3,0.086,0,0.158,0.086,0.093,0.163,0.146,3,35,88.3,4.4,2079,90.9,91.76,37,80,64,0.8999999999999915,6.78,116,147,121,149,290,330,298,""7.481"",""-7.481"",""70.6"",""7.5"",""5.129588948"",36,19,3,0,0,0,16,44.4,1,2.8,""2.71"",""0.07"",""0.84"",""0.84"",""90.6"",102,31.57894736842105,0,0,6.1,2,-0.15,1.85,0.111,0,""-5.195138889"",0.17,0.194,""5.195138889"",-0.06,-0.05900000000000001,-0.108,-0.07,46.3,""32.6"",14.746714826126325,-5.005911108962971,35.756214316279205,0.4430379746835443,37.16917487151739,31.316980918838336"
"144,688107,""Gasser, Robert"",1114,12.9,0.091,0.03,0.136,0.121,0.128,0.255,0.218,3,33,77.3,6.9,2316,88.3,89.16,21,80,64,0.9000000000000057,6.86,119,150,124,153,290,324,305,""5.503"",""-5.503"",""67.6"",""7.0"",""2.017480339"",35,22,2,1,0,0,11,31.4,0,0,""2.38"",""0.58"",""0.12"",""0.12"",""90.4"",152,31.818181818181817,4.545454545454546,2.857142857142857,5.05,2.64,-0.28,2.29,0.143,1,""-3.821527778"",0.263,0.303,""3.821527778"",-0.127,-0.12000000000000002,-0.182,-0.127,26.3,""23.4"",7.416067543219807,0.37898244138262216,32.62241607475186,0.4810126582278481,36.433140388260135,31.166349215426017"
"143,687570,""Prielipp, Connor"",1413,10.1,0.308,0.192,0.389,0.5,0.421,0.401,0.297,8,26,92.5,10.4,2695,91,90.39,16,58,85,-0.5999999999999943,5.81,123,147,114,153,289,328,296,""-3.039"",""3.039"",""69.4"",""7.1"",""2.116501163"",33,19,5,2,0,1,7,21.2,7,21.2,""2.31"",""0.45"",""0.15"",""0.15"",""91.3"",165,52.63157894736842,5.263157894736842,3.0303030303030303,6.01,1.58,-0.32,2.3,0.455,1,""2.125174825"",0.446,0.452,""-2.125174825"",0.011,0.009000000000000008,0.048,0.02,27.6,""39.4"",7.318223469630124,5.272066926512846,30.955822232087908,0.43103448275862066,37.446123444808336,26.783638647368605"
"143,673513,""Matsui, Yuki"",747,19.1,0.037,0.037,0.056,0.074,0.166,0.211,0.092,1,27,83.8,29.8,2478,87.9,87.13,17,64,79,-0.8000000000000114,5.76,112,146,119,153,302,327,308,""4.309"",""-4.309"",""68.9"",""7.4"",""3.361728999"",33,18,0,1,0,0,9,27.3,5,15.2,""2.16"",""0.8"",""0.08"",""0.08"",""90.4"",137,27.77777777777778,5.555555555555555,3.0303030303030303,6.09,1.82,-0.15,2.11,0.212,1,""-3.013286713"",0.257,0.145,""3.013286713"",-0.055,-0.04500000000000001,-0.071,-0.045,26.6,""54.9"",12.456280936819795,-4.988516860353582,31.85258219297832,0.559322033898305,36.88291687055994,33.31686717227167"
"143,678394,""Bello, Brayan"",1362,10.5,0.205,0.128,0.226,0.333,0.254,0.304,0.271,8,39,86.6,1.3,1976,92.3,92.34,17,67,76,0,6.26,117,145,114,148,282,317,305,""3.254"",""-3.254"",""68.9"",""7.2"",""3.850211484"",43,32,6,0,1,1,7,16.3,3,7,""2.31"",""0.37"",""0.91"",""-0.91"",""91.9"",120,31.25,6.25,4.651162790697675,5.48,-1.72,-0.18,2.28,0.279,2,""-2.275524476"",0.339,0.384,""2.275524476"",-0.066,-0.06,-0.051,-0.05,25.4,""35.8"",10.296492847730917,-0.438406745412403,34.00576639906267,0.4925373134328358,36.95045160269385,31.355248008434337"
"143,676477,""Whitlock, Garrett"",621,23,0.237,0.053,0.3,0.289,0.23,0.196,0.197,9,38,90.5,25,2184,91.6,93.31,24,83,60,1.7000000000000028,7.17,112,147,115,149,285,317,304,""2.76"",""-2.76"",""67.8"",""7.0"",""2.501666129"",41,30,7,2,0,0,10,24.4,1,2.4,""1.91"",""0.82"",""0.85"",""-0.85"",""91.7"",190,36.666666666666664,0,0,5.96,-0.9,0.3,2.33,0.244,0,""-1.93006993"",0.209,0.239,""1.93006993"",0.04,0.035,0.05,0.034,28.9,""42.4"",6.581498221706695,2.3395660137697227,32.65093795769796,0.4268292682926829,34.123187381277106,28.232074992906036"
"143,670062,""Garcia, Julian"",364,39.3,0.156,0.063,0.208,0.219,0.203,0.261,0.219,5,32,87.7,9.7,2861,86,86.51,15,64,79,0.5,6.52,118,146,112,150,289,325,299,""3.827"",""-3.827"",""70.1"",""7.6"",""2.934093379"",36,24,3,2,0,0,9,25,2,5.6,""2.74"",""0.36"",""-0.59"",""0.59"",""92.3"",135,30.434782608695656,4.3478260869565215,2.7777777777777777,5.94,-1.61,0.22,2.02,0.222,1,""-2.676223776"",0.28,0.301,""2.676223776"",-0.063,-0.058000000000000024,-0.082,-0.058,23.4,""52.0"",13.709682552936277,-8.342389159377658,35.02106350975619,0.453125,32.16810163971945,35.931293816091326"
"143,642528,""Loáisiga, Jonathan"",731,19.6,0.351,0.27,0.379,0.622,0.436,0.303,0.237,13,37,88.7,5.9,2131,94.8,95.1,19,79,64,0.29999999999999716,6.4,113,146,114,152,293,323,290,""-2.747"",""2.747"",""69.5"",""6.8"",""2.837000453"",40,31,7,4,0,2,6,15,3,7.5,""1.92"",""0.62"",""0.91"",""-0.91"",""91.4"",162,41.935483870967744,6.451612903225806,5,5.31,-1.74,-0.16,2.2,0.4,2,""1.920979021"",0.294,0.399,""-1.920979021"",0.114,0.10600000000000004,0.223,0.133,24.1,""41.5"",5.855218310304468,7.066400330919979,35.71731159286893,0.43037974683544306,36.92974376614262,25.764088754959992"
"141,677960,""Weathers, Ryan"",2008,7,0.229,0.086,0.32,0.314,0.241,0.234,0.233,8,35,87,9.5,2547,88,87.25,22,70,71,-0.7000000000000028,5.78,109,145,119,151,287,327,295,""3.321"",""-3.321"",""69.3"",""7.4"",""4.599242723"",37,25,5,3,0,0,11,29.7,1,2.7,""2.64"",""0.33"",""-0.02"",""-0.02"",""92.2"",128,36,0,0,5.44,2.86,-0.39,2.11,0.243,0,""-2.355319149"",0.252,0.274,""2.355319149"",-0.004,-0.009000000000000008,0.04,0.007,31.4,""32.0"",14.20501188051737,-4.731495570580412,32.24045187257637,0.5571428571428572,37.55504531076602,33.772694946202705"
"140,680742,""Bowlan, Jonathan"",672,20.8,0.103,0.138,0.111,0.241,0.212,0.261,0.173,3,29,86.9,16.1,2171,93.4,94.11,28,76,64,0.6999999999999886,6.66,119,148,123,151,286,323,298,""3.22"",""-3.22"",""70.0"",""6.8"",""2.721516145"",33,19,1,1,0,1,10,30.3,4,12.1,""1.71"",""0.91"",""0.64"",""-0.64"",""91.0"",167,36.84210526315789,5.263157894736842,3.0303030303030303,6.2,-2.53,-0.12,2.57,0.212,1,""-2.3"",0.273,0.301,""2.3"",-0.07,-0.061000000000000026,-0.06,-0.049,36.8,""41.3"",8.04065539825433,5.631624258272818,33.46705307174305,0.4266666666666667,35.9967961544253,25.65590785363933"
"139,673540,""Senga, Kodai"",868,16,0.242,0.212,0.333,0.455,0.338,0.293,0.217,8,33,90.8,13.7,2107,89.7,89.7,14,53,86,0,6.29,118,146,119,150,292,326,309,""-0.707"",""0.707"",""66.0"",""7.2"",""6.32273122"",37,22,4,2,1,1,11,29.7,4,10.8,""2.25"",""0.63"",""0.46"",""-0.46"",""92.8"",144,50,9.090909090909092,5.405405405405405,5.98,-2.07,-0.24,1.91,0.324,2,""0.508633094"",0.302,0.35,""-0.508633094"",0.025,0.02200000000000002,0.105,0.045,26.4,""47.0"",11.081979365247179,-12.211949408512005,33.58341558623309,0.40384615384615385,36.64121687669799,35.65388621129458"
"139,606996,""Hart, Kyle"",750,18.5,0.282,0.333,0.25,0.615,0.379,0.264,0.203,11,39,85.6,11.2,2414,89.6,89.57,14,68,71,0,6.25,122,147,124,153,298,324,304,""-2.183"",""2.183"",""66.7"",""7.0"",""4.699767198"",39,32,6,1,0,4,7,17.9,0,0,""2.39"",""0.48"",""0.04"",""0.04"",""91.6"",161,29.03225806451613,9.67741935483871,7.6923076923076925,5.64,1.92,-0.14,1.97,0.282,3,""1.570503597"",0.203,0.429,""-1.570503597"",0.079,0.07899999999999996,0.186,0.115,20.6,""37.4"",6.921719346170016,-3.4528195506514896,34.16947998487118,0.40298507462686567,37.3041150433187,32.67194025437812"
"139,668873,""Kilian, Caleb"",794,17.5,0.306,0.139,0.385,0.444,0.343,0.288,0.231,11,36,88.1,1.4,2477,92.4,93.01,18,74,65,0.5999999999999943,6.63,117,145,113,149,289,321,300,""-1.059"",""1.059"",""69.0"",""6.8"",""3.607316624"",38,27,9,0,1,1,9,23.7,2,5.3,""2.22"",""0.5"",""-0.09"",""0.09"",""91.9"",131,37.03703703703704,11.11111111111111,7.894736842105263,5.86,-2.01,0.1,2.32,0.342,3,""0.761870504"",0.271,0.39,""-0.761870504"",0.075,0.07100000000000001,0.054,0.055,24.3,""45.6"",5.841492162353058,2.5078547204988175,33.403433732061266,0.4647887323943662,35.34933439185265,26.999692869868884"
"138,592791,""Taillon, Jameson"",1357,10.2,0.258,0.258,0.286,0.516,0.37,0.384,0.273,8,31,92.2,25.5,2232,86.9,87.84,16,58,80,0.8999999999999915,6.79,117,147,114,154,293,323,299,""-1.118"",""1.118"",""70.1"",""7.3"",""5.093773698"",35,23,4,2,0,2,8,22.9,4,11.4,""2.38"",""0.66"",""0.45"",""-0.45"",""91.6"",188,34.78260869565217,21.73913043478261,14.285714285714285,6,-1.25,-0.42,2.37,0.343,5,""0.810144928"",0.356,0.54,""-0.810144928"",-0.015,-0.012999999999999956,-0.024,-0.014,27.6,""45.3"",13.332191763367994,-2.3108135365687383,32.84260371557067,0.5344827586206896,39.25901548401629,30.780620706767852"
"137,656849,""Peterson, David"",1743,7.9,0.189,0.162,0.192,0.351,0.231,0.321,0.289,7,37,92.4,4.9,2190,89.4,91.12,13,72,65,1.6999999999999886,7.12,118,148,113,154,293,321,304,""2.204"",""-2.204"",""67.8"",""7.1"",""1.759946808"",37,28,5,0,0,2,9,24.3,0,0,""2.38"",""0.47"",""0.31"",""0.31"",""92.3"",143,50,10.714285714285714,8.108108108108109,6.06,1.46,-0.28,2.21,0.189,3,""-1.608759124"",0.289,0.465,""1.608759124"",-0.1,-0.09999999999999998,-0.114,-0.09,18.1,""38.4"",7.364687973324607,4.968297655787887,34.59715391731083,0.5714285714285714,38.291144814239566,27.093297177788227"
"137,594580,""Moll, Sam"",880,15.6,0.25,0,0.375,0.25,0.291,0.287,0.229,6,24,84,-9.3,2675,87.5,84.71,17,69,68,-2.799999999999997,4.48,114,146,112,149,287,324,299,""-0.057"",""0.057"",""67.1"",""7.2"",""8.030095383"",29,17,6,0,0,0,8,27.6,3,10.3,""2.99"",""0.03"",""0.12"",""0.12"",""91.3"",117,37.5,0,0,4.9,1.84,-0.23,2.01,0.357,0,""0.041605839"",0.343,0.261,""-0.041605839"",0.021,0.013999999999999957,-0.011,0.004,24.6,""14.3"",11.736344149104596,-2.1403067269417204,33.50502692657917,0.40298507462686567,37.272884074926175,32.24734022045298"
"137,623454,""Anderson, Drew"",1129,12.1,0.273,0,0.321,0.273,0.281,0.335,0.293,9,33,85.1,10.3,2123,91,91.32,17,67,70,0.29999999999999716,6.46,117,145,113,150,286,330,305,""0.545"",""-0.545"",""70.7"",""7.0"",""2.211350528"",37,29,9,0,0,0,5,13.5,2,5.4,""2.6"",""0.2"",""0.36"",""-0.36"",""91.9"",139,37.93103448275862,3.4482758620689653,2.7027027027027026,5.65,-2.15,-0.02,2.35,0.333,1,""-0.397810219"",0.352,0.401,""0.397810219"",-0.02,-0.01899999999999996,-0.128,-0.054,25.4,""40.6"",7.013558082756328,0.7400958601625687,32.99617933673621,0.4696969696969697,35.738458901518264,26.029050566132693"
"136,695611,""Jump, Gage"",1262,10.8,0.179,0.107,0.222,0.286,0.281,0.274,0.182,5,28,83.9,16.6,2376,90.9,91.06,18,61,75,0.19999999999998863,6.34,115,143,117,148,291,321,299,""1.147"",""-1.147"",""68.4"",""7.2"",""4.927993637"",35,19,4,0,0,1,10,28.6,5,14.3,""2.01"",""0.78"",""0.04"",""0.04"",""90.9"",153,42.10526315789473,0,0,5.56,1.92,-0.36,1.96,0.314,0,""-0.843382353"",0.317,0.259,""0.843382353"",-0.003,-0.0030000000000000027,0.027,0.007,29.5,""43.0"",5.427255919735554,6.885935316946619,33.51875452010093,0.38333333333333336,38.73854347631844,29.321331633368956"
"135,669373,""Skubal, Tarik"",1517,8.9,0.206,0.059,0.368,0.265,0.219,0.205,0.196,7,34,78.1,-0.4,2204,92.9,93.13,34,79,56,0.19999999999998863,6.38,121,147,113,151,285,327,305,""3.501"",""-3.501"",""70.0"",""6.9"",""2.690440024"",35,19,5,2,0,0,15,42.9,1,2.9,""1.84"",""0.83"",""0.51"",""0.51"",""89.6"",138,15.789473684210526,0,0,6.14,1.83,-0.07,2.4,0.229,0,""-2.593333333"",0.219,0.239,""2.593333333"",0.01,0.010000000000000009,0.026,0.014,43,""48.7"",8.66046211881437,3.1300462190732707,31.499849519152036,0.38961038961038963,35.5720230582397,27.57605266293704"
"134,667297,""Nance, Tommy"",698,19.2,0.4,0.16,0.45,0.56,0.44,0.403,0.346,10,25,91.3,6.2,2533,90.1,90.22,11,61,73,0.10000000000000853,6.32,116,145,114,150,284,319,292,""-2.967"",""2.967"",""65.9"",""6.7"",""3.287269375"",30,21,8,1,0,1,5,16.7,4,13.3,""2.79"",""0.04"",""0.09"",""-0.09"",""91.5"",132,42.857142857142854,4.761904761904762,3.3333333333333335,6.33,-1.26,0.06,2.28,0.467,1,""2.214179104"",0.424,0.514,""-2.214179104"",0.054,0.04300000000000004,0.046,0.037,18,""46.9"",4.614655093976949,-5.611670874140549,32.83881983179993,0.3333333333333333,34.60924123943376,27.809478369268003"
"134,670329,""Garcia, Rico"",720,18.6,0.143,0.214,0.118,0.357,0.258,0.262,0.18,4,28,84.1,19.5,2380,90.1,89.51,21,70,64,-0.5999999999999943,5.96,120,149,115,151,291,327,304,""1.978"",""-1.978"",""70.6"",""7.6"",""4.380269818"",32,19,2,0,0,2,9,28.1,3,9.4,""1.95"",""0.88"",""0.9"",""-0.9"",""89.8"",147,31.57894736842105,5.263157894736842,3.125,5.91,-1.37,-0.24,2.05,0.25,1,""-1.476119403"",0.283,0.319,""1.476119403"",-0.037,-0.032999999999999974,0.038,-0.004,30,""47.8"",13.220255935743957,-6.591019308408404,33.866599103234634,0.37142857142857144,38.78563634827569,35.36415818033738"
"133,657514,""Bernardino, Brennan"",759,17.5,0.143,0,0.174,0.143,0.165,0.244,0.219,4,28,84,13.7,2434,83.9,82.85,16,57,76,-1,5.46,107,143,113,149,298,328,302,""2.82"",""-2.82"",""67.4"",""7.1"",""3.555513105"",31,24,4,0,0,0,5,16.1,2,6.5,""3.08"",""0.19"",""0"",""0"",""91.5"",171,29.166666666666668,0,0,4.67,3.29,-0.36,2.18,0.2,0,""-2.120300752"",0.271,0.267,""2.120300752"",-0.076,-0.07100000000000001,-0.124,-0.079,28.1,""9.0"",7.690847341084581,-7.732900914857547,34.43457194566665,0.38181818181818183,35.93008380299353,32.79079487827954"
"133,641329,""Baker, Bryan"",729,18.2,0.143,0.036,0.222,0.179,0.177,0.25,0.205,4,28,83.7,15.3,2086,91,91.11,18,75,58,0.09999999999999432,6.38,113,147,114,154,290,332,307,""3.684"",""-3.684"",""66.7"",""7.0"",""3.710548697"",30,18,3,1,0,0,10,33.3,2,6.7,""1.59"",""1.2"",""0.76"",""-0.76"",""89.7"",181,33.33333333333333,5.555555555555555,3.3333333333333335,6.5,-0.91,-0.2,2.47,0.2,1,""-2.769924812"",0.258,0.302,""2.769924812"",-0.062,-0.057999999999999996,-0.123,-0.073,24,""53.3"",9.974662580110204,-2.37972824353938,29.05522502642925,0.3918918918918919,36.99520657516198,29.93660862165626"
"133,683618,""Henriquez, Edgardo"",760,17.5,0.095,0,0.154,0.095,0.239,0.238,0.081,2,21,72.8,13.5,2685,94.6,95.17,20,57,76,0.6000000000000085,6.55,109,143,115,149,284,315,299,""1.501"",""-1.501"",""67.6"",""7.1"",""2.373206722"",29,14,2,0,0,0,8,27.6,6,20.7,""1.97"",""0.62"",""0.04"",""-0.04"",""89.2"",146,7.142857142857142,0,0,6.1,-1.99,0.21,2.39,0.321,0,""-1.128571429"",0.311,0.114,""1.128571429"",0.014,0.010000000000000009,-0.019,0.001,35.1,""39.0"",5.512919309844694,-6.503407638086699,31.591642784358427,0.45454545454545453,32.928097805220766,30.705653679000758"
"132,641941,""Pagán, Emilio"",421,31.4,0.04,0.12,0,0.16,0.123,0.221,0.111,1,25,90.1,34,2173,91.8,92.87,27,66,66,1.1000000000000085,6.89,119,147,113,151,289,325,299,""4.626"",""-4.626"",""70.5"",""7.2"",""3.944602316"",28,13,0,0,0,1,13,46.4,2,7.1,""1.67"",""1.05"",""0.54"",""-0.54"",""91.3"",210,38.46153846153847,15.384615384615385,7.142857142857142,5.43,-1.39,-0.25,2.27,0.107,2,""-3.504545455"",0.176,0.342,""3.504545455"",-0.071,-0.06899999999999999,-0.182,-0.098,40.9,""39.7"",10.734974951799032,-1.0764983656187201,32.713545430386674,0.4696969696969697,36.119109120231855,29.883134175362954"
"131,650556,""Abreu, Bryan"",765,17.1,0.185,0.074,0.294,0.259,0.241,0.227,0.181,5,27,88,14.1,2550,91.8,92.22,19,61,70,0.4000000000000057,6.56,116,146,107,150,283,323,296,""2.254"",""-2.254"",""67.3"",""6.8"",""5.034240885"",30,17,4,0,1,0,10,33.3,3,10,""2.17"",""0.56"",""-0.04"",""0.04"",""90.6"",130,29.411764705882355,0,0,5.67,-2.45,-0.16,2.54,0.267,0,""-1.720610687"",0.263,0.224,""1.720610687"",0.004,0.0040000000000000036,0.035,0.014,31.1,""40.9"",6.947226251436379,1.3637982479507307,31.747864410419346,0.5666666666666667,33.34749142737388,28.783966258717577"
"131,675848,""Mejia, Juan"",946,13.8,0.207,0.138,0.238,0.345,0.293,0.33,0.271,6,29,88.9,10.4,2549,93.3,93.32,12,58,73,0,5.97,115,147,116,151,294,329,302,""1.106"",""-1.106"",""69.1"",""6.8"",""2.297684371"",34,23,4,1,0,1,7,20.6,4,11.8,""2.07"",""0.55"",""0.05"",""-0.05"",""91.8"",184,39.130434782608695,4.3478260869565215,2.941176470588235,5.91,-1.86,-0.18,2.53,0.303,1,""-0.844274809"",0.359,0.38,""0.844274809"",-0.064,-0.055999999999999994,-0.035,-0.037,20.7,""34.7"",4.759434161410977,2.236263107965749,35.05505946237027,0.27586206896551724,34.92650020779817,27.36560015531915"
"131,665622,""Medina, Luis"",924,14.2,0.333,0.185,0.444,0.519,0.407,0.328,0.24,9,27,90.1,18.3,2243,92.8,92.61,19,58,73,-0.20000000000000284,6.16,114,146,117,151,291,322,298,""-1.602"",""1.602"",""69.8"",""7.3"",""2.950605353"",33,19,6,2,0,1,9,27.3,4,12.1,""2.19"",""0.5"",""0.49"",""-0.49"",""91.8"",206,47.368421052631575,5.263157894736842,3.0303030303030303,6.1,-1.38,0,2.18,0.424,1,""1.222900763"",0.348,0.398,""-1.222900763"",0.093,0.07600000000000001,0.121,0.079,32.8,""40.5"",9.762222910219295,-2.9511500783498144,33.897506761133066,0.4107142857142857,35.48023414348034,30.458963026535564"
"131,680755,""Fisher, Braydon"",967,13.5,0.217,0.087,0.313,0.304,0.324,0.308,0.182,5,23,85.1,16,2367,86.8,85.43,11,44,87,-1.3999999999999915,5.39,114,144,110,151,283,322,296,""-0.656"",""0.656"",""69.6"",""7.5"",""4.935537693"",35,17,4,0,1,0,8,22.9,10,28.6,""3.01"",""0.04"",""-0.03"",""0.03"",""91.2"",151,35.294117647058826,5.88235294117647,2.857142857142857,6.57,0.35,-0.18,2.42,0.441,1,""0.500763359"",0.422,0.255,""-0.500763359"",0.035,0.019000000000000017,0.049,0.016,25,""47.2"",13.750511673264025,-10.202016133125477,31.94847126000674,0.5,34.032241190211515,36.44704069600452"
"130,668984,""Legumina, Casey"",811,16,0.2,0.3,0.16,0.5,0.308,0.361,0.284,6,30,92.1,13.5,2152,90.9,91.92,15,75,55,1,6.87,112,148,113,153,300,340,313,""0.305"",""-0.305"",""70.7"",""6.8"",""1.054552971"",34,27,1,3,0,2,4,11.8,3,8.8,""2.03"",""0.74"",""1.03"",""-1.03"",""92.3"",196,55.55555555555556,7.4074074074074066,5.88235294117647,4.39,-2.25,-0.28,2.38,0.265,2,""-0.234615385"",0.34,0.543,""0.234615385"",-0.084,-0.07500000000000001,-0.043,-0.053,20,""12.4"",3.8062708136678722,6.766243976848114,33.77332049818641,0.44,37.927147399904534,23.92013052038996"
"130,519242,""Sale, Chris"",1970,6.6,0.276,0.172,0.381,0.448,0.345,0.291,0.227,8,29,84.6,9.2,2423,91.5,91.85,16,64,66,0.29999999999999716,6.57,122,147,126,153,299,324,305,""-0.728"",""0.728"",""67.0"",""6.9"",""1.720777863"",32,21,4,3,1,0,8,25,2,6.3,""2.55"",""0.25"",""0.59"",""0.59"",""90.5"",148,28.57142857142857,9.523809523809524,6.25,4.85,2.94,-0.18,2.1,0.344,2,""0.56"",0.3,0.349,""-0.56"",0.049,0.043999999999999984,0.099,0.054,25,""11.3"",3.9045854052480458,11.407878486079072,32.63913700423963,0.3333333333333333,36.63888307055246,22.444639952266417"
"130,682608,""Gray, Peyton"",760,17.1,0.242,0.182,0.28,0.424,0.297,0.227,0.212,8,33,81.7,7.9,2058,87.3,88.11,16,65,65,0.7999999999999972,6.86,115,146,112,152,297,329,304,""1.659"",""-1.659"",""68.5"",""7.1"",""2.241390498"",36,26,4,3,0,1,7,19.4,3,8.3,""2.28"",""0.74"",""1.05"",""-1.05"",""90.1"",151,24,0,0,5.61,-2.93,-0.32,2.16,0.306,0,""-1.276153846"",0.279,0.28,""1.276153846"",0.03,0.02699999999999997,0.144,0.07,24.6,""38.9"",9.690498213626885,2.924018953903091,31.042491947839004,0.46153846153846156,40.17628383134641,30.013684603762247"
"130,670059,""Holderman, Colin"",725,17.9,0.233,0.067,0.28,0.3,0.323,0.356,0.252,7,30,90.8,0.4,2460,90.8,91.02,15,64,66,0.20000000000000284,6.42,115,146,121,150,294,323,306,""0.093"",""-0.093"",""70.8"",""7.3"",""3.388805658"",37,25,5,2,0,0,5,13.5,4,10.8,""2.55"",""0.26"",""0.27"",""-0.27"",""91.6"",132,48,4,2.7027027027027026,5.35,-2.12,-0.12,2.05,0.378,1,""-0.071538462"",0.394,0.387,""0.071538462"",-0.019,-0.016000000000000014,-0.087,-0.033,23.4,""22.3"",10.102193885062928,-3.77851858802458,32.28391461065396,0.36507936507936506,38.255528246188845,32.3064440870557"
"130,683769,""Gaddis, Hunter"",678,19.2,0.267,0.233,0.375,0.5,0.381,0.354,0.242,8,30,89.9,29.6,2282,87.7,88.92,23,65,65,1.2000000000000028,7.08,115,147,118,151,301,325,296,""-1.732"",""1.732"",""71.0"",""7.3"",""2.219475632"",35,18,5,1,0,2,12,34.3,3,8.6,""2.18"",""0.84"",""0.64"",""-0.64"",""91.1"",166,33.33333333333333,22.22222222222222,11.428571428571429,6.06,-1.93,-0.01,2.22,0.371,4,""1.332307692"",0.35,0.452,""-1.332307692"",0.025,0.02100000000000002,0.048,0.027,35.4,""34.6"",14.501230946503123,-7.984405717263773,31.108949775528984,0.546875,35.91963109912406,34.78659688615176"
"130,595345,""Okert, Steven"",896,14.5,0.28,0.24,0.4,0.52,0.355,0.324,0.259,7,25,81.9,22.3,2389,84.6,84.73,20,63,67,0.10000000000000853,6.34,119,147,105,152,283,322,293,""0.313"",""-0.313"",""67.5"",""7.1"",""3.125851419"",27,17,3,3,0,1,9,33.3,0,0,""2.46"",""0.75"",""-0.2"",""-0.2"",""90.5"",164,41.17647058823529,11.76470588235294,7.4074074074074066,5.87,3.09,-0.63,2.27,0.308,2,""-0.240769231"",0.288,0.464,""0.240769231"",0.021,0.020000000000000018,0.056,0.031,31.7,""33.6"",12.74588057371335,-5.288933853660157,29.868271801294913,0.5079365079365079,39.56214355857619,33.61650563767007"
"129,623474,""Herget, Jimmy"",613,21,0.458,0.417,0.409,0.875,0.576,0.442,0.321,11,24,87.9,14.2,2463,85.9,84.44,7,50,79,-1.5,5.05,112,141,111,146,294,328,301,""-6.726"",""6.726"",""68.4"",""7.1"",""0.854891168"",34,25,6,2,1,2,1,2.9,8,23.5,""2.74"",""0.35"",""0.26"",""-0.26"",""92.2"",158,40,16,11.76470588235294,5.16,-2.54,-0.65,2.65,0.576,4,""5.213953488"",0.478,0.576,""-5.213953488"",0.137,0.09799999999999998,0.299,0.134,14,""6.7"",7.948093004555718,-2.161654058648397,31.73373781887066,0.5625,36.938727394427666,31.104677294238023"
"129,695243,""Miller, Mason"",796,16.2,0.214,0.036,0.4,0.25,0.253,0.214,0.157,6,28,89.2,12.9,2474,96.2,97.04,27,66,63,0.7999999999999972,6.79,124,146,119,151,297,325,305,""1.774"",""-1.774"",""67.8"",""6.9"",""3.100425646"",31,15,5,1,0,0,13,41.9,2,6.5,""1.9"",""0.61"",""0.02"",""-0.02"",""91.3"",172,46.666666666666664,0,0,6.18,-1.51,0.01,2.36,0.29,0,""-1.375193798"",0.238,0.217,""1.375193798"",0.057,0.05199999999999999,0.033,0.039,40.9,""39.7"",5.485986398527034,2.784103445546627,33.58310246734301,0.3125,33.61096672910577,26.723896750010837"
"129,675540,""Curry, Xzavion"",241,53.5,0.231,0.128,0.242,0.359,0.286,0.27,0.222,9,39,87.5,36.6,2125,86.1,85.54,15,61,68,-0.5999999999999943,5.85,114,148,125,152,290,326,301,""1.244"",""-1.244"",""73.1"",""7.1"",""1.593078179"",42,34,6,2,0,1,5,11.9,3,7.1,""2.29"",""0.82"",""0.28"",""-0.28"",""91.7"",164,26.47058823529412,5.88235294117647,4.761904761904762,6.08,-1.83,-0.17,2.44,0.286,2,""-0.964341085"",0.277,0.33,""0.964341085"",0.009,0.008999999999999952,0.029,0.016,24.6,""55.1"",10.82510103930775,-1.3991652159707373,30.426800282656046,0.5833333333333334,36.59446048776568,31.90891055741785"
"128,676760,""Marinaccio, Ron"",952,13.4,0.308,0.192,0.35,0.5,0.383,0.353,0.297,8,26,88.2,20,2272,87.7,88.33,15,65,63,0.5999999999999943,6.74,121,146,124,152,296,325,302,""-1.016"",""1.016"",""68.6"",""7.2"",""3.170200662"",29,21,5,2,0,1,5,17.2,3,10.3,""2.34"",""0.66"",""0.83"",""-0.83"",""91.9"",179,47.61904761904761,4.761904761904762,3.4482758620689653,4.98,-2.6,-0.28,2,0.379,1,""0.79375"",0.37,0.43,""-0.79375"",0.011,0.009000000000000008,0.07,0.03,23.1,""25.9"",7.378172086522476,-1.7469596032443384,32.0924307806017,0.49230769230769234,37.23114362043568,30.695909008599124"
"127,694361,""Klein, Will"",767,16.6,0.227,0,0.385,0.227,0.278,0.251,0.184,5,22,85.8,14.8,2393,92.4,93.24,18,53,74,0.7999999999999972,6.77,111,148,117,153,285,317,298,""0.802"",""-0.802"",""69.8"",""6.9"",""2.551549981"",26,13,5,0,0,0,9,34.6,4,15.4,""2.28"",""0.42"",""0.07"",""-0.07"",""90.7"",119,38.46153846153847,0,0,5.48,-1.45,0.25,2.25,0.346,0,""-0.631496063"",0.31,0.205,""0.631496063"",0.043,0.035999999999999976,0.022,0.027,34,""42.5"",3.6597690878061195,3.2191630658167716,30.624599999367458,0.4339622641509434,33.25382827078938,25.822753833008726"
"127,660853,""De Los Santos, Enyel"",864,14.7,0.182,0,0.25,0.182,0.177,0.213,0.202,6,33,83.2,6.1,2080,89.5,89.83,23,75,52,0.29999999999999716,6.53,112,146,102,151,285,320,297,""4.11"",""-4.11"",""69.1"",""7.1"",""2.981642677"",34,24,6,0,0,0,9,26.5,1,2.9,""2"",""0.88"",""1.04"",""-1.04"",""89.5"",141,16.666666666666664,0,0,5.51,-2.17,-0.07,2.19,0.206,0,""-3.236220472"",0.226,0.252,""3.236220472"",-0.02,-0.020000000000000018,-0.07,-0.036,30.7,""27.3"",10.551831547671938,-3.783474439636282,31.592479618124894,0.29333333333333333,36.97119051286713,32.231020391463794"
"127,674444,""Cruz, Steven"",694,18.3,0.156,0.219,0.13,0.375,0.237,0.265,0.194,5,32,87.5,16.1,2162,96.7,97.26,23,79,48,0.5999999999999943,6.52,119,147,123,153,298,326,297,""2.592"",""-2.592"",""70.7"",""7.0"",""1.490796498"",33,25,2,1,0,2,7,21.2,1,3,""1.55"",""0.88"",""0.49"",""-0.49"",""92.3"",163,36,12,9.090909090909092,5.45,-2.8,0.19,2.49,0.182,3,""-2.040944882"",0.218,0.399,""2.040944882"",-0.038,-0.036000000000000004,-0.024,-0.028,29.1,""26.7"",9.031404672958661,2.32493645483203,34.34198770820687,0.5384615384615384,33.40743740727822,27.245642914882925"
"127,660825,""Bazardo, Eduard"",832,15.3,0.161,0.226,0.167,0.387,0.245,0.273,0.205,5,31,85.5,11,2352,92.3,91.65,14,56,71,-0.7000000000000028,5.85,117,144,107,150,283,320,302,""2.993"",""-2.993"",""68.9"",""7.0"",""1.307624062"",33,21,2,1,0,2,11,33.3,1,3,""2.24"",""0.46"",""0.57"",""-0.57"",""90.9"",189,28.57142857142857,9.523809523809524,6.0606060606060606,5.78,-1.86,-0.02,2.26,0.188,2,""-2.356692913"",0.23,0.41,""2.356692913"",-0.044,-0.04200000000000001,-0.023,-0.028,25,""43.0"",6.2690946222716,0.132036223228726,34.41567612561986,0.5370370370370371,35.6405240688666,27.51469785872542"
"126,592662,""Ray, Robbie"",2154,5.8,0.4,0.033,0.48,0.433,0.423,0.357,0.306,12,30,83.5,12.4,2230,87.5,87.65,12,56,70,0.20000000000000284,6.23,120,147,106,151,288,318,299,""-2.71"",""2.71"",""67.9"",""7.0"",""4.916014735"",36,25,11,1,0,0,5,13.9,6,16.7,""2.39"",""0.59"",""0.28"",""0.28"",""91.1"",143,32,0,0,6.07,2.63,-0.55,2.19,0.5,0,""2.150793651"",0.422,0.356,""-2.150793651"",0.094,0.07800000000000001,0.077,0.066,21.4,""43.1"",8.432714387603225,-5.911587406418232,29.942361291294297,0.4339622641509434,38.53832134542457,33.08219387277731"
"126,689254,""Fluharty, Mason"",809,15.6,0.111,0.111,0.154,0.222,0.162,0.189,0.146,3,27,90,14.4,2659,86.3,87.24,27,66,60,0.9000000000000057,6.85,113,147,114,151,281,316,296,""3.337"",""-3.337"",""68.7"",""7.2"",""1.748245332"",28,14,2,0,0,1,13,46.4,1,3.6,""2.62"",""0.46"",""-0.73"",""-0.73"",""90.8"",159,50,14.285714285714285,7.142857142857142,5.84,3.62,-0.47,2.26,0.143,2,""-2.648412698"",0.177,0.254,""2.648412698"",-0.035,-0.034,-0.032,-0.027,40.9,""34.1"",8.172272743748398,-0.49973852190113605,32.15358605870848,0.4153846153846154,38.137210801487406,32.02506254939306"
"126,628452,""Iglesias, Raisel"",656,19.2,0.229,0.2,0.261,0.429,0.303,0.313,0.244,8,35,88.4,19.2,2140,91.1,91.07,27,70,56,0,6.2,125,147,118,154,304,324,308,""0.192"",""-0.192"",""72.1"",""7.4"",""2.55208798"",37,25,5,1,0,2,10,27,2,5.4,""1.99"",""0.76"",""1.04"",""-1.04"",""92.3"",198,44,16,10.81081081081081,5.38,-1.83,-0.14,2.08,0.27,4,""-0.152380952"",0.285,0.445,""0.152380952"",-0.015,-0.014999999999999958,-0.016,-0.01,38.6,""29.4"",13.026286021753299,-4.634385012669229,33.74319616729593,0.4857142857142857,37.822867758259534,32.44946909301925"
"125,593974,""Peralta, Wandy"",969,12.9,0.24,0.04,0.3,0.28,0.279,0.251,0.202,6,25,77.1,-1,2099,93.5,92.64,15,68,57,-0.9000000000000057,5.75,118,147,123,152,301,328,306,""1.796"",""-1.796"",""69.4"",""7.1"",""3.182897442"",30,22,5,1,0,0,5,16.7,3,10,""1.92"",""0.69"",""0.95"",""0.95"",""90.1"",97,22.727272727272727,0,0,6.08,0.41,0.16,2.03,0.321,0,""-1.4368"",0.288,0.253,""1.4368"",0.038,0.03300000000000003,0.027,0.028,22.1,""43.5"",8.006584419817413,-7.084616489276685,34.89888439658393,0.4626865671641791,35.16801388068141,31.305862979850378"
"125,702273,""Schultz, Noah"",1147,10.9,0.318,0.182,0.429,0.5,0.418,0.353,0.273,7,22,79.7,17.6,2550,90.9,91.12,11,58,67,0.19999999999998863,6.31,110,149,107,151,286,322,302,""-2.738"",""2.738"",""66.1"",""6.8"",""3.233910467"",28,16,5,1,0,1,7,25,4,14.3,""2.3"",""0.47"",""0.42"",""0.42"",""89.7"",152,25,0,0,5.8,2.24,-0.04,2.38,0.444,0,""2.1904"",0.407,0.351,""-2.1904"",0.045,0.03700000000000003,0.149,0.065,19,""20.3"",4.119400570174936,8.54119670129374,30.841574089332084,0.43636363636363634,36.81719972548178,23.719207855083212"
"125,622608,""Senzatela, Antonio"",853,14.7,0.286,0.107,0.35,0.393,0.322,0.317,0.292,8,28,86,-3.8,2277,93.4,93.63,17,65,60,0.19999999999998863,6.22,110,147,119,151,292,324,300,""-0.943"",""0.943"",""67.3"",""6.6"",""2.655223416"",32,22,7,0,0,1,7,21.9,3,9.4,""1.92"",""0.69"",""0.19"",""-0.19"",""90.8"",162,36.36363636363637,4.545454545454546,3.125,5.97,-2.95,-0.14,2.5,0.355,1,""0.7544"",0.361,0.376,""-0.7544"",-0.006,-0.006000000000000005,0.017,0.005,26.2,""42.1"",1.9710770200769534,9.362243053049555,32.13965984909985,0.296875,36.23623139355042,22.349691869621086"
"125,686973,""Varland, Louis"",975,12.8,0.2,0,0.261,0.2,0.204,0.253,0.235,6,30,87.4,12.9,2168,93.6,94.62,26,70,55,1,6.85,111,146,114,151,282,318,298,""2.223"",""-2.223"",""69.1"",""7.1"",""2.966821721"",33,23,6,0,0,0,8,24.2,2,6.1,""2.33"",""0.29"",""0.4"",""-0.4"",""91.5"",154,39.130434782608695,4.3478260869565215,3.0303030303030303,5.39,-3.06,-0.16,1.86,0.242,1,""-1.7784"",0.276,0.299,""1.7784"",-0.035,-0.03400000000000003,-0.099,-0.049,37.1,""38.0"",8.293066619058134,3.746794046606654,33.45872136820861,0.4411764705882353,37.814017174269964,28.138939690862486"
"124,643511,""Rogers, Tyler"",776,16,0.185,0.037,0.227,0.222,0.245,0.256,0.194,5,27,89.6,4.2,2048,81.7,80.71,6,60,64,-1,6.05,113,148,106,150,275,313,293,""1.209"",""-1.209"",""69.5"",""6.8"",""0.971240181"",33,22,4,1,0,0,5,15.2,5,15.2,""4.2"",""-0.71"",""-0.02"",""0.02"",""91.1"",125,38.095238095238095,0,0,1.29,-3.95,-0.07,2.25,0.313,0,""-0.975"",0.324,0.238,""0.975"",-0.009,-0.01100000000000001,-0.016,-0.011,10,""-60.8"",1.453490826903357,9.87127531540742,35.94193414470558,0.27586206896551724,34.67150767390073,24.917049229659945"
"124,676755,""Mattson, Isaac"",648,19.1,0.414,0.345,0.526,0.759,0.512,0.384,0.308,12,29,92.3,12.1,2173,91.2,91.87,13,66,58,0.7000000000000028,6.67,110,144,112,150,301,325,306,""-4.07"",""4.07"",""69.9"",""6.8"",""0.893826973"",31,21,6,4,0,2,8,25.8,2,6.5,""1.69"",""1.07"",""0.45"",""-0.45"",""91.4"",201,52.38095238095239,14.285714285714285,9.67741935483871,5.95,-1.35,-0.19,2.59,0.452,3,""3.282258065"",0.353,0.547,""-3.282258065"",0.106,0.09900000000000003,0.212,0.128,19.7,""46.5"",4.745444400261823,8.205346957604204,30.586702894864032,0.36923076923076925,36.70203685155568,25.951362130721698"
"124,672282,""Detmers, Reid"",2132,5.8,0.241,0.379,0.222,0.621,0.37,0.358,0.262,7,29,90.8,17.4,2302,88.8,88.7,21,63,61,-0.09999999999999432,6.39,115,148,120,151,299,326,306,""-2.569"",""2.569"",""69.6"",""7.3"",""3.634710902"",33,22,2,2,0,3,9,27.3,2,6.1,""2.48"",""0.48"",""0.14"",""0.14"",""92.3"",193,50,13.636363636363635,9.090909090909092,5.93,2.02,-0.37,2.12,0.281,3,""2.071774194"",0.307,0.542,""-2.071774194"",-0.021,-0.025999999999999968,0.079,0.012,33.3,""38.9"",9.346992525731197,0.48468022895450147,33.27850098821267,0.5254237288135594,36.71447427211443,30.951694154887665"
"124,661395,""Duran, Jhoan"",664,18.7,0.31,0,0.391,0.31,0.304,0.254,0.24,9,29,81.5,8.8,1900,96.6,96.36,17,69,55,-0.19999999999998863,6.07,117,145,118,148,283,321,296,""1.957"",""-1.957"",""66.4"",""6.5"",""1.246218831"",31,23,9,0,0,0,6,19.4,1,3.2,""2.04"",""0.41"",""0.89"",""-0.89"",""89.8"",137,21.73913043478261,0,0,6.12,-2.39,-0.08,2.34,0.355,0,""-1.578225806"",0.289,0.266,""1.578225806"",0.07,0.066,0.044,0.05,24.6,""37.7"",2.679484547066355,4.3683414676066,31.736982713858822,0.42028985507246375,37.28637370280455,23.102068602149068"
"123,666171,""Zeferjahn, Ryan"",1018,12.1,0.269,0.346,0.333,0.615,0.408,0.291,0.195,7,26,87.9,3.3,2466,91,91.77,19,48,75,0.7999999999999972,6.73,114,147,122,153,302,332,307,""-2.166"",""2.166"",""70.0"",""7.1"",""4.036682567"",29,15,4,0,0,3,11,37.9,2,6.9,""2.1"",""0.69"",""-0.45"",""0.45"",""91.6"",143,33.33333333333333,20,10.344827586206897,5.62,-2.66,-0.18,2.43,0.345,3,""1.76097561"",0.278,0.379,""-1.76097561"",0.074,0.06699999999999995,0.236,0.117,39.6,""34.5"",7.320806901058546,2.9354903581241816,34.97565944492933,0.41304347826086957,34.36301013454981,27.681431843232875"
"123,683409,""Chivilli, Angel"",285,43.2,0.219,0.281,0.19,0.5,0.303,0.24,0.197,7,32,91.1,20.4,1920,91.9,91.96,22,74,49,0.09999999999999432,6.23,112,143,112,149,286,325,295,""0.689"",""-0.689"",""69.3"",""7.4"",""3.316603457"",32,24,4,0,0,3,8,25,0,0,""2.12"",""0.58"",""0.72"",""-0.72"",""91.9"",176,45.83333333333333,4.166666666666666,3.125,5.7,-1.53,-0.24,1.98,0.219,1,""-0.560162602"",0.197,0.372,""0.560162602"",0.022,0.021999999999999992,0.128,0.063,29.7,""32.5"",12.953580128193051,-4.247719876109138,33.118727744896,0.6438356164383562,36.91666591258713,31.8581419044983"
"123,669020,""Rolison, Ryan"",719,17.1,0.192,0.038,0.313,0.231,0.254,0.246,0.171,5,26,86.1,16.4,2378,90.8,91.31,19,55,68,0.5,6.5,113,147,113,154,295,320,301,""2.029"",""-2.029"",""69.0"",""7.2"",""4.656069306"",30,16,4,1,0,0,10,33.3,4,13.3,""2.29"",""0.49"",""-0.03"",""-0.03"",""90.1"",136,25,6.25,3.3333333333333335,5.88,1.89,-0.17,2.34,0.3,1,""-1.649593496"",0.282,0.24,""1.649593496"",0.021,0.018000000000000016,-0.009,0.008,34.5,""45.7"",10.807245253131912,0.7910420976633857,33.30351811742,0.46296296296296297,38.33857615937935,30.39747583738742"
"122,657612,""Hill, Tim"",613,19.9,0.333,0.4,0.261,0.733,0.481,0.387,0.27,10,30,89.4,1.7,2063,87.5,87.69,9,58,64,0.20000000000000284,6.57,119,147,114,152,286,321,295,""-6.073"",""6.073"",""70.5"",""6.9"",""1.582024512"",34,27,6,0,0,4,3,8.8,3,8.8,""3.42"",""-0.41"",""1.12"",""1.12"",""92.7"",108,40.74074074074074,18.51851851851852,14.705882352941178,3.1,3.96,0.46,2.13,0.412,5,""4.977868852"",0.356,0.55,""-4.977868852"",0.063,0.055999999999999994,0.183,0.094,15.5,""-22.6"",7.361224271874079,3.656125291776977,34.70009108516417,0.5263157894736842,33.03204590736008,29.948765187025113"
"121,677961,""Wilcox, Cole"",492,24.6,0.214,0.107,0.278,0.321,0.277,0.301,0.262,6,28,92.3,17.9,1984,90.7,90.63,22,53,68,-0.10000000000000853,6.22,115,144,117,151,285,322,301,""1.463"",""-1.463"",""69.0"",""7.1"",""4.416329315"",31,19,5,0,0,1,9,29,3,9.7,""2.66"",""0.13"",""0.32"",""-0.32"",""93.9"",177,52.63157894736842,0,0,5.7,-2.17,0.14,2.29,0.29,0,""-1.209090909"",0.333,0.336,""1.209090909"",-0.048,-0.04300000000000004,-0.015,-0.024,41.5,""24.7"",10.215361942494173,0.6934978895356492,35.40206326394479,0.37254901960784315,33.44702804901242,29.618183806515333"
"121,689266,""Dodd, Dylan"",576,21,0.125,0.083,0.2,0.208,0.223,0.262,0.169,3,24,86.7,28.5,2171,91.6,91.62,22,60,61,0,6.2,121,147,120,153,302,323,307,""2.054"",""-2.054"",""71.4"",""7.1"",""1.698756576"",28,15,1,2,0,0,9,32.1,3,10.7,""1.6"",""1.12"",""0.52"",""0.52"",""90.5"",211,40,6.666666666666667,3.571428571428571,6.07,1.99,-0.3,2.76,0.25,1,""-1.697520661"",0.288,0.27,""1.697520661"",-0.044,-0.03799999999999998,-0.062,-0.039,36.7,""43.0"",9.630629689143136,1.3156499589124342,28.345272388535864,0.5166666666666667,37.78151570603997,28.975077958564846"
"121,642207,""Williams, Devin"",732,16.5,0.4,0.167,0.478,0.567,0.428,0.28,0.263,12,30,88.7,21,2477,89.6,91.07,20,68,53,1.5,7.31,119,148,123,151,298,317,307,""-2.254"",""2.254"",""70.4"",""7.1"",""2.307201588"",31,24,9,2,0,1,6,19.4,1,3.2,""2.33"",""0.56"",""1.34"",""-1.34"",""91.7"",186,33.33333333333333,4.166666666666666,3.225806451612903,5.18,-2.43,-0.15,2.44,0.419,1,""1.862809917"",0.287,0.354,""-1.862809917"",0.137,0.132,0.213,0.148,29.4,""17.4"",10.60791957861449,-0.633563493687997,32.95008101318337,0.45454545454545453,35.59106603017688,32.164471670200086"
"120,656271,""Burke, Brock"",922,13,0.185,0.074,0.25,0.259,0.243,0.228,0.177,5,27,85.1,13.9,2200,92.9,93.91,15,52,68,1,6.79,121,149,114,152,288,327,300,""2"",""-2"",""69.6"",""7.0"",""3.377390038"",30,20,4,0,1,0,7,23.3,2,6.7,""1.74"",""0.9"",""0.71"",""0.71"",""90.4"",148,15,0,0,6.37,1.66,-0.23,2.73,0.267,0,""-1.666666667"",0.259,0.226,""1.666666667"",0.008,0.008000000000000007,0.033,0.015,28.8,""44.9"",9.89533562626474,3.5150259413245974,28.530124313054998,0.5961538461538461,37.026353078517154,28.83579240540228"
"120,660604,""Rangel, Alan"",436,27.5,0.308,0.192,0.333,0.5,0.392,0.389,0.302,8,26,89.3,14.9,2109,84.3,84.93,17,63,57,0.6000000000000085,6.56,116,148,119,150,292,322,293,""-1.462"",""1.462"",""70.3"",""7.2"",""4.477901048"",32,22,5,2,0,1,5,15.6,4,12.5,""2.37"",""0.89"",""0.46"",""-0.46"",""92.7"",170,40.909090909090914,13.636363636363635,9.375,6.25,0.43,0.05,2.27,0.406,3,""1.218333333"",0.402,0.498,""-1.218333333"",0.006,0.0040000000000000036,0.002,0.003,27,""70.6"",15.189932489328735,-15.783127626026129,34.88074106691664,0.36507936507936506,34.45594066881067,36.748956536275415"
"119,672629,""Carrillo, Gerardo"",169,70.4,0.2,0.04,0.294,0.24,0.247,0.222,0.154,5,25,86.1,-1.9,1861,91.3,91.72,13,56,63,0.4000000000000057,6.55,118,146,118,153,293,316,287,""2.483"",""-2.483"",""69.3"",""7.4"",""6.836849006"",29,17,4,1,0,0,8,27.6,4,13.8,""2.26"",""0.51"",""0.55"",""-0.55"",""90.7"",129,23.52941176470588,5.88235294117647,3.4482758620689653,5.33,-2.67,-0.2,2.25,0.31,1,""-2.086554622"",0.271,0.229,""2.086554622"",0.046,0.03899999999999998,0.011,0.025,23.2,""34.8"",12.18724264383269,-7.277770680406301,33.46224472989066,0.39285714285714285,37.93855527303914,34.73278313979278"
"119,702474,""Paredes, Mike"",552,21.6,0.391,0.304,0.368,0.696,0.507,0.402,0.304,9,23,92.1,22.8,1941,88,88.49,10,61,58,0.5,6.48,114,144,114,150,296,324,291,""-4.652"",""4.652"",""72.8"",""7.6"",""2.573580742"",28,21,6,1,0,2,2,7.1,4,14.3,""2.44"",""0.52"",""0.17"",""-0.17"",""92.4"",153,52.38095238095239,4.761904761904762,3.571428571428571,5.21,-1.51,-0.15,2.36,0.5,1,""3.909243697"",0.429,0.478,""-3.909243697"",0.087,0.07100000000000001,0.218,0.105,16.4,""37.9"",14.663774341571083,-6.643782019427411,32.791623579954944,0.5,35.511899557091475,32.03317471666271"
"118,592773,""Stanek, Ryne"",834,14.1,0.238,0.19,0.25,0.429,0.376,0.409,0.304,5,21,86.6,24.9,2072,94.2,93.81,9,48,70,-0.4000000000000057,6.01,114,144,109,150,298,322,303,""-0.662"",""0.662"",""71.0"",""7.3"",""1.380249164"",27,17,3,1,0,1,4,14.8,6,22.2,""1.61"",""0.97"",""0.59"",""-0.59"",""91.2"",166,29.411764705882355,5.88235294117647,3.7037037037037033,6.37,-0.62,-0.08,2.34,0.407,1,""0.561016949"",0.458,0.464,""-0.561016949"",-0.066,-0.051000000000000045,-0.035,-0.033,18.8,""47.1"",11.139482993145041,-5.642246012912467,31.949982301930138,0.6170212765957447,34.4348468764266,31.010656540266588"
"118,669060,""Wilson, Bryse"",362,32.6,0.355,0.129,0.37,0.484,0.376,0.358,0.321,11,31,90.1,22.3,1925,89.6,89.8,7,67,51,0.20000000000000284,6.34,114,149,126,153,290,324,305,""-1.483"",""1.483"",""69.5"",""6.8"",""3.403106476"",32,28,9,1,0,1,3,9.4,0,0,""2.11"",""0.73"",""0.54"",""-0.54"",""91.9"",196,50,3.571428571428571,3.125,5.88,-2.93,-0.2,2.57,0.375,1,""1.256779661"",0.343,0.487,""-1.256779661"",0.034,0.03199999999999997,-0.003,0.018,10.4,""42.7"",6.729703237814843,4.333097612002794,32.06987747231754,0.42424242424242425,35.48905382841576,28.064589799516764"
"118,666661,""Morillo, Juan"",744,15.9,0.185,0.074,0.25,0.259,0.227,0.214,0.192,5,27,82.6,12,2343,95.8,95.76,14,61,57,0,6.31,119,148,115,153,299,318,290,""2.608"",""-2.608"",""65.4"",""6.6"",""1.719704776"",29,20,3,2,0,0,7,24.1,2,6.9,""1.57"",""0.93"",""0.69"",""-0.69"",""89.5"",143,20,0,0,5.73,-1.57,-0.22,2.31,0.241,0,""-2.210169492"",0.248,0.216,""2.210169492"",-0.007,-0.007000000000000006,0.043,0.013,23,""46.2"",2.7268086362704325,14.320192368792698,31.387300846955778,0.38333333333333336,37.648646138191026,23.695965115808402"
"117,804267,""Thornton, Zac"",560,20.9,0.161,0,0.185,0.161,0.192,0.327,0.274,5,31,87.7,8.1,2391,86.8,86.8,13,57,60,0,6.26,115,150,119,151,294,325,306,""3.705"",""-3.705"",""70.8"",""7.2"",""4.164288923"",34,27,5,0,0,0,4,11.8,3,8.8,""2.41"",""0.65"",""-0.19"",""-0.19"",""91.8"",163,40.74074074074074,11.11111111111111,8.823529411764707,6.13,2.59,-0.47,2.19,0.235,3,""-3.166666667"",0.338,0.403,""3.166666667"",-0.113,-0.10300000000000004,-0.242,-0.135,22.8,""49.0"",10.023921303126022,0.3178218713465436,30.69428871871999,0.5964912280701754,39.79397831981548,32.06206234998237"
"117,669276,""Lee, Dylan"",819,14.3,0.095,0,0.154,0.095,0.183,0.322,0.22,2,21,84.9,16.9,2246,87.2,87.18,18,58,59,0,6.25,117,145,122,152,305,323,306,""2.759"",""-2.759"",""66.3"",""7.3"",""4.38511073"",25,13,2,0,0,0,8,32,4,16,""2.19"",""0.83"",""0.16"",""0.16"",""90.9"",138,38.46153846153847,7.6923076923076925,4,6.52,1.74,-0.46,2.13,0.24,1,""-2.358119658"",0.344,0.371,""2.358119658"",-0.125,-0.10399999999999998,-0.276,-0.139,31,""47.8"",11.597537812578802,-7.665038600942241,33.0712858753464,0.5535714285714286,38.2397774232413,33.948944207852335"
"117,663878,""Pearson, Nate"",428,27.3,0.19,0.048,0.267,0.238,0.301,0.346,0.226,4,21,89.8,18.8,2364,92.3,93.61,7,45,72,1.2999999999999972,6.88,116,147,114,153,290,324,298,""0.092"",""-0.092"",""70.3"",""7.0"",""3.224438218"",27,15,3,1,0,0,6,22.2,6,22.2,""2.16"",""0.53"",""0.05"",""-0.05"",""92.4"",151,46.666666666666664,6.666666666666667,3.7037037037037033,5.77,-1.78,-0.1,2.5,0.37,1,""-0.078632479"",0.398,0.342,""0.078632479"",-0.036,-0.028000000000000025,-0.104,-0.045,15.6,""45.3"",9.550096922372182,-2.297660691223224,32.234695980531626,0.46511627906976744,35.68448746373979,32.23560647400565"
"116,664849,""Young, Danny"",241,48.1,0.364,0.364,0.4,0.727,0.513,0.465,0.275,8,22,89.3,6.9,2522,88.4,88.38,11,40,76,0,6.41,121,144,120,151,295,321,302,""-3.51"",""3.51"",""67.2"",""7.1"",""5.046739621"",29,18,4,2,0,2,5,17.2,6,20.7,""2.82"",""0.15"",""0.14"",""0.14"",""93.6"",158,55.55555555555556,27.77777777777778,17.24137931034483,4.88,3.43,-0.59,1.94,0.5,5,""3.025862069"",0.431,0.693,""-3.025862069"",0.089,0.069,0.034,0.048,27.5,""14.7"",9.822923609074286,-1.173848619858988,33.69573353131852,0.41025641025641024,38.23646703038074,31.674892944580485"
"116,663556,""McClanahan, Shane"",1547,7.5,0.04,0.04,0.053,0.08,0.141,0.328,0.189,1,25,85.7,12.7,2191,90.6,91.09,7,47,69,0.5,6.63,109,146,116,153,296,336,312,""3.84"",""-3.84"",""69.5"",""7.2"",""2.457416669"",29,19,0,1,0,0,6,20.7,3,10.3,""2.13"",""0.68"",""0.6"",""0.6"",""92.2"",159,42.10526315789473,10.526315789473683,6.896551724137931,6.19,0.73,-0.24,2.15,0.172,2,""-3.310344828"",0.301,0.451,""3.310344828"",-0.149,-0.129,-0.371,-0.187,14.9,""37.8"",9.74249072859124,-2.111629119774244,30.807042928104252,0.5,34.634360938915634,30.188933604978843"
"116,820862,""Fermin, José"",692,16.8,0.222,0.296,0.211,0.519,0.373,0.411,0.285,6,27,91,10.4,2429,93.7,93.32,17,54,62,-0.4000000000000057,6.17,115,147,113,151,302,330,310,""-1.761"",""1.761"",""72.0"",""7.3"",""2.549425213"",32,21,2,2,0,2,6,18.8,3,9.4,""1.92"",""0.69"",""0.71"",""-0.71"",""92.8"",162,52.38095238095239,19.047619047619047,12.5,6.24,-1.86,0,2.21,0.344,4,""1.518103448"",0.397,0.557,""-1.518103448"",-0.063,-0.05300000000000005,-0.038,-0.038,31.5,""45.4"",10.361036424537627,-6.203650865046579,35.28866931618697,0.5185185185185185,36.45459904246038,30.87631143886495"
"116,656638,""Lange, Alex"",862,13.5,0.333,0,0.412,0.333,0.387,0.387,0.308,7,21,87.3,7.6,2141,91.6,91.9,10,58,58,0.30000000000001137,6.34,115,147,119,152,298,331,299,""-1.468"",""1.468"",""71.9"",""7.2"",""1.360659204"",27,17,7,0,0,0,4,14.8,5,18.5,""2.41"",""0.31"",""0.67"",""-0.67"",""91.5"",134,41.17647058823529,0,0,5.74,-1.75,-0.03,2,0.481,0,""1.265517241"",0.462,0.373,""-1.265517241"",0.025,0.01899999999999996,-0.04,0,17.2,""40.9"",9.44967893264532,-2.3647367313698604,35.067626667906715,0.5087719298245614,35.30833673408726,31.8010619549342"
"116,681217,""Silseth, Chase"",812,14.3,0.227,0,0.294,0.227,0.283,0.322,0.256,5,22,84.4,22.2,2200,92.6,92,12,49,67,-0.5,5.99,110,141,109,147,294,323,302,""0.654"",""-0.654"",""69.1"",""6.9"",""2.770380801"",30,17,5,0,0,0,6,20,7,23.3,""1.85"",""0.83"",""0.45"",""-0.45"",""90.3"",169,29.411764705882355,0,0,5.82,-2.07,-0.01,2.06,0.4,0,""-0.563793103"",0.422,0.324,""0.563793103"",-0.029,-0.021999999999999964,-0.097,-0.039,24.5,""34.6"",5.295392073206111,5.998412937144229,35.862565716405655,0.4791666666666667,34.23166538253332,26.155176525699467"
"116,682254,""Montgomery, Mason"",832,13.9,0,0,0,0,0.084,0.207,0.149,0,21,81.5,-2.9,2334,96.1,97.4,15,53,63,1.3000000000000114,6.99,110,145,113,151,299,323,304,""3.52"",""-3.52"",""66.2"",""6.7"",""1.497648627"",25,11,0,0,0,0,11,44,3,12,""1.48"",""1"",""0.28"",""0.28"",""89.7"",156,36.36363636363637,0,0,5.61,1.15,-0.32,2.42,0.12,0,""-3.034482759"",0.252,0.17,""3.034482759"",-0.149,-0.132,-0.17,-0.123,28.3,""55.5"",3.327541421861223,11.74715917605014,31.96290835428843,0.41509433962264153,37.92243532168715,23.179876564092545"
"115,805427,""Sommers, Drew"",343,33.5,0.323,0.097,0.5,0.419,0.324,0.165,0.154,10,31,77,0.8,2211,92.1,93.89,16,61,54,1.8000000000000114,7.31,113,147,108,151,287,325,305,""-1.496"",""1.496"",""63.0"",""6.2"",""2.023934246"",31,19,9,0,0,1,12,38.7,0,0,""2.34"",""0.37"",""0.72"",""0.72"",""90.3"",122,10.526315789473683,0,0,4.71,2.81,0.09,2.57,0.323,0,""1.300869565"",0.154,0.225,""-1.300869565"",0.169,0.169,0.194,0.159,26.2,""12.5"",-2.05391249732089,9.825259823847976,32.54681817396799,0.3114754098360656,32.397690421800284,23.599120009884466"
"115,642397,""Soto, Gregory"",873,13.2,0.136,0.045,0.214,0.182,0.244,0.258,0.163,3,22,83.5,2.4,2456,91.2,91.37,14,44,71,0.20000000000000284,6.42,114,144,111,149,299,322,301,""2.028"",""-2.028"",""64.3"",""7.1"",""7.682010269"",28,15,2,1,0,0,8,28.6,3,10.7,""2.34"",""0.45"",""0.55"",""0.55"",""91.1"",110,33.33333333333333,0,0,5.54,2.39,-0.13,2.09,0.296,0,""-1.763478261"",0.318,0.196,""1.763478261"",-0.027,-0.02200000000000002,-0.014,-0.014,31.8,""32.5"",10.123158007077363,-5.901069207333027,33.285495660709856,0.4772727272727273,37.719147439095984,32.23706517074035"
"115,680916,""Aleman, Franco"",285,40.4,0.138,0.103,0.176,0.241,0.18,0.178,0.137,4,29,92.6,34.4,2360,92.9,93.56,16,59,56,0.6999999999999886,6.81,119,148,123,152,290,324,298,""3.343"",""-3.343"",""70.6"",""7.1"",""3.031102545"",30,18,3,0,0,1,11,36.7,1,3.3,""1.91"",""0.76"",""0.98"",""-0.98"",""91.1"",169,44.44444444444444,5.555555555555555,3.3333333333333335,5.62,-2.08,0.08,2.27,0.167,1,""-2.906956522"",0.166,0.237,""2.906956522"",0.001,0.0010000000000000009,0.004,0.002,27.1,""19.8"",10.325797093613112,0.8693264194071916,32.45910641547552,0.5,35.633253436553346,29.28810454464649"
"114,691799,""Taylor, Grant"",962,11.9,0.185,0.111,0.2,0.296,0.284,0.365,0.262,5,27,93.4,3.5,2380,91.8,93.25,8,43,71,1.5,7.06,112,148,105,150,283,324,299,""0.707"",""-0.707"",""65.6"",""6.6"",""2.002567182"",32,21,4,0,0,1,6,18.8,5,15.6,""2.52"",""0.23"",""0.01"",""-0.01"",""94.1"",174,61.904761904761905,9.523809523809524,6.25,5.91,-0.45,-0.05,2.45,0.313,2,""-0.620175439"",0.378,0.444,""0.620175439"",-0.077,-0.065,-0.148,-0.081,18.6,""60.8"",3.440871700542034,7.759151293637347,30.747415309376652,0.5,36.31991642013975,23.08483695864239"
"114,664141,""Brubaker, JT"",894,12.8,0.185,0,0.227,0.185,0.184,0.311,0.294,5,27,86.2,7.5,2242,89.1,88.38,9,52,62,-0.6999999999999886,5.71,114,145,108,148,288,322,302,""3.561"",""-3.561"",""71.2"",""7.4"",""2.826349411"",28,22,5,0,0,0,5,17.9,1,3.6,""2.45"",""0.43"",""0.71"",""-0.71"",""91.6"",144,31.818181818181817,4.545454545454546,3.571428571428571,6.21,-2.34,-0.01,2.26,0.214,1,""-3.123684211"",0.319,0.386,""3.123684211"",-0.109,-0.10500000000000001,-0.201,-0.127,17.3,""44.7"",11.323794123599956,-0.5821596513434851,32.39301629023088,0.4423076923076923,37.6616439476329,30.789143263820872"
"114,657044,""Thompson, Ryan"",667,17.1,0.536,0.107,0.6,0.643,0.535,0.421,0.396,15,28,89.2,7.9,2075,86.2,86.42,6,51,63,0.20000000000000284,6.64,112,145,118,149,298,322,290,""-5.85"",""5.85"",""69.2"",""7.0"",""4.435288306"",33,25,12,3,0,0,3,9.1,4,12.1,""3.36"",""-0.23"",""0.3"",""-0.3"",""92.0"",147,28.000000000000004,4,3.0303030303030303,3.46,-3.85,0.13,1.91,0.606,1,""5.131578947"",0.487,0.499,""-5.131578947"",0.14,0.119,0.144,0.114,11.8,""-13.9"",5.673057603678287,1.434895909044306,37.36638126724006,0.42857142857142855,34.82342769135564,28.382358599093607"
"114,688642,""Agnos, Zach"",1080,10.6,0.276,0.069,0.333,0.345,0.285,0.347,0.333,8,29,91.7,13.5,2268,90.2,90.46,7,52,62,0.29999999999999716,6.08,120,147,120,152,299,331,304,""0.873"",""-0.873"",""70.2"",""7.3"",""3.916078735"",30,24,6,2,0,0,5,16.7,1,3.3,""2.23"",""0.55"",""0.15"",""-0.15"",""93.7"",147,41.66666666666667,4.166666666666666,3.3333333333333335,5.74,-2.5,-0.17,2.31,0.3,1,""-0.765789474"",0.356,0.442,""0.765789474"",-0.057,-0.055999999999999994,-0.097,-0.062,13.5,""37.7"",10.654313552966034,-3.833306369686027,34.02561332786844,0.48,35.28635767549271,32.509700652826275"
"114,641778,""Lauer, Eric"",1502,7.6,0.276,0.31,0.3,0.586,0.397,0.309,0.187,8,29,90.9,34,2396,87.6,87.18,14,64,50,-0.3999999999999915,5.86,113,148,113,152,280,313,297,""-2.062"",""2.062"",""71.0"",""7.0"",""1.772133461"",32,22,3,3,0,2,7,21.9,1,3.1,""2.27"",""0.7"",""-0.02"",""-0.02"",""90.7"",191,36.36363636363637,18.181818181818183,12.5,6.06,1.6,-0.25,2.62,0.344,4,""1.80877193"",0.263,0.453,""-1.80877193"",0.089,0.08099999999999996,0.133,0.088,21.9,""38.3"",11.312103942444896,-2.3897532142557103,29.182030264097705,0.546875,36.66037341733461,33.587296973027236"
"114,676664,""Sears, JP"",529,21.6,0.2,0.1,0.185,0.3,0.267,0.324,0.241,6,30,88.6,5.9,2110,87.9,88.08,11,63,51,0.19999999999998863,6.34,115,146,120,152,298,324,309,""1.685"",""-1.685"",""67.8"",""6.8"",""2.342072025"",35,28,5,0,0,1,3,8.6,2,5.7,""2.35"",""0.63"",""0.43"",""0.43"",""91.3"",109,39.285714285714285,3.571428571428571,2.857142857142857,4.83,1.19,-0.16,2.3,0.286,1,""-1.478070175"",0.34,0.305,""1.478070175"",-0.041,-0.05400000000000005,-0.005,-0.057,17.5,""26.4"",4.160573492943319,5.160173779532831,33.774286855102154,0.38333333333333336,34.737844889743485,27.07956225732926"
"113,657571,""Ferguson, Caleb"",464,24.4,0.25,0.125,0.313,0.375,0.303,0.245,0.17,6,24,84,8.9,2364,90.5,90.67,10,53,60,0.20000000000000284,6.35,108,145,112,150,288,326,298,""-0.376"",""0.376"",""71.0"",""6.9"",""2.213882619"",27,17,5,0,0,1,7,25.9,3,11.1,""2.13"",""0.67"",""0.65"",""0.65"",""90.5"",105,23.52941176470588,5.88235294117647,3.7037037037037033,5.59,2.57,-0.29,2.21,0.333,1,""0.332743363"",0.262,0.327,""-0.332743363"",0.08,0.07100000000000001,0.048,0.058,18.9,""38.9"",5.823087618829314,4.693690749571656,33.46475708006223,0.5192307692307693,34.17669713184562,27.7474580993176"
"113,701519,""Adams, Travis"",598,18.9,0.2,0.067,0.24,0.267,0.219,0.25,0.23,6,30,84.7,15,2173,89.2,89.15,12,59,54,-0.10000000000000853,6.09,114,145,116,152,292,329,297,""3.508"",""-3.508"",""69.1"",""7.3"",""3.743219348"",31,25,4,2,0,0,5,16.1,1,3.2,""2.26"",""0.6"",""0.5"",""-0.5"",""91.1"",157,28.000000000000004,0,0,5.87,-0.75,0.03,2.02,0.226,0,""-3.104424779"",0.255,0.32,""3.104424779"",-0.03,-0.028999999999999998,-0.053,-0.031,20.3,""41.5"",12.121526412871358,-4.321117086037746,33.940864573964916,0.6206896551724138,34.50430936881103,33.67095430720463"
"113,608718,""Suter, Brent"",1141,9.9,0.222,0.185,0.25,0.407,0.299,0.352,0.278,6,27,88,8.7,2075,84,85.5,11,56,57,1.5,7.24,117,146,117,150,292,322,306,""0.924"",""-0.924"",""67.7"",""6.8"",""5.352854915"",29,21,3,2,0,1,6,20.7,1,3.4,""2.47"",""0.81"",""0.22"",""0.22"",""91.4"",151,35,10,6.896551724137931,6.09,3.43,-0.06,2.24,0.276,2,""-0.817699115"",0.33,0.483,""0.817699115"",-0.056,-0.05399999999999999,-0.076,-0.053,19.6,""48.1"",7.750718731803026,-0.5034437657112968,33.461621016227184,0.32727272727272727,33.62821129574966,30.69756948942954"
"113,684442,""Drake, Kohl"",325,34.8,0.304,0.391,0.278,0.696,0.442,0.457,0.318,7,23,93,24.1,2333,85,85.48,8,54,59,0.5,6.52,116,147,113,152,299,323,290,""-3.327"",""3.327"",""70.0"",""7.4"",""2.664602516"",25,20,3,1,1,2,3,12,1,4,""2.74"",""0.45"",""0.25"",""0.25"",""92.7"",197,45,20,16,5.76,1.41,-0.38,1.97,0.36,4,""2.944247788"",0.372,0.715,""-2.944247788"",-0.014,-0.01200000000000001,-0.019,-0.015,14.8,""38.3"",10.488425076942134,-6.124244469961858,31.632447409558708,0.5370370370370371,36.96458352236981,34.37746428465618"
"113,669461,""Liberatore, Matthew"",1915,5.9,0.37,0.111,0.45,0.481,0.433,0.375,0.284,10,27,88,10.2,2425,90,90.33,8,50,63,0.29999999999999716,6.35,112,145,107,151,294,320,300,""-2.778"",""2.778"",""70.2"",""7.4"",""1.958175194"",33,21,9,0,0,1,6,18.2,4,12.1,""2.16"",""0.67"",""0.16"",""0.16"",""91.7"",127,52.38095238095239,4.761904761904762,3.0303030303030303,6.48,0.64,-0.48,2.21,0.485,1,""2.45840708"",0.414,0.414,""-2.45840708"",0.086,0.07100000000000001,0.067,0.058,16,""46.1"",9.920321724011574,-2.9727707926007736,32.833382001864166,0.5,37.46916591177852,31.586583850996306"
"112,657097,""Webb, Jacob"",873,12.8,0.226,0.032,0.318,0.258,0.213,0.196,0.191,7,31,87.9,15.7,2398,88.3,87.99,25,64,48,-0.29999999999999716,6.17,115,148,117,154,297,324,301,""2.988"",""-2.988"",""70.7"",""7.6"",""2.707310759"",31,22,6,1,0,0,9,29,0,0,""2.21"",""0.74"",""1"",""-1"",""92.1"",168,42.857142857142854,0,0,5.52,-3.05,-0.32,2.2,0.226,0,""-2.667857143"",0.191,0.267,""2.667857143"",0.035,0.035,-0.009,0.017,39.1,""33.0"",14.681855346755219,-4.61499886444066,33.333466086135566,0.49206349206349204,41.110818979837724,34.187836227623826"
"112,623149,""Sewald, Paul"",633,17.7,0.414,0.517,0.444,0.931,0.569,0.49,0.372,12,29,93.9,21.5,2549,87.9,88.03,17,65,47,0.09999999999999432,6.39,119,146,109,153,297,322,292,""-4.806"",""4.806"",""70.1"",""7.0"",""2.236765936"",30,22,6,1,1,4,7,23.3,1,3.3,""2.28"",""0.7"",""0.06"",""-0.06"",""91.9"",211,45.45454545454545,22.727272727272727,16.666666666666664,4.44,-3.62,0.09,2.53,0.433,5,""4.291071429"",0.393,0.784,""-4.291071429"",0.042,0.03999999999999998,0.147,0.079,26.2,""14.7"",9.07111003781387,0.9140075075777109,32.8799444406108,0.40625,35.96011242628205,28.745023653888538"
"112,573124,""Rogers, Taylor"",749,15,0.35,0.05,0.389,0.4,0.401,0.34,0.263,7,20,77.2,7.6,2572,84.4,83.65,4,36,76,-0.8000000000000114,5.83,115,146,111,150,289,321,296,""-1.684"",""1.684"",""63.9"",""6.9"",""0.977704869"",28,19,6,1,0,0,3,10.7,5,17.9,""2.95"",""0.33"",""-0.12"",""-0.12"",""89.3"",132,10.526315789473683,0,0,5.52,1.8,-0.46,2.38,0.481,0,""1.503571429"",0.417,0.297,""-1.503571429"",0.087,0.064,0.103,0.061,11.1,""28.8"",10.636548040521232,-1.0585222341854552,29.311926234592168,0.6,36.788949034338174,31.356331486848408"
"112,676604,""Zuber, Tyler"",358,31.3,0.345,0.172,0.474,0.517,0.372,0.266,0.266,10,29,93.8,16.4,2544,90.9,90.33,16,60,52,-0.6000000000000085,5.99,111,145,105,147,297,328,300,""-1.271"",""1.271"",""69.2"",""7.0"",""2.739231115"",29,20,7,2,0,1,9,31,0,0,""2.01"",""0.78"",""0.01"",""-0.01"",""91.5"",162,50,0,0,5,-2.44,-0.19,2.28,0.345,0,""1.134821429"",0.266,0.35,""-1.134821429"",0.079,0.07899999999999996,0.167,0.106,26.7,""29.3"",7.129947700861913,2.342073098204462,32.20497199787961,0.423728813559322,37.464033628857074,28.700443063380277"
"112,696070,""Rojas, Kendry"",521,21.5,0.217,0.174,0.286,0.391,0.31,0.214,0.139,5,23,81.6,3.2,2289,93.5,94.55,10,51,61,1,6.71,118,148,115,152,288,321,295,""0.3"",""-0.3"",""67.9"",""6.8"",""1.945126061"",28,17,3,1,0,1,8,28.6,3,10.7,""1.66"",""0.94"",""0.41"",""0.41"",""90.6"",142,29.411764705882355,5.88235294117647,3.571428571428571,5.78,1.71,-0.35,2.28,0.308,1,""-0.267857143"",0.238,0.21,""0.267857143"",0.078,0.07,0.181,0.096,19.6,""40.9"",3.5428830778453344,8.025021352282794,32.63069092131831,0.3877551020408163,38.11138407741965,24.333019315504377"
"111,675660,""Drohan, Shane"",1455,7.6,0.188,0.094,0.261,0.281,0.224,0.249,0.201,6,32,83.6,5.6,2576,91.1,91.1,20,61,50,0,6.18,114,147,117,152,288,325,305,""2.933"",""-2.933"",""68.2"",""7.0"",""3.303468681"",35,23,4,1,1,0,10,28.6,1,2.9,""2.25"",""0.5"",""0.46"",""0.46"",""91.0"",130,39.130434782608695,8.695652173913043,5.714285714285714,5.36,1.69,-0.29,2.04,0.229,2,""-2.642342342"",0.243,0.317,""2.642342342"",-0.013,-0.013999999999999985,-0.036,-0.025,32.8,""30.3"",11.315027977432845,-3.665436299558585,33.85357537597981,0.5344827586206896,37.246710080390145,34.170479383503384"
"111,527048,""Pérez, Martín"",1559,7.1,0.259,0.148,0.333,0.407,0.287,0.339,0.329,7,27,91.2,10.6,1972,86.4,86.22,10,52,59,-0.20000000000000284,6.1,125,147,122,153,304,325,307,""0.225"",""-0.225"",""72.7"",""7.1"",""4.379747812"",27,19,5,1,0,1,8,29.6,0,0,""2.38"",""0.68"",""1.01"",""1.01"",""92.6"",130,47.368421052631575,5.263157894736842,3.7037037037037033,5.54,1.1,-0.33,2.15,0.259,1,""-0.202702703"",0.329,0.457,""0.202702703"",-0.07,-0.07,-0.05,-0.052,19.2,""43.1"",12.592751925276941,-4.843028385934872,35.08255160566385,0.5576923076923077,34.842521463391876,35.15067049360736"
"111,605447,""Romano, Jordan"",388,28.6,0.25,0,0.357,0.25,0.273,0.266,0.223,5,20,81,18.9,2191,87.8,90.02,15,55,56,2.200000000000003,7.32,119,147,116,151,293,329,303,""0.721"",""-0.721"",""69.9"",""7.1"",""4.49660706"",25,14,5,0,0,0,7,28,4,16,""2.63"",""0.32"",""-0.04"",""0.04"",""89.6"",171,14.285714285714285,0,0,5.99,-1.73,-0.11,2.35,0.36,0,""-0.64954955"",0.339,0.268,""0.64954955"",0.027,0.020999999999999963,-0.018,0.007,27.3,""50.0"",8.956401286765105,1.7724910383326793,33.58515150869248,0.4909090909090909,36.50156086162216,29.812019198327963"
"110,622088,""Antone, Tejay"",620,17.7,0.24,0.12,0.375,0.36,0.306,0.239,0.164,6,25,87.2,13.6,2832,85.5,85.29,22,61,49,-0.20000000000000284,6.12,119,148,116,151,290,324,298,""0.303"",""-0.303"",""68.1"",""7.4"",""3.565627768"",29,16,3,3,0,0,9,31,3,10.3,""3.03"",""0.11"",""-0.77"",""0.77"",""91.3"",127,37.5,6.25,3.4482758620689653,5.61,-1.89,0.17,2.07,0.345,1,""-0.275454545"",0.279,0.266,""0.275454545"",0.076,0.06599999999999995,0.094,0.067,36.1,""26.3"",13.740370726087388,-7.805954154244075,35.04744730965103,0.4098360655737705,32.23440971884103,34.01673304130864"
"109,666808,""Doval, Camilo"",747,14.6,0.304,0.174,0.316,0.478,0.375,0.353,0.236,7,23,93.6,11.3,2575,95.6,95.7,10,42,67,0.10000000000000853,6.2,113,146,117,152,296,328,296,""-2.354"",""2.354"",""71.9"",""7.4"",""4.638108975"",31,20,5,1,0,1,5,16.1,6,19.4,""2.13"",""0.37"",""0.33"",""-0.33"",""94.0"",144,47.368421052631575,10.526315789473683,6.451612903225806,5.41,-1.65,-0.29,2.25,0.419,2,""2.159633028"",0.408,0.339,""-2.159633028"",0.068,0.01100000000000001,0.139,0.022,23.8,""17.8"",10.017783129302744,-1.2738267564952608,34.213565325262884,0.4634146341463415,37.06762274097187,30.133005159831082"
"109,662253,""Muñoz, Andrés"",715,15.2,0.231,0.038,0.4,0.269,0.254,0.202,0.173,6,26,91.9,-0.3,2273,95.9,96.61,17,55,54,0.6999999999999886,6.65,120,144,104,148,281,317,303,""1.853"",""-1.853"",""67.8"",""7.3"",""4.970604156"",28,15,5,1,0,0,11,39.3,2,7.1,""1.86"",""0.64"",""0.4"",""-0.4"",""90.9"",135,46.666666666666664,0,0,5.44,-2.52,-0.41,1.98,0.286,0,""-1.7"",0.232,0.197,""1.7"",0.058,0.053999999999999965,0.072,0.052,30.9,""30.9"",9.07853115419708,0.936391276044485,33.340414870304556,0.4423076923076923,39.889425761798165,28.197224515776522"
"109,689296,""Nunez, Anthony"",777,14,0.133,0.133,0.182,0.267,0.303,0.31,0.176,2,15,86.8,-3.8,2065,92.2,92.74,11,41,68,0.5,6.58,115,145,113,148,293,326,305,""0.314"",""-0.314"",""68.3"",""7.0"",""2.78162992"",24,12,1,0,1,0,5,20.8,7,29.2,""2.1"",""0.59"",""0.32"",""-0.32"",""91.1"",140,33.33333333333333,0,0,5.61,-1.44,-0.04,1.87,0.391,0,""-0.288073394"",0.419,0.226,""0.288073394"",-0.043,-0.02799999999999997,0.041,-0.007,26.8,""36.4"",7.385175871497876,-7.843059098574909,36.77294634345632,0.425,33.32831418091143,31.190846913496998"
"108,683352,""Bratt, Mitch"",466,23.2,0.333,0.367,0.333,0.7,0.451,0.322,0.248,10,30,87.8,17.6,2312,86,85.78,6,48,60,-0.20000000000000284,6.15,114,147,113,152,293,321,291,""-3.17"",""3.17"",""69.4"",""7.1"",""4.019756445"",32,26,4,3,1,2,4,12.5,2,6.3,""2.6"",""0.52"",""-0.07"",""-0.07"",""91.5"",185,23.076923076923077,11.538461538461538,9.375,5.46,2.38,-0.1,2.51,0.375,3,""2.935185185"",0.295,0.46,""-2.935185185"",0.085,0.08000000000000002,0.24,0.129,12.5,""33.1"",8.138142975106224,0.07989541079411355,33.08136851245151,0.5319148936170213,37.37014314383502,29.433024190441003"
"108,664126,""Fairbanks, Pete"",661,16.3,0.217,0.174,0.286,0.391,0.31,0.313,0.219,5,23,93.1,26.1,2442,91.9,91.64,11,35,73,-0.30000000000001137,6.16,117,148,109,152,302,328,301,""-0.345"",""0.345"",""66.3"",""7.2"",""8.04325384"",26,15,3,1,0,1,8,30.8,3,11.5,""2.15"",""0.59"",""-0.07"",""0.07"",""92.5"",221,46.666666666666664,6.666666666666667,3.8461538461538463,6.96,-0.49,-0.39,2.51,0.308,1,""0.319444444"",0.309,0.404,""-0.319444444"",-0.002,-0.0010000000000000009,-0.013,-0.003,31.4,""55.7"",8.754930215584194,1.4386266144829998,26.680742920116337,0.4117647058823529,38.27536123876497,29.725208330877035"
"108,665660,""Alvarado, Elvis"",626,17.3,0.15,0.15,0.2,0.3,0.257,0.324,0.239,3,20,87,-3.7,2173,95.2,94.44,19,53,55,-0.7999999999999972,5.77,109,141,109,146,290,321,297,""1.668"",""-1.668"",""69.1"",""7.0"",""1.72340899"",23,11,2,0,0,1,9,39.1,3,13,""1.73"",""0.8"",""0.78"",""-0.78"",""91.6"",142,45.45454545454545,9.090909090909092,4.3478260869565215,5.75,-2.24,-0.27,2.44,0.261,1,""-1.544444444"",0.338,0.384,""1.544444444"",-0.089,-0.07700000000000001,-0.084,-0.067,35.8,""21.2"",9.068073251210128,2.442035056173472,32.8899201386107,0.5094339622641509,34.955443033968876,28.548947276401847"
"108,683000,""Cornelio, Riley"",410,26.3,0.167,0.056,0.231,0.222,0.332,0.345,0.173,3,18,80.4,20.8,2332,90.1,90.38,12,50,58,0.30000000000001137,6.39,115,140,121,148,304,330,309,""-0.047"",""0.047"",""70.9"",""7.3"",""4.369920801"",26,13,2,1,0,0,5,19.2,8,30.8,""2.12"",""0.71"",""0.27"",""-0.27"",""90.5"",144,23.076923076923077,7.6923076923076925,3.8461538461538463,5.89,-2.69,0.13,2.4,0.423,1,""0.043518519"",0.428,0.261,""-0.043518519"",-0.006,-0.0050000000000000044,-0.039,-0.013,24,""41.6"",12.338714720386772,-5.061665908713957,33.50716343578441,0.4583333333333333,35.29329091171099,33.49209719316298"
"107,663558,""Morán, Jovani"",748,14.3,0.174,0.217,0.2,0.391,0.304,0.306,0.192,4,23,85,-1.6,2284,88.9,89.25,13,42,65,0.29999999999999716,6.4,113,146,117,148,283,315,304,""-0.296"",""0.296"",""67.0"",""7.2"",""5.304781556"",27,16,2,0,1,1,7,25.9,4,14.8,""2.07"",""0.84"",""0.62"",""0.62"",""91.6"",148,37.5,6.25,3.7037037037037033,5.78,1.22,-0.32,1.85,0.296,1,""0.276635514"",0.312,0.371,""-0.276635514"",-0.018,-0.016000000000000014,0.02,-0.002,31,""45.3"",9.603250866513221,-5.7876977648768175,33.62469183678893,0.40476190476190477,38.05968473750294,32.33636498763648"
"107,656794,""Newcomb, Sean"",1006,10.6,0.333,0.042,0.421,0.375,0.378,0.335,0.26,8,24,87.4,2,2438,90.8,89.85,11,43,64,-1,5.81,109,143,103,144,282,317,290,""-0.688"",""0.688"",""68.3"",""6.9"",""1.837637312"",29,19,7,1,0,0,5,17.2,5,17.2,""2.39"",""0.42"",""0.32"",""0.32"",""92.9"",146,42.10526315789473,5.263157894736842,3.4482758620689653,5.68,2.63,-0.31,2.27,0.448,1,""0.642990654"",0.388,0.339,""-0.642990654"",0.073,0.06,0.036,0.043,25.6,""24.7"",4.960147124868146,-0.7541252333807995,30.596530752508524,0.5238095238095238,37.870315023304336,28.39885916958639"
"107,687396,""Headrick, Brent"",930,11.5,0.241,0.138,0.318,0.379,0.278,0.248,0.243,7,29,84.7,12.4,2158,90,90.97,14,56,51,1,6.93,114,146,118,153,285,327,296,""1.401"",""-1.401"",""69.0"",""7.4"",""4.726366515"",30,22,5,0,2,0,7,23.3,1,3.3,""1.92"",""0.93"",""0.37"",""0.37"",""90.7"",140,27.27272727272727,0,0,6.4,1.67,-0.15,1.87,0.267,0,""-1.309345794"",0.268,0.29,""1.309345794"",-0.002,-0.0010000000000000009,0.089,0.03,25,""41.8"",13.249044884662855,-3.403001774397782,32.44499736824015,0.4909090909090909,35.60602827004734,33.626239801046786"
"107,672335,""Pérez, Cionel"",702,15.2,0.238,0.143,0.4,0.381,0.304,0.184,0.126,5,21,92.9,15.5,2419,92.4,91.7,17,52,55,-0.7000000000000028,5.86,114,147,121,149,291,320,306,""0.507"",""-0.507"",""68.1"",""7.1"",""2.642341568"",23,11,4,0,0,1,10,43.5,2,8.7,""2.46"",""0.24"",""0.03"",""0.03"",""90.5"",156,45.45454545454545,9.090909090909092,4.3478260869565215,5.48,1.27,-0.36,1.77,0.304,1,""-0.473831776"",0.202,0.189,""0.473831776"",0.112,0.10199999999999998,0.192,0.12,32.7,""35.4"",5.294134613804804,5.0393223010313735,33.44710578684123,0.40384615384615385,38.4203240709311,27.1087235266467"
"107,663776,""Sandoval, Patrick"",406,26.4,0.5,0.333,0.667,0.833,0.587,0.386,0.285,12,24,90.1,15.8,2329,89.9,90.08,10,45,62,0.19999999999998863,6.19,107,146,114,149,284,317,302,""-5.557"",""5.557"",""68.7"",""7.1"",""2.584225569"",27,17,8,2,0,2,7,25.9,2,7.4,""2.14"",""0.68"",""0.2"",""0.2"",""91.7"",183,41.17647058823529,11.76470588235294,7.4074074074074066,5.95,1.4,-0.19,2.21,0.556,2,""5.193457944"",0.364,0.535,""-5.193457944"",0.215,0.19200000000000006,0.298,0.201,22.2,""51.0"",3.8720111325385798,8.918599050772857,31.226302176545765,0.37777777777777777,36.64724404875127,24.578264172730666"
"106,489446,""Yates, Kirby"",535,19.8,0.19,0.095,0.25,0.286,0.315,0.302,0.186,4,21,87.7,24.3,2000,89.2,88.85,18,53,53,-0.29999999999999716,6.1,120,147,117,152,304,328,309,""0.586"",""-0.586"",""69.7"",""6.8"",""1.830524067"",28,17,2,2,0,0,5,17.9,5,17.9,""2.16"",""0.72"",""1.07"",""-1.07"",""91.2"",194,35.294117647058826,0,0,5.1,-2.42,-0.02,2.46,0.37,0,""-0.552830189"",0.367,0.248,""0.552830189"",0.004,0.0030000000000000027,0.038,0.013,34,""18.2"",6.942668403574954,0.11228483906405673,32.80606923710309,0.6037735849056604,34.68384638084851,29.724469238481273"
"106,676282,""Cantillo, Joey"",2091,5.1,0.3,0.167,0.333,0.467,0.362,0.432,0.368,9,30,91.4,9.1,2177,86.4,87.81,7,50,56,1.3999999999999915,7.24,110,148,107,151,295,323,300,""-0.229"",""0.229"",""69.2"",""7.0"",""3.755451226"",33,27,5,3,1,0,3,9.1,2,6.1,""2.91"",""0.19"",""-0.1"",""-0.1"",""93.5"",158,44.44444444444444,11.11111111111111,9.090909090909092,5.78,1.05,0.02,2.12,0.364,3,""0.216037736"",0.427,0.577,""-0.216037736"",-0.068,-0.063,-0.11,-0.07,14,""47.5"",10.640970923519834,-8.819997503423272,31.40588801245052,0.64,35.43064248527497,32.95905055247589"
"106,703725,""Gastelum, Luis"",224,47.3,0.292,0.583,0.231,0.875,0.508,0.434,0.274,7,24,87.1,9.9,2071,87,87.87,17,54,52,0.9000000000000057,6.8,119,145,104,151,298,324,302,""-4.339"",""4.339"",""69.4"",""7.4"",""1.91845988"",27,17,1,2,0,4,7,25.9,2,7.4,""2.7"",""0.35"",""0.64"",""-0.64"",""91.3"",163,41.17647058823529,23.52941176470588,14.814814814814813,5.24,-1.72,-0.3,2.14,0.37,4,""4.093396226"",0.355,0.687,""-4.093396226"",0.018,0.015000000000000013,0.188,0.074,31.5,""23.9"",12.30477956273047,-5.132191526322812,34.1591512811513,0.5961538461538461,37.184903972414524,34.75910592257957"
"106,664285,""Valdez, Framber"",2028,5.2,0.286,0.071,0.4,0.357,0.321,0.298,0.262,8,28,84.1,-1,2391,88.1,87.21,14,49,57,-0.8999999999999915,5.71,120,148,113,149,284,324,307,""0.151"",""-0.151"",""70.9"",""7.4"",""3.261452232"",31,20,7,0,1,0,8,25.8,2,6.5,""3.04"",""-0.05"",""0.33"",""0.33"",""92.1"",100,35,0,0,5.97,0.94,-0.18,2,0.355,0,""-0.14245283"",0.333,0.315,""0.14245283"",0.024,0.021999999999999964,0.042,0.023,28.6,""42.7"",8.772314502582939,2.622277602670835,32.13474862855319,0.4375,38.76383387450084,28.565362803205744"
"106,571578,""Corbin, Patrick"",1413,7.5,0.261,0.174,0.357,0.435,0.315,0.294,0.252,6,23,83.3,6.7,2131,85.2,85.82,15,45,61,0.5999999999999943,6.73,118,145,120,151,286,319,297,""-0.61"",""0.61"",""68.6"",""7.1"",""3.224519489"",24,15,4,1,0,1,8,33.3,1,4.2,""2.7"",""0.5"",""0.27"",""0.27"",""91.4"",153,33.33333333333333,6.666666666666667,4.166666666666666,6.27,2.62,-0.46,1.82,0.292,1,""0.575471698"",0.283,0.391,""-0.575471698"",0.009,0.009000000000000008,0.044,0.021,33.3,""39.6"",13.596827986190288,-3.1671866045195274,34.66324665961627,0.38095238095238093,37.38557220332167,32.64209983241868"
"106,641302,""Alexander, Tyler"",809,13.1,0.28,0.04,0.368,0.32,0.282,0.339,0.294,7,25,80.1,1.5,2298,87.9,88.02,17,53,53,0.09999999999999432,6.33,121,147,114,153,293,330,304,""1.46"",""-1.46"",""69.3"",""7.1"",""2.312774609"",26,19,6,1,0,0,6,23.1,0,0,""2.3"",""0.68"",""0.13"",""0.13"",""91.0"",155,26.31578947368421,10.526315789473683,7.6923076923076925,5.5,2.47,-0.35,2.24,0.308,2,""-1.377358491"",0.321,0.457,""1.377358491"",-0.014,-0.013000000000000012,-0.137,-0.057,32.1,""34.0"",5.919107393668341,2.54501813028915,32.626533537000206,0.39215686274509803,36.89644571528068,29.931669757811257"
"106,688297,""Roycroft, Chris"",350,30.3,0.129,0.097,0.13,0.226,0.169,0.29,0.249,4,31,89.5,2.5,2175,93.8,95.09,10,56,50,1.2999999999999972,7.02,114,148,122,153,292,331,311,""4.604"",""-4.604"",""69.0"",""6.8"",""2.887207336"",33,24,3,0,0,1,7,21.2,2,6.1,""2.3"",""0.3"",""0.69"",""-0.69"",""92.4"",151,54.166666666666664,8.333333333333332,6.0606060606060606,5.43,-1.47,-0.05,2.37,0.182,2,""-4.343396226"",0.295,0.4,""4.343396226"",-0.12,-0.11299999999999999,-0.174,-0.121,17.9,""26.7"",2.05776683863059,5.998640266159842,33.97233901185034,0.3090909090909091,35.89645197689875,23.836764614158458"
"106,663947,""Holton, Tyler"",861,12.3,0.111,0,0.136,0.111,0.12,0.198,0.183,3,27,86.3,-1.9,2376,86.4,86.88,9,47,59,0.5,6.44,123,149,117,151,284,324,308,""4.708"",""-4.708"",""70.6"",""7.1"",""2.755666566"",28,22,3,0,0,0,5,17.9,1,3.6,""2.69"",""0.38"",""0.02"",""0.02"",""90.8"",125,22.727272727272727,4.545454545454546,3.571428571428571,5.79,1.78,-0.36,2.09,0.143,1,""-4.441509434"",0.212,0.232,""4.441509434"",-0.072,-0.069,-0.121,-0.078,19.1,""37.9"",6.906570180097407,0.8994031576980943,32.36190124630437,0.5,36.955048500595105,28.666953644414566"
"105,676879,""Ashby, Aaron"",1180,8.9,0.182,0,0.308,0.182,0.185,0.16,0.144,4,22,80.1,-7,2287,92.8,91.79,15,46,59,-1,5.61,109,146,119,150,290,323,307,""2.271"",""-2.271"",""66.4"",""7.1"",""6.897257456"",23,13,4,0,0,0,9,39.1,1,4.3,""2.6"",""0.08"",""0.38"",""0.38"",""90.7"",83,23.076923076923077,0,0,6.58,0.32,-0.17,1.87,0.217,0,""-2.162857143"",0.181,0.165,""2.162857143"",0.038,0.036000000000000004,0.017,0.025,32.6,""55.1"",9.154397689629667,3.1550984892570373,33.10759424383422,0.5333333333333333,36.07397726107982,28.9831717350903"
"105,663855,""Hicks, Jordan"",602,17.4,0.238,0.19,0.444,0.429,0.336,0.213,0.147,5,21,86.5,11,2107,96.4,96.44,19,55,50,0,6.34,111,145,110,146,285,321,299,""0.116"",""-0.116"",""67.3"",""7.0"",""2.666052701"",25,10,3,1,0,1,11,44,4,16,""1.8"",""0.68"",""0.76"",""-0.76"",""89.5"",168,30,0,0,5.96,-1.89,0.03,2.23,0.36,0,""-0.11047619"",0.283,0.185,""0.11047619"",0.091,0.07700000000000001,0.244,0.123,34.5,""38.2"",4.721344882737453,2.3525656756407667,33.1892852906073,0.18181818181818182,35.646017353117536,25.817675085403526"
"105,623211,""Brazobán, Huascar"",884,11.9,0.136,0.136,0.143,0.273,0.218,0.278,0.192,3,22,86.6,17.1,2178,94.1,93.14,12,51,54,-1,5.72,113,148,114,151,290,323,306,""2.288"",""-2.288"",""68.6"",""7.3"",""2.975210207"",25,16,2,0,0,1,7,28,2,8,""2.03"",""0.56"",""1.36"",""-1.36"",""91.2"",153,50,12.5,8,6.02,-1.29,-0.28,1.93,0.208,2,""-2.179047619"",0.259,0.372,""2.179047619"",-0.056,-0.05100000000000002,-0.099,-0.06,23.5,""38.6"",8.241059463028796,-7.462223696872568,33.79023216641673,0.5882352941176471,37.03707456866954,32.83630535869022"
"105,678606,""Ferrer, José A."",785,13.4,0.286,0.071,0.348,0.357,0.323,0.265,0.232,8,28,81.5,-9.5,2180,96.1,95.57,4,49,56,-0.5,6.04,119,145,103,147,278,315,299,""-1.344"",""1.344"",""66.4"",""6.6"",""2.186462512"",31,23,6,2,0,0,5,16.1,1,3.2,""2.09"",""0.39"",""1.29"",""1.29"",""90.2"",79,17.391304347826086,0,0,5.73,2.99,-0.02,2.17,0.355,0,""1.28"",0.308,0.26,""-1.28"",0.054,0.046999999999999986,0.097,0.058,8.2,""31.0"",0.6758274642367599,6.903638009815272,33.33507579477143,0.3333333333333333,36.030174870239506,22.737208073952907"
"104,696519,""Natera Jr., Samy"",432,24.1,0.1,0.05,0.286,0.15,0.207,0.238,0.122,2,20,85.2,10.7,2383,92.4,92.97,22,43,61,0.5999999999999943,6.75,118,146,119,150,295,326,305,""1.864"",""-1.864"",""72.1"",""7.3"",""4.18328934"",24,7,1,1,0,0,13,54.2,3,12.5,""1.33"",""1.36"",""0.16"",""0.16"",""90.7"",205,28.57142857142857,14.285714285714285,4.166666666666666,6.14,1.17,-0.37,2.18,0.25,1,""-1.792307692"",0.268,0.219,""1.792307692"",-0.022,-0.018000000000000016,-0.069,-0.031,51.2,""49.8"",9.828935624553786,2.27118102306859,33.011742547171174,0.5238095238095238,39.49019912610769,30.019236721877927"
"104,668674,""Erceg, Lucas"",803,13,0.286,0.19,0.294,0.476,0.385,0.413,0.355,6,21,82.7,-0.1,1983,92.4,93.12,14,55,49,0.6999999999999886,6.52,109,143,124,150,295,327,292,""-0.77"",""0.77"",""67.0"",""6.9"",""3.284237804"",28,19,4,1,0,1,4,14.3,4,14.3,""2.11"",""0.57"",""0.82"",""-0.82"",""90.2"",163,21.052631578947366,5.263157894736842,3.571428571428571,5.89,-1.94,-0.19,2.19,0.407,1,""0.740384615"",0.465,0.469,""-0.740384615"",-0.069,-0.05800000000000005,0.007,-0.028,25.5,""40.7"",3.1663537768321817,3.326100005588632,33.95628534228064,0.2909090909090909,40.26180255593182,26.276611940318382"
"104,687223,""Palmquist, Carson"",313,33.2,0.304,0.217,0.353,0.522,0.402,0.361,0.29,7,23,76,5.7,2072,82.3,83.96,9,43,61,1.7000000000000028,7.32,115,145,110,152,299,328,307,""-1.795"",""1.795"",""69.8"",""7.1"",""1.779883679"",30,19,4,2,0,1,6,20,4,13.3,""3.16"",""0.3"",""0.13"",""0.13"",""90.2"",105,21.052631578947366,5.263157894736842,3.3333333333333335,4.87,3.07,-0.25,2.08,0.414,1,""1.725961538"",0.405,0.4,""-1.725961538"",0.014,0.008999999999999952,0.122,0.041,20.9,""16.1"",11.152604911484762,-2.4238157041508552,31.268585936701424,0.525,36.458794432282176,32.273107976422835"
"103,594027,""Guerrero, Tyron"",442,23.3,0.214,0,0.316,0.214,0.208,0.171,0.161,6,28,83.1,11.2,2188,100.3,101.82,21,67,36,1.5,7.03,111,147,116,149,286,317,307,""2.818"",""-2.818"",""69.0"",""6.7"",""1.100363935"",29,19,6,0,0,0,9,31,1,3.4,""1.3"",""0.97"",""1.14"",""-1.14"",""90.8"",174,27.77777777777778,0,0,6.36,-1.84,0.11,2.61,0.241,0,""-2.73592233"",0.191,0.19,""2.73592233"",0.053,0.04999999999999999,0.024,0.037,31.3,""41.8"",3.665431122110546,10.454366337822623,31.795137788527466,0.3384615384615385,37.293069451161365,22.22496945966203"
"103,660761,""Suarez, José"",1001,10.3,0.087,0,0.118,0.087,0.169,0.342,0.274,2,23,86.3,17,2426,85.8,85.31,9,38,65,-0.5,5.85,117,147,119,151,289,322,299,""3.415"",""-3.415"",""70.4"",""7.3"",""5.822235312"",27,17,2,0,0,0,6,22.2,4,14.8,""2.47"",""0.66"",""0.23"",""0.23"",""91.5"",166,35.294117647058826,0,0,5.71,2.08,-0.61,2.15,0.222,0,""-3.315533981"",0.381,0.377,""3.315533981"",-0.187,-0.159,-0.29,-0.173,23.7,""40.4"",14.709384213710607,-4.608511722369244,35.61787889205734,0.4473684210526316,38.29769651322134,35.32712664307687"
"103,682989,""Mederos, Victor"",279,36.9,0.321,0.143,0.375,0.464,0.363,0.276,0.226,9,28,89.2,23.6,2319,92.7,93.44,16,55,48,0.7000000000000028,6.74,113,147,123,153,304,323,302,""-1.212"",""1.212"",""72.8"",""7.2"",""1.788043189"",31,25,6,2,1,0,4,12.9,1,3.2,""2.06"",""0.6"",""0.43"",""-0.43"",""94.9"",184,52,8,6.451612903225806,5.16,-2.88,0.14,2.4,0.367,2,""1.176699029"",0.277,0.344,""-1.176699029"",0.095,0.08999999999999997,0.12,0.087,29.1,""22.5"",12.374536083899125,-4.322029267417974,32.46608255157483,0.6226415094339622,31.63041938951627,31.72015838999196"
"102,641835,""Mayza, Tim"",877,11.6,0.25,0.292,0.263,0.542,0.358,0.273,0.212,6,24,82.5,5.1,2067,92.1,93.38,9,41,61,1.3000000000000114,6.94,110,146,118,147,286,326,299,""-0.7"",""0.7"",""69.6"",""6.8"",""3.015271574"",27,21,3,0,2,1,4,14.8,2,7.4,""2.17"",""0.52"",""0.72"",""0.72"",""92.5"",93,38.095238095238095,9.523809523809524,7.4074074074074066,6.21,1.6,-0.14,2.09,0.308,2,""0.68627451"",0.272,0.35,""-0.68627451"",0.038,0.035999999999999976,0.192,0.085,22,""43.6"",6.559407518325757,5.387814657531959,34.96204793813481,0.46153846153846156,34.88529537353986,25.978128365494648"
"102,670970,""Morejon, Adrian"",994,10.3,0.269,0,0.318,0.269,0.258,0.266,0.262,7,26,84.2,-4.6,2503,97.1,97.01,11,55,47,-0.09999999999999432,6.25,117,144,120,151,295,322,307,""0.116"",""-0.116"",""68.5"",""6.5"",""1.849351841"",27,22,7,0,0,0,4,14.8,0,0,""1.77"",""0.67"",""0.73"",""0.73"",""92.3"",119,31.818181818181817,0,0,5.86,2.53,0.15,2.5,0.296,0,""-0.11372549"",0.289,0.308,""0.11372549"",0.007,0.007000000000000006,-0.039,-0.008,20,""39.0"",2.695028234330605,8.53701463495668,32.7162782288067,0.37735849056603776,33.887362769442184,24.61361214376026"
"102,572955,""Johnson, Pierce"",578,17.6,0.19,0,0.222,0.19,0.206,0.289,0.263,4,21,93.1,12.3,2602,91.2,90.45,12,50,52,-0.7000000000000028,5.73,114,147,113,151,289,326,297,""1.943"",""-1.943"",""66.6"",""6.8"",""2.230495401"",24,18,4,0,0,0,4,16.7,2,8.3,""2.37"",""0.38"",""0.12"",""-0.12"",""91.8"",161,44.44444444444444,0,0,6.04,-1.46,-0.23,2.54,0.25,0,""-1.904901961"",0.314,0.349,""1.904901961"",-0.073,-0.064,-0.159,-0.083,24,""39.5"",5.271769090177981,9.350749274234872,31.623620173676855,0.5102040816326531,36.815346783680006,23.871510851173912"
"102,668390,""Winn, Cole"",659,15.5,0.346,0.308,0.381,0.654,0.442,0.361,0.286,9,26,92.4,14.5,2258,90.8,92.03,11,53,49,1.2000000000000028,6.94,118,146,116,151,297,329,304,""-2.5"",""2.5"",""71.0"",""7.2"",""2.153639162"",28,22,4,3,1,1,4,14.3,2,7.1,""2.18"",""0.59"",""0.49"",""-0.49"",""92.7"",153,47.61904761904761,4.761904761904762,3.571428571428571,5.33,-1.67,-0.08,2.32,0.393,1,""2.450980392"",0.339,0.505,""-2.450980392"",0.06,0.05399999999999999,0.149,0.081,20.8,""35.7"",10.296718323719311,-1.1813760167066274,35.29797979746872,0.5576923076923077,35.8185048756189,30.43856652629509"
"101,669711,""Weissert, Greg"",743,13.6,0.273,0.227,0.385,0.5,0.345,0.292,0.241,6,22,82.2,3,2154,90.6,90.11,17,58,43,-0.5,5.91,114,145,115,148,285,318,304,""-0.728"",""0.728"",""68.8"",""6.9"",""2.509990188"",23,14,3,2,0,1,8,34.8,1,4.3,""2.52"",""0.27"",""0.8"",""-0.8"",""90.0"",157,35.714285714285715,7.142857142857142,4.3478260869565215,4.75,-2.43,-0.3,2.31,0.304,1,""0.720792079"",0.274,0.398,""-0.720792079"",0.032,0.02999999999999997,0.102,0.053,29.3,""10.2"",7.609075114549675,-2.586589642928331,34.153168309170425,0.6491228070175439,39.838774219434825,28.47081903318654"
"101,663362,""Waldron, Matt"",574,17.6,0.136,0.136,0.125,0.273,0.218,0.234,0.185,3,22,87.2,22.1,1443,85.6,86.09,9,46,55,0.5,6.57,119,147,116,153,298,324,301,""2.072"",""-2.072"",""69.3"",""7.0"",""2.088359202"",24,17,2,0,0,1,5,20.8,2,8.3,""2.77"",""0.37"",""0.05"",""-0.05"",""92.0"",141,47.05882352941176,0,0,5.45,-1.17,-0.23,2.41,0.208,0,""-2.051485149"",0.253,0.26,""2.051485149"",-0.049,-0.04500000000000001,0.013,-0.016,19.6,""28.7"",8.735047699742058,-2.214918525559492,33.68301164630688,0.42857142857142855,34.28373310179035,31.24096068144231"
"101,621345,""Minter, A.J."",393,25.7,0.379,0.414,0.421,0.793,0.501,0.385,0.313,11,29,80.9,7.1,2478,90.5,90.82,13,52,49,0.29999999999999716,6.39,116,149,119,151,292,318,303,""-4.523"",""4.523"",""69.3"",""6.9"",""2.085082146"",31,23,6,1,1,3,7,22.6,1,3.2,""2.13"",""0.65"",""0.09"",""0.09"",""91.2"",153,34.78260869565217,17.391304347826086,12.903225806451612,5.57,2.51,-0.43,2.2,0.4,4,""4.478217822"",0.336,0.568,""-4.478217822"",0.066,0.064,0.225,0.116,25,""41.6"",7.77401504675819,2.805565970400078,30.060208350765414,0.47058823529411764,39.19739344608297,31.374673342681515"
"101,691725,""Painter, Andrew"",1286,7.9,0.13,0.043,0.188,0.174,0.217,0.297,0.229,3,23,89.2,5.1,2277,89.9,90.3,15,47,54,0.3999999999999915,6.46,116,147,111,150,290,329,297,""1.974"",""-1.974"",""72.2"",""7.4"",""1.216243628"",27,16,2,1,0,0,7,25.9,3,11.1,""2.22"",""0.63"",""-0.05"",""0.05"",""91.5"",154,37.5,0,0,6.39,-2.45,-0.2,2.29,0.259,0,""-1.954455446"",0.343,0.294,""1.954455446"",-0.099,-0.08400000000000002,-0.12,-0.08,31.9,""40.3"",9.940155572749141,-3.127227070102635,32.89867122968586,0.45652173913043476,36.63280826055551,32.12685353684288"
"101,667463,""King, John"",655,15.4,0.25,0.417,0.2,0.667,0.414,0.386,0.275,6,24,88.3,12,2400,84.6,84.34,10,52,49,-0.29999999999999716,6.05,112,148,106,152,290,322,302,""-2.189"",""2.189"",""72.4"",""7.3"",""2.593718735"",27,22,1,2,1,2,2,7.4,3,11.1,""3.22"",""-0.02"",""-0.02"",""-0.02"",""92.4"",156,40.909090909090914,9.090909090909092,7.4074074074074066,5.49,1.94,-0.14,1.9,0.333,2,""2.167326733"",0.355,0.548,""-2.167326733"",-0.025,-0.021999999999999964,0.119,0.028,19.2,""28.2"",10.065934892846485,-2.3192646161241757,34.64401393654748,0.54,36.63237345555115,33.78106653236972"
"100,800048,""Messick, Parker"",2111,4.7,0.269,0.154,0.3,0.423,0.34,0.269,0.207,7,26,79.9,16.4,2150,92.2,92.52,9,49,51,0.29999999999999716,6.48,113,148,110,150,293,321,298,""-0.065"",""0.065"",""71.0"",""7.2"",""1.579538885"",30,22,5,1,0,1,5,16.7,3,10,""1.75"",""0.95"",""0.61"",""0.61"",""91.3"",125,31.818181818181817,4.545454545454546,3.3333333333333335,5.42,0.97,0,2.43,0.345,1,""0.065"",0.289,0.298,""-0.065"",0.062,0.055999999999999994,0.125,0.071,18.4,""42.4"",10.711316890765813,0.7598198889539578,29.341467312076997,0.625,35.451046785535226,31.041882473942287"
"100,663893,""Little, Brendon"",313,31.9,0.176,0.059,0.273,0.235,0.297,0.249,0.114,3,17,82.8,2.3,2248,90.8,90.5,16,39,61,-0.29999999999999716,6.02,112,146,113,152,280,318,294,""0.236"",""-0.236"",""68.2"",""7.3"",""3.676659998"",22,11,2,1,0,0,6,27.3,5,22.7,""2.87"",""-0.1"",""0.17"",""0.17"",""89.4"",105,18.181818181818183,0,0,6.24,1.59,-0.51,1.64,0.364,0,""-0.236"",0.315,0.157,""0.236"",0.062,0.04899999999999999,0.078,0.048,41,""38.6"",10.96056097840097,-0.8752710190263853,32.07944585235203,0.41025641025641024,39.73490006754475,32.189631334523256"
"99,656492,""Griffin, Foster"",2144,4.6,0.24,0.36,0.25,0.6,0.376,0.392,0.288,6,25,90.8,5.7,2231,86.3,86.37,7,51,48,0.10000000000000853,6.28,117,147,120,152,303,332,306,""-2.37"",""2.37"",""72.6"",""7.2"",""3.539171079"",27,18,2,1,1,2,7,25.9,1,3.7,""2.7"",""0.4"",""-0.13"",""-0.13"",""92.1"",176,50,16.666666666666664,11.11111111111111,5.76,2.81,-0.08,1.93,0.296,3,""2.393939394"",0.341,0.578,""-2.393939394"",-0.048,-0.04500000000000004,0.022,-0.016,13.7,""42.5"",7.523668576084504,2.5258830629848656,32.9320331759379,0.49019607843137253,37.012622699043035,31.287525496463577"
"99,445276,""Jansen, Kenley"",516,19.2,0.15,0.05,0.25,0.2,0.223,0.267,0.174,3,20,89.5,31,2649,92.2,93.34,12,46,53,1.0999999999999943,6.89,121,148,113,152,288,329,306,""2.511"",""-2.511"",""70.2"",""7.1"",""1.516286814"",24,12,2,1,0,0,8,33.3,4,16.7,""1.48"",""1.2"",""-0.36"",""0.36"",""91.4"",205,50,8.333333333333332,4.166666666666666,6.33,-1.83,0.12,2.86,0.292,1,""-2.536363636"",0.312,0.301,""2.536363636"",-0.024,-0.020000000000000018,-0.101,-0.044,26.1,""56.5"",9.029402854159898,-0.7755776067270221,28.38003099643406,0.6,34.35004109426149,28.300219982723334"
"99,687377,""Ribalta, Orlando"",605,16.4,0.111,0.167,0.111,0.278,0.206,0.224,0.093,2,18,88,34.8,2285,90.9,91.21,19,47,52,0.29999999999999716,6.31,118,145,118,152,302,329,306,""1.348"",""-1.348"",""69.2"",""7.4"",""1.65081907"",21,10,1,0,0,1,9,42.9,2,9.5,""1.81"",""0.96"",""0.47"",""-0.47"",""90.1"",195,40,10,4.761904761904762,6.52,-2.13,-0.42,2.19,0.19,1,""-1.361616162"",0.187,0.291,""1.361616162"",0.018,0.0030000000000000027,-0.013,-0.018,40.4,""40.0"",12.408378722450369,-3.5294556690611643,32.46672134839516,0.3829787234042553,38.985592978460204,30.851103518613165"
"99,476594,""Stock, Robert"",151,65.6,0.391,0.261,0.533,0.652,0.493,0.384,0.24,9,23,86.4,18.8,2190,91,90.94,16,47,52,-0.09999999999999432,6.31,114,146,114,151,291,327,305,""-3.968"",""3.968"",""69.3"",""6.9"",""2.613383991"",28,16,5,3,0,1,7,25,4,14.3,""2.26"",""0.54"",""0.67"",""-0.67"",""91.0"",165,31.25,18.75,10.714285714285714,4.8,-4.17,-0.21,2.37,0.5,3,""4.008080808"",0.376,0.507,""-4.008080808"",0.151,0.124,0.145,0.109,34,""12.4"",8.106002215689898,3.015237748544373,33.567871534595156,0.391304347826087,35.21390335920582,27.569184485037187"
"98,687239,""Peoples, Ben"",198,49.5,0.174,0.261,0.111,0.435,0.292,0.283,0.213,4,23,80.1,10,2318,93.6,94.13,12,45,53,0.5,6.56,113,146,116,153,298,332,303,""-0.08"",""0.08"",""71.7"",""7.3"",""1.072942934"",25,20,2,0,0,2,3,12,1,4,""1.69"",""0.92"",""0.06"",""-0.06"",""89.7"",142,20,5,4,5.95,-1.05,0.17,2.32,0.24,1,""0.081632653"",0.276,0.361,""-0.081632653"",-0.039,-0.03600000000000003,0.074,0.009,26.7,""47.4"",8.42415432959484,2.9670484684558036,34.30508688687575,0.35555555555555557,34.21724855042879,28.098169825246355"
"97,663623,""Irvin, Jake"",1093,8.9,0.125,0.25,0.05,0.375,0.253,0.337,0.204,3,24,84.3,20.2,2364,85.1,86.39,10,51,46,1.3000000000000114,6.99,120,146,118,153,296,327,300,""1.241"",""-1.241"",""73.3"",""7.5"",""3.10410534"",28,22,1,0,0,2,3,10.7,3,10.7,""2.64"",""0.55"",""-0.05"",""0.05"",""91.9"",192,36.36363636363637,18.181818181818183,14.285714285714285,5.64,-2.06,0,2.28,0.214,4,""-1.279381443"",0.296,0.464,""1.279381443"",-0.079,-0.08199999999999999,-0.089,-0.084,19.6,""28.9"",14.42757487778529,-6.913388603893333,32.646835386645314,0.5,36.46289850135641,35.857047115550095"
"97,695534,""Petty, Chase"",477,20.3,0.333,0.222,0.318,0.556,0.404,0.451,0.364,9,27,89.1,17.7,1992,91.2,91.29,3,42,55,0.09999999999999432,6.34,115,145,114,149,284,321,294,""-1.145"",""1.145"",""69.4"",""7.1"",""2.239558072"",29,24,7,0,0,2,3,10.3,2,6.9,""2.3"",""0.47"",""0.92"",""-0.92"",""92.7"",172,41.66666666666667,12.5,10.344827586206897,5.35,-1.82,-0.35,2.38,0.379,3,""1.180412371"",0.408,0.654,""-1.180412371"",-0.031,-0.02899999999999997,-0.098,-0.047,7.1,""31.3"",10.915195444608083,-2.554856632674874,32.71313430360534,0.47619047619047616,36.61383672458859,32.954986119448215"
"97,805299,""Garcia, Brandyn"",445,21.8,0.154,0.038,0.267,0.192,0.171,0.143,0.132,4,26,86.7,7.3,2446,92.8,91.35,17,47,50,-1.3999999999999915,5.46,113,146,115,151,296,319,292,""3.215"",""-3.215"",""65.8"",""7.2"",""5.134371673"",27,15,3,1,0,0,11,40.7,1,3.7,""2.36"",""0.31"",""0.15"",""0.15"",""90.2"",99,26.666666666666668,0,0,5.61,1.68,-0.32,2.25,0.185,0,""-3.31443299"",0.164,0.151,""3.31443299"",0.022,0.02099999999999999,0.041,0.028,36.2,""16.9"",8.778227198665244,7.417288644315342,33.424824422675435,0.40425531914893614,40.80561732595761,28.245332010995906"
"97,680744,""Madden, Ty"",527,18.4,0.053,0,0.077,0.053,0.136,0.234,0.158,1,19,87.8,16.8,2291,88.2,87.87,13,50,47,-0.29999999999999716,5.84,118,147,123,151,287,323,299,""3.111"",""-3.111"",""69.9"",""7.2"",""4.148495396"",22,13,1,0,0,0,6,27.3,3,13.6,""2.45"",""0.48"",""0.24"",""-0.24"",""89.8"",159,15.384615384615385,0,0,5.88,-2.16,-0.18,2.44,0.182,0,""-3.207216495"",0.273,0.216,""3.207216495"",-0.105,-0.09100000000000003,-0.163,-0.098,26,""41.4"",10.806328510140538,-0.9617914085500674,32.89602663489082,0.4791666666666667,34.75778467885678,30.358073489222672"
"96,676617,""O'Brien, Riley"",798,12,0.063,0,0.091,0.063,0.234,0.359,0.204,1,16,91.6,7,2229,92.5,93.18,12,37,59,0.7000000000000028,6.73,124,147,112,152,301,326,306,""1.692"",""-1.692"",""68.9"",""7.2"",""3.945907146"",24,11,1,0,0,0,5,20.8,6,25,""2.6"",""0.12"",""0.51"",""-0.51"",""91.6"",141,54.54545454545454,9.090909090909092,4.166666666666666,5.55,-1.69,0.23,2.11,0.375,1,""-1.7625"",0.469,0.328,""1.7625"",-0.141,-0.09399999999999997,-0.265,-0.125,32.4,""30.3"",9.562393508903522,-2.1022896476599264,33.79863989268039,0.3783783783783784,36.050178816959274,31.26330366167488"
"96,695239,""Ahlstrom, Robby"",412,23.3,0.259,0.074,0.368,0.333,0.257,0.197,0.202,7,27,84.6,23.7,2201,90.2,90.38,13,48,48,0.20000000000000284,6.35,115,144,109,149,295,329,304,""1.666"",""-1.666"",""70.6"",""7.0"",""2.015027854"",28,19,6,0,1,0,8,28.6,0,0,""1.97"",""0.85"",""0.4"",""0.4"",""90.7"",159,30,0,0,6.07,2.41,0.02,2.49,0.259,0,""-1.735416667"",0.202,0.252,""1.735416667"",0.057,0.056999999999999995,0.081,0.06,27.1,""47.5"",8.934980276072741,3.165589374671098,34.16373745214437,0.44680851063829785,35.16520579503926,31.186626724452356"
"96,682052,""Lopez, Jacob"",1413,6.8,0.091,0,0.167,0.091,0.108,0.192,0.161,2,22,87.4,17.4,2319,84,85.11,16,46,50,1.0999999999999943,6.94,118,147,128,150,293,326,303,""3.903"",""-3.903"",""71.2"",""7.3"",""1.564683225"",23,12,2,0,0,0,10,43.5,1,4.3,""2.67"",""0.63"",""0.29"",""0.29"",""91.2"",142,41.66666666666667,0,0,5.02,3.41,-0.01,2.27,0.13,0,""-4.065625"",0.198,0.231,""4.065625"",-0.07,-0.068,-0.14,-0.084,34.8,""18.3"",13.380205946899652,-4.396228549626275,36.403276234415685,0.34782608695652173,34.01278215186036,34.97301754529988"
"95,690925,""Beeter, Clayton"",592,16,0.15,0.35,0.091,0.5,0.339,0.376,0.2,3,20,86.3,16.9,2677,89.5,89.43,11,38,57,-0.09999999999999432,6.01,119,143,115,151,300,331,303,""0.191"",""-0.191"",""71.9"",""7.3"",""4.957696618"",24,13,0,1,0,2,7,29.2,4,16.7,""2.66"",""0.18"",""-0.05"",""0.05"",""90.7"",184,30.76923076923077,15.384615384615385,8.333333333333332,6.03,-1.04,-0.02,2.17,0.292,2,""-0.201052632"",0.333,0.546,""0.201052632"",-0.05,-0.041000000000000036,-0.046,-0.037,28.9,""52.2"",10.656256141285144,-2.12428743362392,33.458201767900206,0.47368421052631576,34.46511102114605,30.647597946960335"
"95,694462,""Waldrep, Hurston"",215,44.2,0.238,0.286,0.2,0.524,0.383,0.363,0.243,5,21,91.1,-0.1,1933,88.3,88.81,11,40,55,0.5,6.34,121,146,116,152,304,321,305,""-0.673"",""0.673"",""72.2"",""7.4"",""3.396949558"",25,17,3,0,0,2,4,16,3,12,""2.64"",""0.29"",""0.25"",""-0.25"",""92.7"",120,35.294117647058826,11.76470588235294,8,6.08,-0.85,0,1.96,0.36,2,""0.708421053"",0.364,0.458,""-0.708421053"",-0.005,-0.0040000000000000036,0.066,0.02,27.5,""52.3"",15.556723888123065,-5.224557543455383,34.886029807258836,0.46153846153846156,34.43485924222278,34.837308239555796"
"95,668678,""Gallen, Zac"",1646,5.8,0.217,0.13,0.222,0.348,0.28,0.372,0.31,5,23,89.6,2,2118,89.2,89.47,10,40,55,0.29999999999999716,6.51,114,148,117,152,291,330,294,""0.54"",""-0.54"",""69.0"",""7.3"",""1.569020888"",25,19,4,0,0,1,4,16,2,8,""2.3"",""0.59"",""0.39"",""-0.39"",""92.4"",129,31.57894736842105,5.263157894736842,4,5.91,-2.76,-0.27,1.88,0.28,1,""-0.568421053"",0.365,0.497,""0.568421053"",-0.093,-0.08499999999999996,-0.149,-0.092,25,""40.2"",10.076961021132266,-0.7486483159891832,36.22247930768094,0.5897435897435898,35.40802816636666,31.18979847786744"
"95,552640,""Kittredge, Andrew"",517,18.4,0.276,0.207,0.28,0.483,0.336,0.382,0.314,8,29,86.4,13.3,2434,92.9,93.51,10,49,46,0.5999999999999943,6.57,111,139,106,144,291,324,300,""-0.387"",""0.387"",""68.7"",""6.9"",""0.852285975"",32,27,4,3,0,1,3,9.4,2,6.3,""1.94"",""0.7"",""0.42"",""-0.42"",""93.1"",192,44.44444444444444,11.11111111111111,9.375,5.91,-1.6,-0.13,2.02,0.323,3,""0.407368421"",0.358,0.561,""-0.407368421"",-0.038,-0.034999999999999976,-0.078,-0.046,20.4,""41.4"",9.473632770631166,-9.515686557143018,35.3457316510277,0.6122448979591837,34.358746561297956,32.704366481529505"
"93,681916,""Smith, Dylan"",405,23,0.278,0.056,0.385,0.333,0.347,0.349,0.277,5,18,84.1,13.5,2193,91.4,92.08,9,48,45,0.6999999999999886,6.58,121,142,111,146,286,314,296,""-0.261"",""0.261"",""70.4"",""6.8"",""1.904493668"",25,14,4,1,0,0,5,20,5,20,""1.85"",""0.9"",""0.13"",""-0.13"",""90.2"",127,35.714285714285715,0,0,6.11,-1.45,0.01,2.53,0.458,0,""0.280645161"",0.457,0.343,""-0.280645161"",0.001,0.0010000000000000009,-0.01,-0.002,18.8,""51.6"",4.930422520119909,5.826437662841248,31.808933130343537,0.25,34.60544010605965,27.06361619727326"
"93,689546,""Davila, Nick"",361,25.8,0.125,0.042,0.12,0.167,0.165,0.299,0.259,3,24,86.9,15.4,2056,88.5,88.01,6,52,41,-0.5,5.95,115,144,102,148,278,314,296,""3.606"",""-3.606"",""69.0"",""6.9"",""1.759536922"",27,25,2,1,0,0,0,0,1,3.7,""3.16"",""-0.24"",""0.22"",""-0.22"",""90.4"",145,24,4,3.7037037037037033,5.86,-1.68,0.1,2.22,0.185,1,""-3.877419355"",0.305,0.382,""3.877419355"",-0.134,-0.12,-0.215,-0.134,11.5,""28.4"",8.321498778358682,0.14619766489589558,31.661328892315424,0.5,34.56262419524616,29.4452146117324"
"92,686580,""Slaten, Justin"",487,18.9,0.24,0.08,0.375,0.32,0.261,0.18,0.156,6,25,90.9,8.8,2495,93.8,95.07,11,48,44,1.2999999999999972,6.85,110,147,113,148,285,318,304,""1.643"",""-1.643"",""70.2"",""7.0"",""1.452957984"",26,16,4,2,0,0,9,34.6,1,3.8,""1.82"",""0.77"",""-0.18"",""0.18"",""91.8"",148,31.25,0,0,5.92,-1.05,-0.01,2.25,0.269,0,""-1.785869565"",0.189,0.215,""1.785869565"",0.084,0.08000000000000002,0.105,0.081,22.9,""46.6"",6.415768373273403,1.842949412851354,34.14604483948778,0.4166666666666667,33.26527707599861,29.120679225426116"
"92,805326,""Schweitzer, Tyler"",360,25.6,0.227,0,0.25,0.227,0.243,0.445,0.376,5,22,91.3,17.9,2473,90.9,90.98,12,50,42,0.09999999999999432,6.29,115,147,117,151,286,324,301,""1.577"",""-1.577"",""70.7"",""7.1"",""2.068273959"",24,20,5,0,0,0,2,8.3,2,8.3,""1.99"",""0.78"",""-0.09"",""-0.09"",""92.4"",207,45,15,12.5,5.8,2.21,-0.31,2.23,0.292,3,""-1.714130435"",0.428,0.613,""1.714130435"",-0.149,-0.136,-0.386,-0.202,24,""45.7"",7.526537676592987,2.7507466947393477,29.79318549766426,0.5833333333333334,37.9462385715363,26.788077836952134"
"90,694335,""Svanson, Matt"",788,11.4,0.357,0.143,0.455,0.5,0.367,0.375,0.299,5,14,82.6,28.3,2236,92.3,92.96,7,47,43,0.7000000000000028,6.57,116,140,115,147,299,317,304,""-0.198"",""0.198"",""71.4"",""6.8"",""0.431268391"",19,12,3,2,0,0,5,26.3,1,5.3,""2.22"",""0.47"",""0.14"",""-0.14"",""90.3"",169,41.66666666666667,16.666666666666664,10.526315789473683,5.52,-1.64,0.1,2.75,0.389,2,""0.22"",0.359,0.515,""-0.22"",0.058,0.030000000000000027,-0.015,-0.008,14.9,""28.1"",5.702261678143609,5.77961716522481,31.658353176472513,0.43478260869565216,33.47007994801953,28.496553122163274"
"90,686751,""Johnson, Seth"",385,23.4,0.333,0.286,0.375,0.619,0.451,0.405,0.301,7,21,93.7,19.2,2454,93.3,94.01,12,39,51,0.7000000000000028,6.5,111,148,122,150,286,319,296,""-2.687"",""2.687"",""70.2"",""7.0"",""2.353131084"",25,17,3,3,0,1,4,16,4,16,""1.79"",""0.84"",""0.18"",""-0.18"",""94.0"",167,58.82352941176471,17.647058823529413,12,5.61,-1.81,0.01,2.46,0.44,3,""2.985555556"",0.413,0.521,""-2.985555556"",0.032,0.027000000000000024,0.098,0.046,30.8,""44.3"",8.241409029908882,4.423417383315729,31.09514780327274,0.4358974358974359,36.659896554773404,24.16559059906221"
"90,518886,""Kimbrel, Craig"",592,15.2,0.176,0.118,0.25,0.294,0.295,0.289,0.173,3,17,89.6,26.3,2187,91.7,92.29,13,40,50,0.5999999999999943,6.74,117,147,113,153,292,335,309,""1.024"",""-1.024"",""71.6"",""7.1"",""0.877751184"",21,12,1,2,0,0,5,23.8,4,19,""1.79"",""0.94"",""0.85"",""-0.85"",""92.7"",198,25,8.333333333333332,4.761904761904762,4.79,-3.23,-0.11,2.66,0.333,1,""-1.137777778"",0.33,0.276,""1.137777778"",0.003,0.0030000000000000027,0.018,0.006,32.5,""24.6"",10.22095673698261,3.2374714740396513,27.511931249704755,0.4358974358974359,38.41163533336738,27.006855921212416"
"89,696147,""Bachman, Sam"",765,11.6,0.133,0.2,0.111,0.333,0.339,0.323,0.169,2,15,85.6,2.6,2300,92.2,91.93,15,36,53,-0.29999999999999716,6.11,113,146,113,152,302,330,309,""-0.157"",""0.157"",""66.7"",""7.1"",""3.192200501"",22,10,1,0,0,1,5,22.7,7,31.8,""2.47"",""0.23"",""0.61"",""-0.61"",""90.2"",124,30,10,4.545454545454546,5.38,-1.45,0.04,2.38,0.409,1,""0.176404494"",0.433,0.231,""-0.176404494"",-0.036,-0.02400000000000002,0.102,0.016,41.7,""31.9"",8.975801418339659,-0.9361629498580628,34.120195829397176,0.37142857142857144,34.96722195617847,29.31794238775237"
"89,650960,""Duarte, Daniel"",234,38,0.19,0.143,0.214,0.333,0.285,0.312,0.244,4,21,80.3,18.8,2307,88,87.48,12,50,39,-0.5,5.92,113,148,127,152,293,327,307,""0.223"",""-0.223"",""66.8"",""7.2"",""5.371829889"",24,15,3,0,0,1,6,25,2,8.3,""2.38"",""0.59"",""-0.01"",""0.01"",""90.8"",163,26.666666666666668,6.666666666666667,4.166666666666666,5.65,-1.3,-0.01,2.13,0.292,1,""-0.250561798"",0.339,0.35,""0.250561798"",-0.054,-0.04700000000000004,-0.017,-0.027,24,""38.1"",8.664353839389362,-6.2255423315487,34.86053447839937,0.52,34.662900047852055,30.957124713240848"
"89,592155,""Booser, Cam"",369,24.1,0.185,0.222,0.2,0.407,0.241,0.276,0.256,5,27,94.9,17.7,2057,90.3,90.72,21,53,36,0.4000000000000057,6.61,119,148,106,153,293,331,307,""1.541"",""-1.541"",""67.6"",""7.0"",""3.100780017"",28,17,3,0,0,2,11,39.3,0,0,""2.2"",""0.64"",""-0.03"",""-0.03"",""92.9"",198,58.82352941176471,5.88235294117647,3.571428571428571,5.5,2.69,-0.18,2.34,0.179,1,""-1.731460674"",0.25,0.401,""1.731460674"",-0.071,-0.07100000000000001,0.006,-0.035,39.6,""32.8"",7.246249776869977,-1.1712403434838712,29.875640214762143,0.43137254901960786,36.742894172593665,30.008200515452565"
"88,621237,""Alvarado, José"",863,10.2,0.2,0.05,0.267,0.25,0.283,0.302,0.231,4,20,86.9,3.7,2039,94.4,95.71,12,40,48,1.2999999999999972,6.95,122,145,117,148,281,322,296,""0.368"",""-0.368"",""67.8"",""7.1"",""3.230257755"",24,15,3,1,0,0,5,20.8,2,8.3,""1.8"",""0.77"",""0.63"",""0.63"",""91.0"",112,26.666666666666668,0,0,6.48,1.41,-0.25,2.32,0.333,0,""-0.418181818"",0.359,0.274,""0.418181818"",-0.031,-0.025999999999999968,-0.024,-0.019,30,""57.9"",9.623084411312409,-2.3836259383097436,31.972310892239566,0.48717948717948717,38.75065532310488,28.544770615989385"
"88,668820,""Kranick, Max"",135,65.2,0.333,0.19,0.353,0.524,0.412,0.4,0.329,7,21,85.2,27.6,2164,88.9,89.67,10,42,46,0.7999999999999972,6.53,122,145,120,152,298,325,303,""-0.999"",""0.999"",""68.2"",""7.0"",""3.940175029"",25,19,5,1,0,1,3,12,2,8,""2.38"",""0.54"",""-0.05"",""0.05"",""91.1"",186,42.10526315789473,5.263157894736842,4,5.89,-2.25,0.2,2.21,0.417,1,""1.135227273"",0.413,0.498,""-1.135227273"",0.004,0.0040000000000000036,0.026,0.012,23.8,""43.7"",9.069659991774348,-8.310788147804802,34.213406218829114,0.5853658536585366,35.11233259998039,30.40132429623786"
"87,621016,""Cuas, Jose"",172,50.6,0.316,0.105,0.5,0.421,0.32,0.355,0.358,6,19,86.6,7.8,2480,89.9,89.76,13,38,49,-0.10000000000000853,6.21,117,147,116,152,289,322,296,""0.074"",""-0.074"",""67.6"",""6.7"",""1.438790106"",20,12,4,2,0,0,7,35,1,5,""2.35"",""0.49"",""0.56"",""-0.56"",""90.3"",183,33.33333333333333,8.333333333333332,5,4.07,-3.79,-0.35,2.6,0.35,1,""-0.085057471"",0.39,0.463,""0.085057471"",-0.042,-0.040000000000000036,-0.042,-0.035,34.2,""1.8"",2.8648206357405153,9.561202688596223,30.237652198728867,0.47368421052631576,39.2338140478369,21.374417939714274"
"87,547973,""Chapman, Aroldis"",649,13.4,0.235,0.118,0.333,0.353,0.32,0.273,0.185,4,17,79.8,19.5,2268,92.5,94,13,48,39,1.5,7.07,111,148,115,148,288,320,305,""-0.56"",""0.56"",""66.4"",""7.0"",""3.847319293"",21,13,2,2,0,0,5,23.8,3,14.3,""1.8"",""0.88"",""-0.01"",""-0.01"",""89.4"",158,23.076923076923077,7.6923076923076925,4.761904761904762,6.14,0.46,-0.04,2.3,0.35,1,""0.643678161"",0.307,0.278,""-0.643678161"",0.05,0.04299999999999998,0.075,0.047,27.1,""51.2"",7.922652462447906,-1.2417340492431743,33.97534397573083,0.3829787234042553,36.44241991435259,29.858844401684685"
"87,664991,""Wolfram, Grant"",593,14.7,0.188,0.188,0.222,0.375,0.348,0.33,0.167,3,16,82.3,-3.1,2252,92.6,92.56,6,31,56,0,6.29,122,147,115,149,290,327,305,""-0.98"",""0.98"",""68.4"",""6.4"",""1.217118516"",21,10,2,0,0,1,6,28.6,5,23.8,""1.96"",""0.72"",""0.68"",""0.68"",""90.3"",135,30,10,4.761904761904762,6.16,2.16,-0.29,2.33,0.381,1,""1.126436782"",0.365,0.339,""-1.126436782"",0.021,0.016000000000000014,0.036,0.018,19.4,""41.6"",1.9088344599994145,4.569410357379664,34.75683856329454,0.45161290322580644,33.1984232048356,25.912178443824384"
"86,663767,""Shugart, Chase"",663,13,0.188,0.25,0.25,0.438,0.294,0.221,0.138,3,16,84.8,10.8,2282,91.5,91.62,13,38,48,0.09999999999999432,6.26,121,145,125,148,285,324,295,""0.195"",""-0.195"",""69.7"",""7.1"",""1.601047083"",19,9,1,1,0,1,8,42.1,2,10.5,""2.02"",""0.71"",""0.45"",""-0.45"",""89.8"",159,11.11111111111111,11.11111111111111,5.263157894736842,5.39,-2.8,-0.07,2.47,0.263,1,""-0.226744186"",0.243,0.218,""0.226744186"",0.05,0.020000000000000018,0.22,0.073,34.2,""38.9"",7.60203621278883,6.357067792565098,32.59500596630597,0.3157894736842105,39.429315308540446,24.356807651498794"
"86,669310,""Van Eyk, CJ"",128,67.2,0.3,0.05,0.316,0.35,0.285,0.254,0.247,6,20,87.8,13.9,2104,86.2,86.75,7,43,43,0.5,6.62,119,149,123,153,290,322,301,""0.118"",""-0.118"",""72.7"",""7.4"",""1.422358104"",20,19,5,1,0,0,1,5,0,0,""2.96"",""0.13"",""0.39"",""-0.39"",""93.1"",142,47.368421052631575,0,0,5.25,-1.97,-0.29,2.01,0.3,0,""-0.137209302"",0.247,0.343,""0.137209302"",0.053,0.05299999999999999,0.007,0.031,16.3,""30.1"",11.918652972155343,-4.660070917106224,35.525950795130434,0.6097560975609756,38.12253111905363,35.22407711810625"
"86,678868,""Yean, Eddy"",140,61.4,0.045,0,0.053,0.045,0.069,0.21,0.196,1,22,88.4,7.3,2188,93.5,94.2,6,44,42,0.7000000000000028,6.46,115,145,117,152,301,330,307,""4.907"",""-4.907"",""70.0"",""7.2"",""0.918598879"",23,19,1,0,0,0,3,13,1,4.3,""2.19"",""0.41"",""0.98"",""-0.98"",""91.7"",135,42.10526315789473,0,0,5.57,-1.61,-0.17,2.16,0.087,0,""-5.705813953"",0.231,0.237,""5.705813953"",-0.151,-0.14400000000000002,-0.192,-0.141,13.6,""33.0"",8.082340529863641,0.15875552090466938,34.76101139974072,0.5227272727272727,38.46573785882904,29.56570085765197"
"85,670245,""Watson, Ryan"",914,9.3,0.4,0.05,0.5,0.45,0.404,0.323,0.286,8,20,90.7,1.1,2149,88.7,90.02,8,42,43,1.2999999999999972,6.91,110,146,116,150,280,315,302,""-1.862"",""1.862"",""71.7"",""7.1"",""0.960158371"",22,16,7,1,0,0,4,18.2,2,9.1,""2.58"",""0.32"",""-0.31"",""0.31"",""92.1"",119,50,6.25,4.545454545454546,5.57,-1.11,-0.02,2.23,0.455,1,""2.190588235"",0.351,0.373,""-2.190588235"",0.114,0.10400000000000004,0.077,0.081,19,""37.2"",8.185868395514992,0.46416011730873946,32.668843254639654,0.4523809523809524,34.70750504383082,29.89645040629655"
"84,664076,""Cleavinger, Garrett"",615,13.7,0.364,0.318,0.4,0.682,0.449,0.458,0.382,8,22,85.2,3.9,2544,89.8,89.29,12,37,47,-0.5,6.06,111,148,110,153,296,334,310,""-2.376"",""2.376"",""68.7"",""7.2"",""6.706130483"",25,17,5,1,0,2,6,24,1,4,""2.4"",""0.49"",""0.22"",""0.22"",""93.3"",172,35.294117647058826,17.647058823529413,12,5.18,1.13,-0.3,2.12,0.4,3,""2.828571429"",0.417,0.698,""-2.828571429"",-0.018,-0.01699999999999996,-0.016,-0.009,32.4,""30.3"",9.685550737607414,-2.8168540166158813,32.068010416096435,0.35135135135135137,38.612325285084275,30.491389240731248"
"83,694360,""Way, Beck"",389,21.3,0.667,0.2,0.692,0.867,0.602,0.559,0.413,10,15,99.4,3.1,2260,93.2,93.22,9,39,44,0,6.2,114,146,127,151,295,324,295,""-3.756"",""3.756"",""69.8"",""7.0"",""3.371469193"",19,14,9,0,0,1,3,15.8,2,10.5,""2.29"",""0.34"",""0.46"",""-0.46"",""94.6"",126,85.71428571428571,21.428571428571427,15.789473684210526,5.45,-1.78,0,2.21,0.632,3,""4.525301205"",0.494,0.658,""-4.525301205"",0.254,0.138,0.209,0.043,23.1,""27.3"",6.337813412902236,5.03417889126696,36.59176287955072,0.38461538461538464,34.394751731264904,26.376235229762454"
"82,669438,""Englert, Mason"",607,13.5,0.2,0.35,0.167,0.55,0.33,0.444,0.287,4,20,88.9,23.1,2306,85.1,85.19,11,35,47,0.10000000000000853,6.31,111,147,113,153,294,335,313,""0.519"",""-0.519"",""71.5"",""7.4"",""2.033652366"",21,14,1,1,0,2,6,28.6,1,4.8,""3.02"",""0.2"",""0.22"",""-0.22"",""92.9"",167,35.714285714285715,28.57142857142857,19.047619047619047,5.96,-1.59,0.09,2.53,0.238,4,""-0.632926829"",0.321,0.749,""0.632926829"",-0.087,-0.08300000000000002,-0.199,-0.114,31.4,""41.9"",14.689069204212212,-9.992870476525868,33.57582537572707,0.42857142857142855,31.970094316450336,37.75075789177664"
"82,642701,""Santana, Dennis"",711,11.5,0.429,0.429,0.467,0.857,0.551,0.473,0.374,9,21,93.9,23.8,2499,90,89.49,12,44,38,-0.5,5.95,120,146,117,152,303,327,303,""-3.284"",""3.284"",""71.9"",""7.6"",""4.011362868"",23,17,4,3,0,2,4,17.4,2,8.7,""2.21"",""0.62"",""0.65"",""-0.65"",""92.4"",224,58.82352941176471,11.76470588235294,8.695652173913043,5.66,-1.97,0.15,2.19,0.478,2,""4.004878049"",0.428,0.722,""-4.004878049"",0.055,0.04999999999999999,0.135,0.078,27.3,""29.3"",13.412268351639481,-9.129101915279097,33.394388158669265,0.5227272727272727,34.41235804706587,34.66166924323453"
"82,670167,""Schreiber, John"",731,11.2,0.316,0.211,0.294,0.526,0.42,0.381,0.264,6,19,88.5,16.2,2279,89.5,90.02,8,30,52,0.5,6.44,110,147,115,152,293,324,297,""-3.238"",""3.238"",""70.4"",""7.1"",""1.544810361"",23,18,4,1,0,1,1,4.3,4,17.4,""2.6"",""0.26"",""0.29"",""-0.29"",""94.6"",193,61.111111111111114,5.555555555555555,4.3478260869565215,4.57,-2.61,-0.09,2.08,0.435,1,""3.948780488"",0.392,0.482,""-3.948780488"",0.052,0.04299999999999998,0.044,0.039,26.7,""11.5"",7.270775959702591,0.32758157557125817,34.51255803912321,0.5,35.70664762432288,29.058036074667594"
"82,596133,""Weaver, Luke"",655,12.5,0.238,0.048,0.294,0.286,0.271,0.3,0.24,5,21,92.9,17,2208,92.3,92.15,12,43,39,-0.20000000000000284,6.12,117,149,126,153,299,321,308,""1.412"",""-1.412"",""70.2"",""7.3"",""4.289066926"",24,17,4,1,0,0,4,16.7,2,8.3,""1.63"",""1.05"",""0.62"",""-0.62"",""93.8"",158,47.05882352941176,5.88235294117647,4.166666666666666,5.6,-1.29,-0.18,2.18,0.333,1,""-1.72195122"",0.335,0.374,""1.72195122"",-0.002,-0.0020000000000000018,-0.088,-0.029,27.9,""48.1"",8.645449132434884,-1.0590545756932905,34.40329730608649,0.46511627906976744,35.382148727424486,32.72011377044613"
"82,695049,""Kerry, Brett"",212,38.7,0.19,0.238,0.188,0.429,0.258,0.264,0.221,4,21,89.2,9.4,2006,86.8,86.64,11,39,43,-0.20000000000000284,6.4,117,147,116,153,302,325,310,""1.028"",""-1.028"",""73.1"",""7.5"",""6.18022571"",21,17,2,0,1,1,4,19,0,0,""2.07"",""1"",""0.62"",""-0.62"",""93.2"",126,47.05882352941176,5.88235294117647,4.761904761904762,5.9,-1.46,-0.17,2.2,0.19,1,""-1.253658537"",0.221,0.402,""1.253658537"",-0.031,-0.031,0.027,-0.006,28.2,""51.6"",15.398291195232574,-7.621112396478577,31.80101671475357,0.5128205128205128,37.5174679081207,36.91289396242413"
"82,656529,""Hentges, Sam"",498,16.5,0.333,0,0.5,0.333,0.331,0.218,0.183,7,21,87.3,3.4,2122,92,93.41,11,32,50,1.4000000000000057,7.05,109,143,108,147,289,315,299,""0.496"",""-0.496"",""65.2"",""6.4"",""2.313288048"",23,14,7,0,0,0,7,30.4,2,8.7,""1.91"",""0.8"",""0.56"",""0.56"",""92.1"",104,42.857142857142854,0,0,6.23,1.93,-0.19,2.26,0.391,0,""-0.604878049"",0.254,0.21,""0.604878049"",0.15,0.137,0.123,0.113,34.4,""36.3"",4.973280720034671,11.348980178151354,32.49147196147946,0.40625,35.77816786465941,25.18467706067803"
"82,623465,""Phillips, Evan"",172,47.7,0.222,0.222,0.3,0.444,0.304,0.289,0.212,4,18,92.6,27.3,2431,93.7,93.68,12,36,46,0,6.34,118,148,114,153,283,316,298,""0.43"",""-0.43"",""70.2"",""7.0"",""3.041411883"",20,11,2,1,0,1,7,35,2,10,""1.81"",""0.81"",""0.17"",""-0.17"",""92.1"",195,36.36363636363637,18.181818181818183,10,5.47,-3.01,-0.33,2.51,0.3,2,""-0.524390244"",0.291,0.413,""0.524390244"",0.01,0.009000000000000008,0.031,0.015,33.3,""26.5"",6.417557606923936,6.3092384716043455,30.742417143705666,0.6111111111111112,36.66333869830626,23.784239239741417"
"82,681911,""Vesia, Alex"",734,11.2,0.2,0.25,0.25,0.45,0.311,0.356,0.218,4,20,88.1,19.6,2475,88.8,89.06,13,48,34,0.29999999999999716,6.39,116,148,114,153,279,309,295,""0.082"",""-0.082"",""69.2"",""7.0"",""2.158036702"",22,13,1,2,0,1,7,31.8,2,9.1,""1.91"",""0.99"",""-0.07"",""-0.07"",""90.4"",188,30.76923076923077,23.076923076923077,13.636363636363635,6.07,0.01,-0.35,2.55,0.273,3,""-0.1"",0.29,0.553,""0.1"",-0.018,-0.01699999999999996,-0.103,-0.045,27.1,""72.3"",6.384686090618605,3.260855764366784,29.68652469672402,0.46808510638297873,38.18397515846081,26.575562428895484"
"82,696062,""Dotel, Wilber"",458,17.9,0.263,0,0.5,0.263,0.234,0.188,0.198,5,19,83,-8.2,2228,94.1,94.89,13,38,44,0.8000000000000114,6.72,110,144,107,152,301,328,298,""1.761"",""-1.761"",""65.3"",""7.0"",""1.434799921"",21,11,5,0,0,0,9,42.9,1,4.8,""1.8"",""0.79"",""0.19"",""-0.19"",""91.3"",106,54.54545454545454,0,0,5.86,-1.3,0.11,2.37,0.3,0,""-2.147560976"",0.238,0.231,""2.147560976"",0.065,0.062,0.032,0.046,34.2,""45.8"",4.666743540593156,1.4717993751988785,32.756327910352006,0.3684210526315789,33.96982175574381,24.949253095134818"
"81,642121,""Sulser, Cole"",784,10.3,0.16,0,0.2,0.16,0.164,0.301,0.274,4,25,87,9,2116,88.5,88.87,15,51,30,0.4000000000000057,6.52,114,148,113,153,293,333,310,""2.701"",""-2.701"",""68.0"",""7.0"",""3.326664202"",26,20,4,0,0,0,5,19.2,1,3.8,""2.01"",""0.92"",""0.84"",""-0.84"",""91.8"",152,40,5,3.8461538461538463,5.76,-1.76,-0.21,2.19,0.192,1,""-3.334567901"",0.302,0.388,""3.334567901"",-0.114,-0.10999999999999999,-0.228,-0.137,29.4,""43.1"",6.828273990460891,-0.35634721627010774,33.35160475377396,0.5416666666666666,38.75364715344562,28.49570798018342"
"81,681982,""Anderson, Grant"",745,10.9,0.318,0.545,0.308,0.864,0.5,0.335,0.252,7,22,86.7,38.3,2465,88.9,89.34,19,46,35,0.3999999999999915,6.49,119,149,122,153,289,325,306,""-6.626"",""6.626"",""67.7"",""7.1"",""2.478677942"",24,16,2,1,1,3,6,25,1,4.2,""2.25"",""0.67"",""0.3"",""-0.3"",""91.9"",168,50,18.75,12.5,4.39,-2.22,-0.09,2.31,0.375,3,""8.180246914"",0.314,0.494,""-8.180246914"",0.066,0.061,0.37,0.165,41.3,""5.2"",10.688281477625408,-6.944103486055304,35.766145613310876,0.45652173913043476,34.49508301582135,33.7474370855113"
"80,542888,""Armstrong, Shawn"",601,13.3,0.286,0.095,0.316,0.381,0.295,0.263,0.236,6,21,86.7,29.9,2358,90.3,90.82,6,42,38,0.5,6.52,116,148,116,152,293,323,302,""0.536"",""-0.536"",""69.0"",""6.4"",""0.728131328"",23,19,4,2,0,0,3,13,1,4.3,""1.9"",""0.91"",""-0.01"",""0.01"",""91.1"",200,21.052631578947366,0,0,5.78,-1.72,-0.19,2.56,0.304,0,""-0.67"",0.284,0.297,""0.67"",0.05,0.020000000000000018,0.084,0.032,14.3,""39.7"",2.855391935991028,7.936618914388478,30.422348556288146,0.375,36.08929052362902,25.81366969983808"
"80,695418,""Lord, Brad"",1096,7.3,0.25,0.25,0.222,0.5,0.373,0.423,0.307,3,12,86.7,-2.1,2473,90,88.6,3,44,36,-1.4000000000000057,5.25,119,146,118,152,293,328,308,""-0.226"",""0.226"",""69.7"",""6.6"",""1.02221672"",14,10,2,0,0,1,2,14.3,2,14.3,""2.49"",""0.33"",""0.74"",""-0.74"",""90.6"",167,40,10,7.142857142857142,5.33,-2.49,-0.16,2.22,0.357,1,""0.2825"",0.406,0.581,""-0.2825"",-0.057,-0.049000000000000044,-0.081,-0.05,6.8,""16.5"",2.993823552025135,10.48399042802991,36.64455046336966,0.3409090909090909,37.54474395867179,25.78261433806548"
"79,642232,""Yarbrough, Ryan"",721,11,0.375,0.25,0.429,0.625,0.479,0.353,0.281,6,16,76.7,17.3,2037,82.3,82.57,6,33,46,0.29999999999999716,6.46,107,140,114,146,288,324,293,""-1.733"",""1.733"",""68.4"",""7.1"",""5.357368236"",20,14,3,2,1,0,2,10,4,20,""2.84"",""0.61"",""0.31"",""0.31"",""88.8"",165,14.285714285714285,0,0,5.17,3.01,-0.14,2.27,0.5,0,""2.193670886"",0.425,0.333,""-2.193670886"",0.094,0.07500000000000001,0.292,0.126,18.2,""17.2"",13.478477449719167,-7.544297186754773,34.74442257102019,0.36363636363636365,35.827081964337346,33.17019626482771"
"78,663738,""Lynch IV, Daniel"",710,11,0.136,0,0.167,0.136,0.146,0.257,0.197,3,22,85,8.7,2234,91.9,92.09,9,38,40,0.19999999999998863,6.38,117,148,115,152,295,328,297,""3.577"",""-3.577"",""67.5"",""7.0"",""6.007285564"",23,18,3,0,0,0,4,17.4,1,4.3,""2.07"",""0.64"",""0.64"",""0.64"",""91.5"",130,27.77777777777778,11.11111111111111,8.695652173913043,6,1.73,0.05,2.09,0.174,2,""-4.585897436"",0.232,0.36,""4.585897436"",-0.061,-0.058000000000000024,-0.224,-0.111,23.7,""41.5"",13.179416283022627,-4.706598232591927,34.418116857641046,0.5714285714285714,34.09037787139252,33.445425706102974"
"78,608331,""Fried, Max"",1208,6.5,0.188,0,0.273,0.188,0.251,0.232,0.139,3,16,87.7,13.8,2186,91.4,92.09,10,36,42,0.6999999999999886,6.53,116,145,120,153,287,324,294,""1.055"",""-1.055"",""72.4"",""7.4"",""1.34862509"",19,11,3,0,0,0,5,26.3,3,15.8,""2.34"",""0.41"",""0.2"",""0.2"",""91.9"",148,27.27272727272727,0,0,5.84,1.08,-0.38,2.06,0.316,0,""-1.352564103"",0.275,0.193,""1.352564103"",0.049,0.04099999999999998,-0.005,0.019,27.8,""46.8"",12.673289028168524,-0.11245181242287261,34.02380637647076,0.5,38.148762522462675,31.3023954029289"
"78,656730,""Megill, Trevor"",660,11.8,0.091,0,0.125,0.091,0.108,0.305,0.23,2,22,90.6,28.6,2458,96.6,96.96,9,39,39,0.4000000000000057,6.62,117,149,121,153,292,330,311,""4.176"",""-4.176"",""69.8"",""7.0"",""3.269340561"",23,16,2,0,0,0,6,26.1,1,4.3,""1.21"",""1.25"",""0.26"",""-0.26"",""91.6"",196,50,12.5,8.695652173913043,6.58,-0.1,-0.03,2.34,0.13,2,""-5.353846154"",0.263,0.445,""5.353846154"",-0.139,-0.133,-0.354,-0.197,23.1,""53.0"",8.352846676061318,-2.457236818110331,34.09737136884512,0.6410256410256411,33.12513829178012,29.475442133539794"
"77,669165,""Hurt, Kyle"",600,12.8,0.263,0.158,0.235,0.421,0.35,0.439,0.321,5,19,92,14.5,1713,92.7,93.14,6,40,37,0.3999999999999915,6.44,117,148,116,153,286,313,298,""-0.625"",""0.625"",""72.6"",""7.3"",""0.889881158"",22,18,4,0,0,1,1,4.5,3,13.6,""1.92"",""0.73"",""0.88"",""-0.88"",""92.7"",171,55.55555555555556,11.11111111111111,9.090909090909092,5.75,-0.93,-0.05,2.34,0.364,2,""0.811688312"",0.414,0.613,""-0.811688312"",-0.058,-0.04999999999999999,-0.192,-0.089,15,""44.6"",7.487616029572042,-1.018753065390567,32.64143912764374,0.525,34.64412718353472,29.806664943451008"
"77,676263,""Dreyer, Jack"",746,10.3,0.125,0,0.167,0.125,0.146,0.31,0.28,2,16,87.1,17,2451,90.8,91.4,5,41,36,0.6000000000000085,6.62,116,148,110,153,282,313,296,""2.333"",""-2.333"",""70.5"",""7.1"",""2.844951074"",18,13,2,0,0,0,4,22.2,1,5.6,""2.07"",""0.72"",""0.09"",""0.09"",""91.4"",132,46.15384615384615,0,0,6,2.2,-0.17,2.39,0.176,0,""-3.02987013"",0.322,0.384,""3.02987013"",-0.155,-0.14600000000000002,-0.259,-0.164,12.2,""58.1"",6.3818082060984755,-3.8476167136791926,32.53290988463924,0.525,36.46313663696682,27.77984261463275"
"76,686560,""Collyer, Gavin"",450,16.9,0.143,0.143,0.333,0.286,0.421,0.415,0.096,1,7,100.5,37.3,2600,93.5,93.49,11,31,45,0,6.26,119,148,125,153,305,332,307,""-0.779"",""0.779"",""71.2"",""6.8"",""0.809274479"",13,3,0,1,0,0,4,30.8,5,38.5,""1.95"",""0.68"",""0.36"",""-0.36"",""90.3"",195,100,33.33333333333333,7.6923076923076925,4.97,-3.59,-0.45,2.91,0.538,1,""1.025"",0.513,0.314,""-1.025"",0.047,0.025000000000000022,-0.028,0.006,35.5,""15.6"",5.717696982766618,11.086144665094029,33.41982738985444,0.23333333333333334,37.73554318571394,24.766615384223833"
"76,592866,""Williams, Trevor"",150,50.7,0.235,0.059,0.333,0.294,0.257,0.22,0.198,4,17,88.3,11.4,2078,85.4,86.71,11,43,33,1.2999999999999972,6.9,116,145,117,152,301,328,301,""1.154"",""-1.154"",""67.2"",""7.0"",""3.83722461"",18,12,3,1,0,0,5,27.8,1,5.6,""2.54"",""0.6"",""0.25"",""-0.25"",""90.1"",143,16.666666666666664,0,0,4.95,-2.31,-0.2,2.12,0.278,0,""-1.518421053"",0.243,0.239,""1.518421053"",0.037,0.03500000000000003,0.055,0.037,25.6,""16.7"",8.13130489284369,1.248709780781259,31.195279862138335,0.23255813953488372,38.076333740951725,31.183624703027174"
"76,642100,""Speier, Gabe"",463,16.4,0,0,0,0,0.123,0.211,0.089,0,14,86.9,-0.5,2156,91.7,91.54,7,35,41,-0.20000000000000284,6.16,115,142,105,148,280,317,300,""2.602"",""-2.602"",""63.6"",""6.5"",""4.334177005"",18,11,0,0,0,0,4,22.2,3,16.7,""2.22"",""0.52"",""0.63"",""0.63"",""90.5"",128,30,0,0,5.3,2.14,-0.03,2.16,0.176,0,""-3.423684211"",0.26,0.138,""3.423684211"",-0.089,-0.08400000000000002,-0.138,-0.088,20,""27.3"",4.460549820331581,4.853633573621675,31.328825586513645,0.42857142857142855,36.394185989285056,28.31126566405035"
"76,685126,""Eisert, Brandon"",640,11.9,0.176,0,0.25,0.176,0.238,0.271,0.203,3,17,87.5,8.9,2115,86.6,87.69,9,33,43,1.1000000000000085,7.1,111,145,109,151,295,323,300,""1.42"",""-1.42"",""67.3"",""7.1"",""3.848802286"",20,12,3,0,0,0,5,25,3,15,""2.55"",""0.52"",""0.19"",""0.19"",""90.7"",144,33.33333333333333,0,0,5.02,4,-0.3,1.67,0.3,0,""-1.868421053"",0.323,0.249,""1.868421053"",-0.027,-0.02300000000000002,-0.073,-0.033,27.3,""35.1"",4.8542166431602105,0.02262405534129247,33.17459278361531,0.43333333333333335,35.26151611046432,31.195803850961475"
"76,573204,""Thielbar, Caleb"",640,11.9,0.381,0.524,0.357,0.905,0.539,0.426,0.352,8,21,93.7,17.1,2416,85.6,85.55,10,39,37,-0.09999999999999432,6.17,116,148,113,155,293,323,301,""-4.421"",""4.421"",""69.6"",""7.2"",""2.367106699"",21,17,3,2,0,3,4,19,0,0,""2.8"",""0.36"",""-0.51"",""-0.51"",""94.2"",191,64.70588235294117,11.76470588235294,9.523809523809524,6.09,-0.02,-0.31,2.32,0.381,2,""5.817105263"",0.352,0.652,""-5.817105263"",0.029,0.029000000000000026,0.253,0.113,25.6,""54.7"",10.277249086919278,0.34631355635473937,33.98817555322971,0.5526315789473685,38.68165513016685,30.518115261173776"
"75,622554,""Domínguez, Seranthony"",783,9.6,0.385,0,0.5,0.385,0.441,0.371,0.223,5,13,79,0.1,2254,93,93.26,9,29,46,0.29999999999999716,6.41,111,143,107,149,285,324,302,""-1.707"",""1.707"",""69.6"",""7.1"",""2.802449872"",19,10,5,0,0,0,3,15.8,6,31.6,""1.9"",""0.77"",""0.23"",""-0.23"",""89.7"",172,20,10,5.263157894736842,5.61,-1.74,0.01,2.17,0.579,1,""2.276"",0.468,0.35,""-2.276"",0.162,0.11099999999999993,0.035,0.07,31,""30.5"",8.5955583990323,4.964375249267912,33.6034025876053,0.3793103448275862,36.68871634806404,27.312188563629963"
"75,703615,""Cabrera, Jose"",280,26.8,0.211,0.158,0.176,0.368,0.309,0.431,0.323,4,19,85.6,1.6,2210,88.9,89.13,0,30,45,0.19999999999998863,6.49,114,146,97,150,292,327,296,""-0.525"",""0.525"",""73.8"",""7.6"",,22,18,3,0,0,1,1,4.5,3,13.6,""2.28"",""0.62"",""0.65"",""-0.65"",""92.0"",179,33.33333333333333,5.555555555555555,4.545454545454546,5.61,-2.08,-0.4,2.62,0.318,1,""0.7"",0.415,0.603,""-0.7"",-0.112,-0.09699999999999998,-0.235,-0.122,0,""28.5"",12.977916427991739,-0.8843414274379868,36.21687432728955,0.6333333333333333,36.76402761874733,32.13170374232591"
"75,663542,""Hudson, Bryan"",815,9.2,0.25,0,0.444,0.25,0.222,0.276,0.295,4,16,83.6,3.2,2144,87.3,89.02,9,35,40,1.7000000000000028,7.43,110,148,107,148,281,319,297,""1.172"",""-1.172"",""68.0"",""6.9"",""2.490025066"",17,9,4,0,0,0,7,41.2,1,5.9,""2.58"",""0.47"",""0.13"",""0.13"",""90.4"",168,22.22222222222222,0,0,4.93,3.48,-0.53,2.18,0.294,0,""-1.562666667"",0.337,0.333,""1.562666667"",-0.045,-0.04300000000000004,-0.083,-0.054,25.7,""11.0"",5.669473883560555,2.8311305504539575,32.93146626337019,0.2727272727272727,35.98949650569705,27.1462629273658"
"74,621097,""Waguespack, Jacob"",302,24.5,0.111,0,0.143,0.111,0.159,0.179,0.125,2,18,83.6,3,1909,87.9,89.38,12,38,36,1.5,7,114,147,108,151,284,328,305,""1.992"",""-1.992"",""71.0"",""7.3"",""3.73176967"",21,15,2,0,0,0,4,19,2,9.5,""2.04"",""0.91"",""0.24"",""-0.24"",""90.9"",124,26.666666666666668,0,0,6.29,-0.28,-0.03,2.1,0.2,0,""-2.691891892"",0.213,0.157,""2.691891892"",-0.014,-0.012999999999999984,-0.046,-0.02,31.6,""67.8"",11.618807405098705,-11.49649545366594,34.301183479740594,0.35135135135135137,35.909825470243135,34.85921832935075"
"74,544150,""Suárez, Albert"",761,9.7,0.286,0.143,0.286,0.429,0.371,0.395,0.275,4,14,89.5,23.1,2265,88.4,88.91,4,33,41,0.5,6.6,108,146,114,149,298,325,301,""-1.766"",""1.766"",""71.8"",""7.0"",""2.898729796"",19,14,3,0,1,0,1,5.3,4,21.1,""2.22"",""0.75"",""0.46"",""-0.46"",""90.6"",202,35.714285714285715,0,0,6.26,-1.39,-0.18,2.69,0.421,0,""2.386486486"",0.442,0.406,""-2.386486486"",0.011,-0.02100000000000002,0.023,-0.024,12.1,""40.9"",8.064780150148554,0.6860716113707774,32.541685650795806,0.65625,37.76938842265389,30.569242637460572"
"74,669062,""Miller, Erik"",698,10.6,0.091,0.045,0.154,0.136,0.098,0.112,0.12,2,22,72.3,1.8,2445,92.5,93.19,12,31,43,0.7000000000000028,6.71,115,146,109,150,285,316,302,""4.232"",""-4.232"",""63.7"",""7.1"",""7.658517889"",22,13,1,1,0,0,9,40.9,0,0,""2.34"",""0.36"",""0.59"",""0.59"",""88.0"",78,0,0,0,6.43,1.59,-0.43,2.01,0.091,0,""-5.718918919"",0.12,0.136,""5.718918919"",-0.029,-0.028999999999999998,0,-0.014,38.7,""40.7"",11.056792879836493,-2.0534170615478877,33.12301486640862,0.3103448275862069,38.80177184407088,32.145053331785455"
"73,663423,""Thornton, Trent"",534,13.7,0.286,0,0.333,0.286,0.332,0.303,0.237,4,14,91.5,7.8,2737,89.1,89.17,6,37,36,0.10000000000000853,6.24,117,148,110,153,297,320,301,""0.304"",""-0.304"",""70.5"",""7.1"",""2.573490163"",18,12,4,0,0,0,2,11.1,4,22.2,""2.53"",""0.38"",""-0.16"",""0.16"",""92.4"",135,41.66666666666667,0,0,5.47,-2.16,0.08,2.36,0.444,0,""-0.416438356"",0.406,0.261,""0.416438356"",0.049,0.03799999999999998,0.025,0.029,16.2,""46.0"",9.394197532971505,2.9150536554053823,33.45259223289709,0.45714285714285713,34.65719228477755,29.206007759030655"
"72,687330,""Kelly, Kevin"",716,10.1,0.222,0,0.261,0.222,0.216,0.284,0.281,6,27,90.1,4.8,2018,89.1,90.09,6,35,37,1,6.98,117,148,107,153,294,335,310,""2.131"",""-2.131"",""72.3"",""7.1"",""1.687960032"",29,23,6,0,0,0,4,13.8,2,6.9,""3.14"",""-0.24"",""1.16"",""-1.16"",""93.8"",127,47.82608695652174,0,0,3.67,-1.71,-0.46,1.99,0.276,0,""-2.959722222"",0.33,0.334,""2.959722222"",-0.059,-0.05399999999999999,-0.112,-0.068,17.1,""1.8"",4.930053509054332,4.475026510432403,32.42116979991307,0.4,38.25278601793472,28.566789488583595"
"72,621381,""Strahm, Matt"",634,11.4,0.412,0.412,0.556,0.824,0.534,0.456,0.298,7,17,85.1,16.6,2516,88.7,88.3,6,35,37,-0.4000000000000057,6.14,112,145,124,150,295,326,297,""-2.457"",""2.457"",""66.9"",""6.7"",""1.387235916"",18,11,4,1,0,2,6,33.3,1,5.6,""2.1"",""0.83"",""0.65"",""0.65"",""90.8"",184,36.36363636363637,27.27272727272727,16.666666666666664,5.29,3.45,0.04,2.74,0.444,3,""3.4125"",0.337,0.763,""-3.4125"",0.114,0.10699999999999998,0.061,0.078,17.1,""31.0"",6.757770510731211,5.989394913268331,34.425907508363636,0.5,33.05305333384493,26.777074652063522"
"72,671936,""Macko, Adam"",409,17.6,0.444,0.056,0.571,0.5,0.446,0.365,0.328,8,18,88,12.8,2381,88.4,87.96,13,36,36,-0.4000000000000057,5.97,111,143,114,150,282,313,296,""-1.733"",""1.733"",""69.4"",""7.3"",""3.983458511"",20,14,7,1,0,0,4,20,1,5,""2.22"",""0.72"",""0.07"",""0.07"",""92.4"",160,50,0,0,5.66,1.83,-0.41,2.23,0.5,0,""2.406944444"",0.395,0.424,""-2.406944444"",0.116,0.10499999999999998,0.076,0.081,36.1,""43.2"",10.571162948543039,-7.1363447246869285,29.75504134179385,0.4117647058823529,38.509906747437434,35.52111052723503"
"71,676775,""Winn, Keaton"",609,11.7,0.154,0,0.2,0.154,0.269,0.312,0.204,2,13,94.5,2.5,1907,91.7,91.78,6,28,43,0.09999999999999432,6.21,123,148,112,150,288,317,302,""0.517"",""-0.517"",""66.8"",""7.0"",""2.282741298"",17,10,2,0,0,0,3,17.6,4,23.5,""2.18"",""0.53"",""1.03"",""-1.03"",""92.0"",78,60,0,0,6.11,-1.48,0.07,2.26,0.353,0,""-0.728169014"",0.391,0.244,""0.728169014"",-0.05,-0.038000000000000034,-0.09,-0.043,21.4,""39.0"",4.238955700653051,1.8472683531808163,32.98646479484215,0.4642857142857143,37.24203085723546,28.179238779417283"
"71,702021,""Dion, Will"",353,20.1,0.143,0.071,0.286,0.214,0.19,0.294,0.228,2,14,98.7,11,2296,87.9,87.73,16,43,28,-0.20000000000000284,6.13,117,148,120,153,286,323,298,""1.774"",""-1.774"",""70.6"",""6.9"",""1.16297399"",15,7,1,1,0,0,7,46.7,1,6.7,""1.9"",""1.08"",""0.13"",""0.13"",""91.3"",152,85.71428571428571,14.285714285714285,6.666666666666667,6.03,0.53,-0.09,2.41,0.2,1,""-2.498591549"",0.28,0.392,""2.498591549"",-0.085,-0.08000000000000002,-0.178,-0.104,37.2,""68.7"",9.364364693045866,1.8777726023664592,30.718355619331422,0.46511627906976744,38.777140426401886,27.800900591591827"
"70,682120,""Herrin, Tim"",689,10.2,0.133,0.2,0.111,0.333,0.257,0.313,0.178,2,15,91.1,-6.4,2246,90.4,90.74,13,30,40,0.29999999999999716,6.5,114,144,115,149,290,320,304,""1.004"",""-1.004"",""67.3"",""7.0"",""2.54767009"",17,10,1,0,0,1,5,29.4,1,5.9,""2.52"",""0.31"",""0.47"",""0.47"",""92.0"",107,40,20,11.76470588235294,5.81,1.82,-0.03,2.03,0.235,2,""-1.434285714"",0.275,0.445,""1.434285714"",-0.045,-0.040000000000000036,-0.112,-0.056,43.3,""33.7"",9.328116236612162,3.174380662903471,35.22914816567396,0.5666666666666667,35.32576381808753,28.524657224163583"
"70,676742,""Sanders, Cam"",240,29.2,0.333,0.333,0.333,0.667,0.509,0.489,0.346,3,9,89.6,2.6,2550,91.4,91.33,10,29,41,-0.10000000000000853,6.11,113,146,121,151,301,325,302,""-2.195"",""2.195"",""70.5"",""7.6"",""3.309627796"",13,7,2,0,0,1,2,15.4,4,30.8,""2.18"",""0.55"",""0.23"",""-0.23"",""92.9"",203,28.57142857142857,14.285714285714285,7.6923076923076925,5.96,-3.15,-0.14,2.24,0.538,1,""3.135714286"",0.547,0.578,""-3.135714286"",-0.013,-0.009000000000000008,0.089,0.02,34.5,""33.8"",12.734020132680119,-8.610430596658379,32.207266284418196,0.4827586206896552,32.8590884689973,34.22784433860582"
"70,605488,""Springs, Jeffrey"",1875,3.7,0.5,0.5,0.4,1,0.612,0.425,0.308,5,10,90,28.4,2156,87.5,87.98,2,21,49,0.5,6.5,113,146,114,150,289,327,296,""-4.13"",""4.13"",""71.3"",""6.9"",""6.155605536"",16,11,3,0,1,1,0,0,5,31.3,""2.17"",""0.82"",""0.24"",""0.24"",""91.7"",221,36.36363636363637,0,0,5.99,2.3,-0.51,2.43,0.625,0,""5.9"",0.506,0.463,""-5.9"",0.192,0.119,0.537,0.187,9.5,""46.0"",9.314542422019175,2.5389961362332594,35.40322802160297,0.47619047619047616,35.22014303717627,31.379229536217288"
"70,681870,""Sabrowski, Erik"",598,11.7,0.214,0.286,0.231,0.5,0.382,0.286,0.146,3,14,84.1,26.2,2560,92.6,92.99,2,26,44,0.4000000000000057,6.57,115,147,117,150,291,319,307,""-1.091"",""1.091"",""71.6"",""6.8"",""0.655553126"",18,13,1,0,2,0,1,5.6,4,22.2,""1.4"",""1.28"",""0.63"",""0.63"",""91.5"",194,38.46153846153847,0,0,6.01,1.21,0.15,2.58,0.389,0,""1.558571429"",0.336,0.251,""-1.558571429"",0.068,0.05299999999999999,0.249,0.096,7.7,""44.1"",9.121397127345652,1.9026627967640337,29.384874141982763,0.6,34.027371447028365,30.3530962499761"
"70,656641,""Latz, Jacob"",828,8.5,0.333,0.2,0.417,0.533,0.368,0.281,0.284,5,15,82.6,19.8,2395,91.1,91.34,12,39,31,0.20000000000000284,6.44,116,145,108,152,294,325,304,""-0.804"",""0.804"",""66.7"",""7.2"",""6.197877316"",18,12,2,3,0,0,4,22.2,2,11.1,""1.8"",""0.97"",""0.28"",""0.28"",""89.9"",164,25,0,0,6.03,1.96,-0.42,2.53,0.389,0,""1.148571429"",0.348,0.337,""-1.148571429"",0.049,0.041000000000000036,0.196,0.087,30.8,""52.9"",7.334276120729681,-1.0664119080895609,29.288560468778783,0.4473684210526316,39.91708712443305,29.45478828909439"
"69,700842,""Rivera, Eduardo"",210,32.9,0.111,0,0.167,0.111,0.313,0.361,0.168,1,9,89.4,12.3,2254,92.1,92.66,7,26,43,0.6000000000000085,6.55,118,149,117,149,285,317,304,""-0.045"",""0.045"",""69.5"",""7.2"",""2.701356924"",14,6,1,0,0,0,3,21.4,5,35.7,""1.76"",""0.94"",""0.06"",""0.06"",""90.5"",129,33.33333333333333,0,0,6.32,1.9,-0.45,2.05,0.429,0,""0.065217391"",0.465,0.237,""-0.065217391"",-0.057,-0.03600000000000003,-0.126,-0.048,26.9,""45.5"",12.074696125405646,-5.011388769515972,33.56885370904271,0.4230769230769231,37.45725685498743,33.11432190939704"
"67,640448,""Finnegan, Kyle"",782,8.6,0.529,0.353,0.636,0.882,0.614,0.451,0.354,9,17,88.7,-1.2,1681,91.3,92.13,10,33,34,0.7999999999999972,6.67,113,141,115,145,287,326,307,""-5.688"",""5.688"",""69.5"",""7.3"",""3.685576019"",18,13,7,0,0,2,4,22.2,0,0,""1.85"",""0.89"",""0.62"",""-0.62"",""92.3"",156,53.84615384615385,15.384615384615385,11.11111111111111,5.61,-2.02,-0.26,2.15,0.556,2,""8.489552239"",0.39,0.676,""-8.489552239"",0.175,0.16600000000000004,0.206,0.163,30.3,""50.2"",10.943003335945061,-3.3281109744635837,32.751261796446094,0.5483870967741935,37.003343395758364,30.571688913326845"
"67,624133,""Suarez, Ranger"",1648,4.1,0.267,0.133,0.364,0.4,0.312,0.325,0.309,4,15,89.4,0.3,2053,86.3,86.1,9,33,34,-0.20000000000000284,6.09,120,149,121,151,284,316,306,""0.08"",""-0.08"",""67.7"",""7.3"",""3.825590457"",16,11,2,2,0,0,4,25,1,6.3,""2.63"",""0.47"",""0.2"",""0.2"",""92.6"",122,63.63636363636363,0,0,5.91,2.32,-0.37,2.09,0.313,0,""-0.119402985"",0.352,0.381,""0.119402985"",-0.042,-0.03899999999999998,0.019,-0.013,27.3,""39.8"",15.793817871374268,-1.903880668630896,33.617006886278325,0.5757575757575758,38.63532753392859,31.938379356879082"
"67,663687,""Harris, Hogan"",1015,6.6,0.267,0,0.444,0.267,0.268,0.322,0.296,4,15,90.9,3.7,2374,87.8,88.11,10,25,42,0.29999999999999716,6.61,109,146,121,150,291,326,303,""0.804"",""-0.804"",""70.6"",""7.0"",""2.251192428"",16,9,4,0,0,0,6,37.5,0,0,""2.55"",""0.55"",""0.19"",""0.19"",""92.5"",148,66.66666666666666,11.11111111111111,6.25,5.93,2.31,-0.32,2.2,0.313,1,""-1.2"",0.34,0.383,""1.2"",-0.029,-0.027000000000000024,-0.116,-0.054,40,""54.4"",5.124713169847714,6.28959348127375,34.41945848890261,0.28,38.009087879855656,27.954609400617553"
"67,687911,""King, Bryan"",819,8.2,0.263,0,0.333,0.263,0.234,0.248,0.262,5,19,83.6,-1.2,2102,90.2,90.76,9,38,29,0.5999999999999943,6.53,105,145,110,150,289,327,296,""1.584"",""-1.584"",""68.2"",""6.5"",""1.005618233"",20,16,5,0,0,0,4,20,0,0,""2.04"",""0.77"",""0.29"",""0.29"",""91.6"",171,25,0,0,5.65,2.6,0.04,2.66,0.263,0,""-2.364179104"",0.262,0.31,""2.364179104"",0.001,0.0010000000000000009,-0.047,-0.014,23.7,""36.3"",4.315220205137246,12.56458940171926,31.021046445693393,0.35135135135135137,35.5499942446973,23.05772574010403"
"65,621242,""Díaz, Edwin"",234,27.8,0.333,0.5,0.444,0.833,0.507,0.31,0.239,4,12,89.6,24,2305,94.1,95.62,6,36,29,1.5,7.09,120,145,118,151,283,312,301,""-2.074"",""2.074"",""68.9"",""7.1"",""1.31192671"",15,9,0,2,2,0,3,20,3,20,""1.82"",""0.76"",""0.66"",""-0.66"",""91.6"",143,55.55555555555556,0,0,4.62,-2.08,-0.21,2.63,0.467,0,""3.190769231"",0.392,0.332,""-3.190769231"",0.094,0.07500000000000001,0.501,0.197,16.7,""12.7"",7.136925872984852,1.9041497220121073,30.241891885748856,0.5833333333333334,36.34782338591936,27.979525292996744"
"64,681751,""Estrada, Lazaro"",204,31.4,0.167,0,0.222,0.167,0.227,0.273,0.175,2,12,91.9,24.1,2268,86.9,86.76,3,22,42,-0.10000000000000853,6.26,109,140,102,147,278,319,297,""1.003"",""-1.003"",""60.1"",""6.4"",""2.742285948"",14,9,2,0,0,0,3,21.4,2,14.3,""2.48"",""0.6"",""0.08"",""-0.08"",""91.3"",157,55.55555555555556,11.11111111111111,7.142857142857142,5.7,-0.55,-0.37,2.22,0.286,1,""-1.5671875"",0.293,0.303,""1.5671875"",-0.008,-0.007000000000000006,-0.136,-0.046,13.6,""52.1"",10.488380167864626,3.8230737217073254,30.800399506238477,0.3181818181818182,37.39814216485381,28.432680559238154"
"64,815083,""Farris, Mitch"",797,8,0.214,0.071,0.3,0.286,0.324,0.41,0.289,3,14,93.1,23.5,2157,88.9,89.42,5,22,42,0.5,6.66,114,145,110,150,299,328,305,""-0.514"",""0.514"",""62.2"",""6.7"",""1.473629592"",19,10,2,1,0,0,4,21.1,5,26.3,""1.91"",""1.01"",""0.67"",""0.67"",""94.0"",217,50,10,5.263157894736842,6.26,0.82,-0.4,1.96,0.421,1,""0.803125"",0.476,0.482,""-0.803125"",-0.075,-0.05499999999999999,-0.196,-0.086,22.7,""51.7"",15.019912039754962,-0.7626888062446728,28.541059818431908,0.38095238095238093,35.49041492903175,31.86814025903498"
"64,622694,""Hernández, Elieser"",114,56.1,0.25,0,0.333,0.25,0.317,0.258,0.162,3,12,82.6,22.8,2156,84.7,85.14,6,29,35,0.3999999999999915,6.55,123,147,127,154,304,324,301,""-0.028"",""0.028"",""71.1"",""7.7"",""3.304756305"",16,9,3,0,0,0,3,18.8,4,25,""2.18"",""1.02"",""0.82"",""-0.82"",""88.9"",88,11.11111111111111,0,0,5.39,-1.96,-0.18,2.47,0.438,0,""0.04375"",0.371,0.184,""-0.04375"",0.088,0.067,0.066,0.059,20.7,""37.5"",17.450024852756357,-10.2242383891885,31.7952205489505,0.4482758620689655,36.39221213728878,38.13563783170092"
"64,621053,""Ferguson, Tyler"",256,25,0.143,0.071,0.167,0.214,0.251,0.425,0.348,2,14,90.9,1.3,2264,90.4,90.43,10,31,33,0,6.27,114,149,122,154,299,327,301,""0.617"",""-0.617"",""70.3"",""7.3"",""3.81756658"",17,12,1,1,0,0,2,11.8,2,11.8,""2.29"",""0.53"",""0.37"",""-0.37"",""92.7"",149,58.333333333333336,8.333333333333332,5.88235294117647,5.8,-3,-0.32,2.28,0.294,1,""-0.9640625"",0.463,0.499,""0.9640625"",-0.205,-0.16900000000000004,-0.285,-0.174,32.3,""27.2"",10.371279970248182,3.391347568935706,34.888863213228355,0.5,39.43296628312368,27.681382066258"
"63,668831,""Stallings, Garrett"",122,51.6,0.214,0,0.231,0.214,0.224,0.217,0.2,3,14,83.3,21.9,1877,85.4,86.09,4,30,33,0.6999999999999886,6.6,119,148,119,150,282,319,302,""1.639"",""-1.639"",""63.9"",""7.0"",""6.120320958"",15,13,3,0,0,0,1,6.7,1,6.7,""2.56"",""0.58"",""0.65"",""-0.65"",""89.8"",158,15.384615384615385,0,0,5.31,-1.73,-0.42,1.92,0.267,0,""-2.601587302"",0.253,0.217,""2.601587302"",0.014,0.014000000000000012,-0.003,0.007,13.3,""39.7"",8.31682876798266,-6.927661859972932,34.90424646982082,0.6,39.819763065545615,32.47893096811337"
"63,689818,""Sandlin, David"",409,15.4,0.313,0.375,0.214,0.688,0.439,0.376,0.308,5,16,82.3,6.6,2118,91.2,92.03,1,24,39,0.7999999999999972,6.63,110,148,104,151,286,326,299,""-0.614"",""0.614"",""68.2"",""6.8"",""4.677155076"",17,16,3,0,0,2,0,0,1,5.9,""2.24"",""0.51"",""0.14"",""-0.14"",""89.8"",166,12.5,6.25,5.88235294117647,5.8,-2.44,-0.27,2.47,0.353,1,""0.974603175"",0.349,0.526,""-0.974603175"",0.005,0.0040000000000000036,0.162,0.063,4.2,""41.7"",5.679465327857776,-1.223889373259664,32.578179456383694,0.5,32.51086066010735,30.916793749137852"
"62,696522,""Juenger, Hayden"",211,29.4,0.4,0.067,0.429,0.467,0.418,0.355,0.317,6,15,86,22.5,2342,91.1,90.8,3,26,36,-0.29999999999999716,6,117,147,118,150,290,322,300,""-1.798"",""1.798"",""70.4"",""7.1"",""1.766254244"",17,14,5,1,0,0,1,5.9,2,11.8,""1.92"",""0.83"",""0.96"",""-0.96"",""91.8"",186,35.714285714285715,7.142857142857142,5.88235294117647,5.33,-1.35,-0.11,2.44,0.471,1,""2.9"",0.398,0.395,""-2.9"",0.083,0.07299999999999995,0.072,0.063,11.5,""34.6"",9.292168362278813,-2.0680629510679234,33.88975677368524,0.6538461538461539,36.05850662645486,30.855832147757532"
"61,681347,""Burrows, Mike"",1570,3.9,0.357,0.286,0.4,0.643,0.461,0.387,0.307,5,14,89.4,18.2,2106,87.3,87.46,2,29,32,0.20000000000000284,6.26,116,147,104,152,297,324,303,""-1.431"",""1.431"",""69.9"",""7.3"",""2.14818675"",16,11,3,1,0,1,3,18.8,2,12.5,""2.69"",""0.35"",""0.45"",""-0.45"",""90.8"",158,45.45454545454545,9.090909090909092,6.25,6.01,-2.25,-0.23,2.27,0.438,1,""2.345901639"",0.394,0.498,""-2.345901639"",0.05,0.043999999999999984,0.145,0.074,6.9,""40.0"",10.653442926933753,-0.5251828587485736,32.385901907300514,0.4642857142857143,35.93742277908538,31.53784277853935"
"61,702566,""Murphy, Owen"",116,52.6,0.231,0.231,0.25,0.462,0.35,0.481,0.376,3,13,100.7,14.4,2184,89.4,89.52,6,36,25,0.09999999999999432,6.32,123,146,118,153,302,323,305,""0.2"",""-0.2"",""70.8"",""7.1"",""0.68277641"",15,9,2,0,0,1,4,26.7,1,6.7,""2.07"",""0.81"",""0.46"",""-0.46"",""94.6"",190,88.88888888888889,22.22222222222222,13.333333333333334,5.43,-1.92,0.1,2.39,0.333,2,""-0.327868852"",0.459,0.676,""0.327868852"",-0.145,-0.126,-0.214,-0.131,16.7,""40.5"",8.883090250360986,1.0098336224858926,31.973883129065342,0.4722222222222222,35.12956679472394,30.246856193962422"
"61,669620,""Basso, Brady"",260,23.5,0.188,0.125,0.333,0.313,0.242,0.252,0.22,3,16,88,16.2,2168,87.7,87.97,15,36,25,0.29999999999999716,6.41,117,147,120,150,292,321,301,""1.405"",""-1.405"",""70.9"",""7.4"",""3.090101395"",17,9,1,2,0,0,7,41.2,1,5.9,""2.38"",""0.61"",""0.1"",""0.1"",""91.1"",158,33.33333333333333,0,0,6.39,2.16,-0.23,2.26,0.235,0,""-2.303278689"",0.266,0.3,""2.303278689"",-0.032,-0.031000000000000028,0.013,-0.01,41.7,""48.7"",8.672408268013765,-1.2170100675181128,34.55946300197479,0.5277777777777778,38.09403911638525,32.357952186274794"
"60,687531,""Kempner, William"",199,30.2,0.385,0.385,0.444,0.769,0.518,0.492,0.38,5,13,92.3,14.1,2478,90.9,90.39,9,29,31,-0.5,6.11,115,144,111,148,293,321,291,""-2.072"",""2.072"",""70.6"",""6.9"",""0.781720222"",15,10,2,2,0,1,3,20,1,6.7,""2.06"",""0.75"",""0.61"",""-0.61"",""92.5"",192,40,10,6.666666666666667,4.47,-2.57,-0.41,2.4,0.467,1,""3.453333333"",0.463,0.696,""-3.453333333"",0.005,0.0040000000000000036,0.073,0.026,31,""16.5"",4.521204310473119,5.410516562105665,32.04443974914255,0.3448275862068966,39.524020999405906,25.234410102087264"
"60,694918,""Tidwell, Blade"",282,21.3,0.417,0.083,0.417,0.5,0.424,0.324,0.302,5,12,88.6,25.7,2341,87.8,87.86,3,29,31,0.10000000000000853,6.41,116,147,119,150,293,331,300,""-0.934"",""0.934"",""69.2"",""6.8"",""3.264086672"",13,12,4,1,0,0,0,0,1,7.7,""2.33"",""0.67"",""0.11"",""-0.11"",""94.1"",164,41.66666666666667,0,0,6.06,-1.69,-0.04,2.39,0.462,0,""1.556666667"",0.356,0.365,""-1.556666667"",0.115,0.10600000000000004,0.135,0.1,10.3,""40.1"",12.52439595447831,1.7095955513521754,29.345597468360143,0.34615384615384615,35.77635815556604,30.11785202960527"
"60,592779,""Stewart, Brock"",213,28.2,0,0,0,0,0.047,0.082,0.042,0,14,74.4,34.9,2150,91.5,91.89,8,32,28,0.4000000000000057,6.41,119,148,108,152,285,315,297,""2.363"",""-2.363"",""71.3"",""7.5"",""2.034803131"",15,8,0,0,0,0,6,40,1,6.7,""2.31"",""0.41"",""0.6"",""-0.6"",""90.1"",118,0,0,0,5.15,-1.8,0.23,2.17,0.067,0,""-3.938333333"",0.106,0.045,""3.938333333"",-0.042,-0.03899999999999999,-0.045,-0.035,25,""19.7"",10.82012260342744,-7.079678701799409,31.68453511312654,0.65625,30.76297708857976,32.71597403039263"
"59,678906,""Teng, Kai-Wei"",1162,5.1,0.111,0,0.143,0.111,0.322,0.369,0.118,1,9,82,40.3,2406,86.8,86.85,3,21,38,0,6.26,105,142,102,149,288,327,293,""-0.108"",""0.108"",""67.9"",""6.8"",""6.744898836"",14,7,1,0,0,0,2,14.3,1,7.1,""2.59"",""0.45"",""-0.3"",""0.3"",""89.3"",175,14.285714285714285,14.285714285714285,7.142857142857142,5.62,-2.34,0,2.56,0.429,1,""0.183050847"",0.433,0.294,""-0.183050847"",-0.007,-0.0040000000000000036,-0.183,-0.047,14.3,""25.7"",7.396336216256584,1.1070241284034266,36.788373868066465,0.47619047619047616,31.373231789625663,30.147395935586065"
"59,571927,""Matz, Steven"",1036,5.7,0.083,0.083,0.091,0.167,0.192,0.251,0.181,1,12,80.5,-1.7,2239,90,90.38,5,21,38,0.4000000000000057,6.6,116,149,110,153,290,328,307,""0.826"",""-0.826"",""67.8"",""6.8"",""1.034450738"",14,11,0,1,0,0,1,7.1,1,7.1,""2.39"",""0.47"",""0.86"",""0.86"",""91.6"",127,27.27272727272727,0,0,5.53,2.54,-0.24,2.25,0.214,0,""-1.4"",0.298,0.223,""1.4"",-0.098,-0.08399999999999999,-0.056,-0.059,23.8,""30.5"",5.43187548962568,7.051788047633723,31.57954487508456,0.35,34.49649344448521,29.298201988276464"
"59,679775,""Backhus, Kyle"",354,16.7,0.231,0.077,0.333,0.308,0.296,0.273,0.215,3,13,78.3,3.7,2176,85.1,86.21,7,21,38,1.1000000000000085,7.12,109,146,116,148,288,325,301,""0.141"",""-0.141"",""62.7"",""6.6"",""7.043994418"",15,9,2,1,0,0,4,26.7,2,13.3,""3.05"",""0.16"",""0.45"",""0.45"",""89.4"",144,11.11111111111111,0,0,4.16,3.3,-0.39,2.15,0.333,0,""-0.238983051"",0.32,0.264,""0.238983051"",0.016,0.013000000000000012,0.044,0.023,33.3,""5.7"",7.300986717460397,-8.581040082882911,35.80678231876921,0.38095238095238093,38.201543177312146,31.971597963121493"
"58,687931,""Whisenhunt, Carson"",394,14.7,0.091,0,0.111,0.091,0.274,0.319,0.151,1,11,79.2,8.2,2325,88.2,88.9,3,20,38,0.7000000000000028,6.63,111,146,104,150,285,312,295,""-0.022"",""0.022"",""60.7"",""6.4"",""4.847933226"",16,9,1,0,0,0,2,12.5,5,31.3,""2.31"",""0.63"",""0.39"",""0.39"",""90.3"",148,22.22222222222222,0,0,6.24,1.74,-0.19,2.29,0.375,0,""0.037931034"",0.416,0.187,""-0.037931034"",-0.06,-0.04099999999999998,-0.096,-0.045,15,""51.7"",5.229850332785947,-0.001998693205090163,26.872194902481304,0.6842105263157895,36.329514466429686,30.7818903416906"
"58,641755,""Kinley, Tyler"",678,8.6,0.182,0.545,0,0.727,0.392,0.275,0.191,2,11,91.2,21.7,2537,87.3,86.44,7,26,32,-0.8999999999999915,5.56,116,141,108,148,298,298,300,""0.117"",""-0.117"",""71.0"",""7.5"",""1.370699734"",16,9,0,0,0,2,3,18.8,4,25,""2.79"",""0.21"",""-0.07"",""0.07"",""90.9"",159,44.44444444444444,0,0,6.42,-0.73,0.15,2.39,0.375,0,""-0.201724138"",0.382,0.326,""0.201724138"",-0.009,-0.007000000000000006,0.401,0.117,26.9,""44.5"",16.32219395109266,-8.614014449504987,34.997542219409134,0.5384615384615384,32.682204617657064,33.01948263230473"
"58,594835,""Gonzales, Marco"",120,48.3,0.3,0.1,0.375,0.4,0.37,0.309,0.217,3,10,84.2,11.8,2141,85,85.03,5,22,36,0,6.42,117,146,117,150,290,326,300,""0.449"",""-0.449"",""72.1"",""7.3"",""1.329676816"",12,8,2,1,0,0,2,16.7,2,16.7,""2.96"",""0.23"",""0.06"",""0.06"",""91.5"",150,37.5,12.5,8.333333333333332,5.32,2.19,-0.56,2.19,0.417,1,""-0.774137931"",0.347,0.322,""0.774137931"",0.083,0.07,0.078,0.061,22.7,""37.6"",13.30077566889841,-4.70560207590471,30.800721461748296,0.6666666666666666,36.220460574048076,33.571380830230325"
"58,548384,""Raley, Brooks"",680,8.5,0.176,0,0.188,0.176,0.177,0.191,0.154,3,17,79.2,8.4,2620,86.3,85.49,3,27,31,-0.7999999999999972,5.86,117,146,114,148,287,324,304,""1.881"",""-1.881"",""69.0"",""7.5"",""12.150848572"",19,16,3,0,0,0,2,10.5,1,5.3,""2.63"",""0.46"",""-0.02"",""-0.02"",""89.8"",113,12.5,0,0,5.65,2.96,-0.5,2.25,0.211,0,""-3.243103448"",0.2,0.197,""3.243103448"",0.022,0.010999999999999982,-0.021,-0.014,11.1,""32.2"",15.008403982257981,-9.100262238358608,30.50862876552394,0.46153846153846156,41.859615346027944,34.915151227074716"
"58,668970,""Hollowell, Gavin"",253,22.9,0.133,0.133,0.154,0.267,0.232,0.287,0.165,2,15,83.2,30.6,2365,89.7,90.16,8,26,32,0.5,6.66,115,149,116,154,297,325,304,""1.124"",""-1.124"",""68.7"",""7.3"",""4.994869734"",17,13,0,2,0,0,2,11.8,1,5.9,""2.49"",""0.38"",""0.68"",""-0.68"",""92.8"",232,46.15384615384615,15.384615384615385,11.76470588235294,5.15,-3.3,-0.07,2.26,0.235,2,""-1.937931034"",0.263,0.384,""1.937931034"",-0.032,-0.028000000000000025,-0.117,-0.055,30.8,""9.3"",13.764008911682463,-11.614132602495479,32.23873033123699,0.5769230769230769,38.48882737787922,33.2543226230558"
"57,686993,""Sterner, Justin"",730,7.8,0.538,0.538,0.455,1.077,0.687,0.525,0.395,7,13,92.1,22.3,2545,88.8,89.45,2,27,30,0.7000000000000028,6.59,111,142,114,147,289,321,300,""-3.944"",""3.944"",""71.9"",""6.9"",""2.353857852"",15,13,4,1,0,2,0,0,2,13.3,""2.11"",""0.8"",""-0.14"",""0.14"",""92.2"",190,46.15384615384615,15.384615384615385,13.333333333333334,5.45,-2.71,0.19,2.36,0.6,2,""6.919298246"",0.475,0.788,""-6.919298246"",0.143,0.125,0.289,0.162,7.4,""38.2"",11.073304734711265,-4.243685198980851,35.34238244957643,0.5185185185185185,32.86032984141085,33.3530351592663"
"57,666974,""Cano, Yennier"",596,9.6,0.188,0.063,0.214,0.25,0.22,0.263,0.239,3,16,92.6,-7,1898,93.5,92.9,4,23,34,-0.5999999999999943,5.94,117,148,107,151,288,324,304,""1.922"",""-1.922"",""70.7"",""7.1"",""2.076006067"",17,14,2,1,0,0,2,11.8,1,5.9,""2.75"",""-0.14"",""1.09"",""-1.09"",""94.0"",84,53.84615384615385,0,0,5.47,-2.4,-0.03,1.93,0.235,0,""-3.371929825"",0.287,0.301,""3.371929825"",-0.051,-0.05199999999999999,-0.051,-0.043,17.4,""17.7"",6.982621032614037,3.3222550816165124,35.670674400381415,0.5217391304347826,36.283811636626176,28.90676446162792"
"56,605280,""Holmes, Clay"",898,6.2,0.385,0.308,0.364,0.692,0.477,0.476,0.394,5,13,93.8,-4.3,2051,88.2,87.45,3,30,26,-0.7000000000000028,5.76,105,143,106,151,299,343,307,""-3.038"",""3.038"",""73.7"",""7.6"",""3.349797076"",14,12,3,1,0,1,1,7.1,1,7.1,""2.99"",""-0.03"",""0.31"",""-0.31"",""95.7"",124,66.66666666666666,8.333333333333332,7.142857142857142,6.26,-1.05,-0.03,1.7,0.429,1,""5.425"",0.438,0.689,""-5.425"",-0.009,-0.009000000000000008,0.003,0.001,10,""38.0"",12.017553203715396,-7.722578548531822,31.549392249921638,0.5333333333333333,37.24982068969153,33.740956534709454"
"56,687941,""Gamboa, Alec"",190,29.5,0.267,0.333,0.273,0.6,0.385,0.297,0.222,4,15,88.1,2.1,2088,92.1,92.93,5,35,21,0.8000000000000114,6.58,112,148,123,149,274,306,304,""-0.865"",""0.865"",""68.5"",""6.9"",""1.584341214"",16,12,1,2,0,1,3,18.8,1,6.3,""2.12"",""0.56"",""0.2"",""0.2"",""91.4"",171,33.33333333333333,8.333333333333332,6.25,6.23,1.71,-0.07,2.32,0.313,1,""1.544642857"",0.27,0.423,""-1.544642857"",0.045,0.04299999999999998,0.177,0.088,14.3,""58.6"",4.476391000389068,6.789573324061589,33.69251020271402,0.45714285714285713,37.119959285257494,26.292493245671157"
"56,643410,""Leiter Jr., Mark"",552,10.1,0.091,0,0.25,0.091,0.178,0.217,0.135,1,11,85.1,2,1724,83.5,83.7,15,24,32,0.20000000000000284,6.45,125,145,127,151,292,324,295,""1.677"",""-1.677"",""67.5"",""7.6"",""5.980934711"",13,4,1,0,0,0,7,53.8,1,7.7,""3.34"",""0.01"",""0.23"",""-0.23"",""90.8"",137,50,0,0,5.76,-1.04,-0.24,1.62,0.231,0,""-2.994642857"",0.268,0.153,""2.994642857"",-0.044,-0.037000000000000005,-0.062,-0.039,62.5,""46.2"",14.774430530910747,-18.082752794247916,34.79285821027407,0.17391304347826086,39.2254994044562,41.03426366602863"
"55,671345,""Foley, Jason"",109,50.5,0.231,0.231,0.3,0.462,0.343,0.295,0.216,3,13,83.1,2.8,1842,93.6,94.46,5,28,27,0.9000000000000057,6.64,125,149,113,152,286,320,302,""0.075"",""-0.075"",""68.8"",""6.6"",""1.819922838"",15,10,1,1,1,0,3,20,2,13.3,""2.28"",""0.32"",""0.98"",""-0.98"",""90.8"",166,10,10,6.666666666666667,5.42,-1.92,-0.54,2.47,0.333,1,""-0.136363636"",0.321,0.325,""0.136363636"",0.015,0.01200000000000001,0.137,0.048,17.9,""23.8"",4.374827461880653,10.528879851122907,33.129986555237146,0.35714285714285715,37.73350623221004,25.720455572239654"
"55,702047,""Cook, Alex"",72,76.4,0.167,0.083,0.2,0.25,0.219,0.206,0.153,2,12,90.2,35.2,2223,93.3,93.84,4,24,31,0.5,6.7,115,147,126,153,292,337,309,""1.491"",""-1.491"",""70.9"",""7.1"",""3.337249756"",13,10,1,1,0,0,2,15.4,1,7.7,""1.31"",""1.33"",""0.6"",""-0.6"",""92.5"",197,40,0,0,5.59,-1.23,0.04,2.15,0.231,0,""-2.710909091"",0.218,0.237,""2.710909091"",0.014,0.013000000000000012,0.013,0.013,16.7,""44.8"",11.110558258170377,-3.5477239697871443,32.56389274845164,0.7916666666666666,35.32796222249078,31.26968848410475"
"54,669093,""Estrada, Jeremiah"",421,12.8,0.091,0,0.167,0.091,0.176,0.196,0.108,1,11,82.5,-4.5,1864,91.7,93.15,8,23,31,1.5,7.14,107,144,115,152,296,322,301,""1.407"",""-1.407"",""65.7"",""6.8"",""2.255762882"",13,6,1,0,0,0,5,38.5,2,15.4,""1.51"",""1.25"",""0.27"",""-0.27"",""89.3"",156,16.666666666666664,0,0,5.82,-0.34,-0.14,2.88,0.231,0,""-2.605555556"",0.246,0.132,""2.605555556"",-0.017,-0.014999999999999986,-0.041,-0.02,34.8,""71.2"",5.565494346626029,5.67373847433513,30.816799742216208,0.22727272727272727,35.621547853355,27.418131259398308"
"53,686753,""Jameson, Drey"",266,19.9,0.25,0,0.3,0.25,0.29,0.339,0.299,3,12,79.5,12.6,2250,91.3,90.29,6,22,31,-1,5.75,122,148,120,153,296,323,295,""0.755"",""-0.755"",""73.4"",""7.4"",""2.384708198"",14,10,3,0,0,0,2,14.3,2,14.3,""2.12"",""0.64"",""0.86"",""-0.86"",""90.7"",154,10,0,0,5.54,-2.23,0,2.18,0.357,0,""-1.424528302"",0.399,0.341,""1.424528302"",-0.049,-0.04200000000000004,-0.091,-0.049,27.3,""37.5"",9.495552801368987,0.9932257736080796,29.488919686953643,0.6666666666666666,38.8675025698168,28.859535975510116"
"53,621121,""McCullers Jr., Lance"",793,6.7,0.167,0,0.25,0.167,0.258,0.317,0.224,2,12,83.3,-1.3,2166,86.3,85.73,7,21,32,-0.5999999999999943,5.98,119,149,128,154,291,327,303,""-0.475"",""0.475"",""71.8"",""7.4"",""2.004605438"",15,8,2,0,0,0,4,26.7,3,20,""2.91"",""0.17"",""0.11"",""-0.11"",""89.2"",122,25,0,0,5.21,-1.8,-0.29,2,0.333,0,""0.896226415"",0.38,0.281,""-0.896226415"",-0.057,-0.046999999999999986,-0.114,-0.059,33.3,""28.4"",13.58822132605867,-9.062151378199056,34.67660069731795,0.38095238095238093,36.33645776154099,33.8478302922012"
"53,689017,""Knack, Landon"",90,58.9,0.091,0.273,0,0.364,0.248,0.332,0.187,1,11,91.3,10.6,2178,87.9,87.41,3,26,27,-0.5,5.88,120,148,122,154,285,314,299,""1.022"",""-1.022"",""70.5"",""7.2"",""0.805136508"",14,11,0,0,0,1,1,7.1,1,7.1,""2.18"",""0.79"",""0.34"",""-0.34"",""92.8"",179,45.45454545454545,9.090909090909092,7.142857142857142,5.99,-1.18,-0.12,2.57,0.214,1,""-1.928301887"",0.317,0.407,""1.928301887"",-0.096,-0.10300000000000001,-0.043,-0.084,11.5,""55.7"",7.013431361040832,-2.4462318442053923,28.50919019126241,0.5384615384615384,35.085575060432,29.27278102484155"
"53,657265,""Strzelecki, Peter"",107,49.5,0.3,0.1,0.375,0.4,0.37,0.3,0.176,3,10,84.2,-3,2331,88,88.6,4,22,31,0.5999999999999943,6.8,115,145,112,152,295,322,301,""0.064"",""-0.064"",""67.7"",""7.0"",""2.071390737"",12,8,2,1,0,0,2,16.7,2,16.7,""3.05"",""-0.06"",""0.47"",""-0.47"",""91.4"",88,37.5,12.5,8.333333333333332,4.91,-1.99,-0.18,2.17,0.417,1,""-0.120754717"",0.313,0.35,""0.120754717"",0.124,0.10399999999999998,0.05,0.07,18.2,""20.9"",11.920411202469063,-7.922559289767484,31.823541878152106,0.6190476190476191,36.85578478303182,33.077169764678644"
"52,660271,""Ohtani, Shohei"",1335,3.9,0.455,0.273,0.571,0.727,0.525,0.374,0.28,5,11,90.7,-3.3,2443,93.8,94.78,6,25,27,1,6.66,113,149,116,152,289,312,300,""-3.239"",""3.239"",""72.4"",""7.2"",""1.13404953"",12,8,4,0,0,1,3,25,1,8.3,""1.99"",""0.66"",""0.25"",""-0.25"",""91.0"",157,12.5,12.5,8.333333333333332,5.61,-2.11,-0.08,2.24,0.5,1,""6.228846154"",0.34,0.531,""-6.228846154"",0.175,0.15999999999999998,0.196,0.151,24,""32.0"",1.590517902717479,5.398303216901441,30.123359499754013,0.48,36.705488019495014,24.155598510415718"
"52,691946,""Klassen, George"",228,22.8,0.3,0,0.333,0.3,0.366,0.389,0.308,3,10,76.9,11.1,2086,92,91.5,7,22,30,-0.5,6.28,112,146,115,151,299,327,309,""-0.237"",""0.237"",""71.6"",""6.9"",""2.615521648"",13,9,3,0,0,0,1,7.7,3,23.1,""1.93"",""0.81"",""0.72"",""-0.72"",""90.0"",160,11.11111111111111,0,0,5.85,-2.42,0.17,2.13,0.462,0,""0.455769231"",0.468,0.365,""-0.455769231"",-0.008,-0.006000000000000005,-0.065,-0.023,31.8,""45.2"",9.832614531697612,-6.6256442294064515,28.86330297867945,0.7272727272727273,37.65370919177552,35.01207624667884"
"52,808970,""Go, Woo-Suk"",86,60.5,0.462,0.692,0.571,1.154,0.674,0.424,0.304,6,13,95.7,6.9,2128,90.8,90.93,6,27,25,0.10000000000000853,6.28,124,146,122,153,290,328,300,""-3.205"",""3.205"",""68.4"",""6.8"",""1.680552166"",13,9,1,3,0,2,4,30.8,0,0,""2.14"",""0.63"",""0.29"",""-0.29"",""94.0"",178,66.66666666666666,33.33333333333333,23.076923076923077,5.14,-1.5,0.1,2.34,0.462,3,""6.163461538"",0.304,0.708,""-6.163461538"",0.158,0.15800000000000003,0.446,0.25,22.2,""36.9"",8.92975806043756,-1.9669884114357967,34.75747448058566,0.3333333333333333,32.11522426272664,30.740755887416142"
"48,694753,""Curtis, Khristian"",68,70.6,0.182,0,0.222,0.182,0.206,0.392,0.322,2,11,86,-1.2,2516,89.6,90.18,2,20,28,0.6000000000000085,6.74,118,145,107,151,290,315,305,""1.276"",""-1.276"",""67.6"",""6.7"",""0.40068498"",12,9,2,0,0,0,2,16.7,1,8.3,""2.03"",""0.85"",""0.36"",""-0.36"",""91.2"",142,33.33333333333333,11.11111111111111,8.333333333333332,5.88,-1.75,-0.04,2.36,0.25,1,""-2.658333333"",0.379,0.528,""2.658333333"",-0.14,-0.129,-0.346,-0.186,10,""46.6"",6.208929182473774,3.2306647944075095,32.59330296697999,0.65,35.69960507488587,29.846237754912536"
"48,669713,""Wesneski, Hayden"",157,30.6,0.214,0,0.231,0.214,0.256,0.445,0.392,3,14,83.4,9,2320,86.5,86.94,5,26,22,0.4000000000000057,6.64,118,145,101,150,288,318,291,""0.958"",""-0.958"",""62.5"",""6.5"",""3.882258846"",17,14,3,0,0,0,1,5.9,1,5.9,""2.73"",""0.38"",""-0.22"",""0.22"",""92.6"",164,35.714285714285715,7.142857142857142,5.88235294117647,6.08,-1.28,0.02,2.41,0.313,1,""-1.995833333"",0.468,0.548,""1.995833333"",-0.178,-0.15500000000000003,-0.334,-0.189,19.2,""47.6"",10.383983115494285,-3.890191050479306,33.992519359867714,0.4583333333333333,35.50575979598451,33.92929740889034"
"48,656240,""Blewett, Scott"",166,28.9,0.333,0.111,0.3,0.444,0.37,0.505,0.475,3,9,85.6,11.3,2040,89.9,91.38,4,26,22,1.5,7.04,111,142,114,146,292,319,299,""-0.473"",""0.473"",""69.3"",""7.2"",""1.547525688"",12,10,2,1,0,0,0,0,2,16.7,""2.21"",""0.61"",""0.19"",""-0.19"",""90.6"",184,30,0,0,6.07,-1.96,0.15,2.15,0.417,0,""0.985416667"",0.568,0.575,""-0.985416667"",-0.142,-0.15099999999999997,-0.131,-0.135,15.4,""43.6"",10.028337584495548,1.636249915679321,35.17382324646869,0.48,31.92167494038099,32.80403882504497"
"48,699008,""Kelly, Antwone"",123,39,0.5,0.5,0.5,1,0.648,0.497,0.396,4,8,89.1,6.6,2168,95.7,95.98,4,24,24,0.29999999999999716,6.4,113,144,124,152,303,325,306,""-2.808"",""2.808"",""72.5"",""7.0"",""0.690087672"",10,7,2,1,0,1,1,10,2,20,""1.52"",""0.99"",""0.45"",""-0.45"",""90.6"",191,42.857142857142854,14.285714285714285,10,5.72,-2.03,0.17,2.56,0.6,1,""5.85"",0.516,0.657,""-5.85"",0.104,0.08399999999999996,0.343,0.151,16.7,""38.3"",3.8494380828194332,10.212110786567223,32.90672148544794,0.4166666666666667,34.21728838337919,23.899859470704715"
"48,695034,""Morris, Kade"",210,22.9,0.545,0.273,0.5,0.818,0.599,0.391,0.37,6,11,96.2,14.8,2160,89.6,89.55,0,21,27,0.09999999999999432,6.22,109,143,112,147,291,318,292,""-2.752"",""2.752"",""71.2"",""6.7"",,12,11,5,0,0,1,0,0,1,8.3,""2.58"",""0.3"",""0.5"",""-0.5"",""93.3"",154,63.63636363636363,0,0,5.21,-2.25,-0.32,2.15,0.583,0,""5.733333333"",0.422,0.465,""-5.733333333"",0.175,0.16099999999999998,0.353,0.208,0,""23.4"",6.614315355742315,4.241226723945563,33.433676342005214,0.5714285714285714,36.84589178966477,27.33708223835661"
"47,807743,""Sullivan, Sean"",412,11.4,0.5,0.357,0.5,0.857,0.588,0.546,0.437,7,14,84.3,17.2,2188,83.2,85.99,2,18,29,2.799999999999997,7.7,120,148,112,153,297,338,310,""-4.211"",""4.211"",""68.7"",""7.0"",""1.354369704"",15,13,4,2,0,1,1,6.7,1,6.7,""2.7"",""0.58"",""0.33"",""0.33"",""92.3"",195,23.076923076923077,15.384615384615385,13.333333333333334,5.48,3.24,-0.16,2.29,0.533,2,""8.959574468"",0.474,0.828,""-8.959574468"",0.063,0.05900000000000005,0.029,0.042,11.1,""30.8"",10.80929882454995,-2.509483786122999,35.560853929077375,0.5555555555555556,31.280934735493027,33.26647995227689"
"47,690978,""Fulton, Dax"",239,19.7,0.25,0,0.4,0.25,0.352,0.375,0.21,2,8,96.2,18,2419,89.6,90.36,5,21,26,0.8000000000000114,6.75,113,149,108,149,291,324,295,""-0.656"",""0.656"",""69.4"",""7.3"",""1.957881645"",11,5,2,0,0,0,3,27.3,3,27.3,""2.41"",""0.46"",""-0.45"",""-0.45"",""92.3"",112,80,20,9.090909090909092,6.33,2.57,0.1,2.18,0.455,1,""1.395744681"",0.426,0.383,""-1.395744681"",0.04,0.029000000000000026,-0.133,-0.023,23.8,""45.6"",6.508028708340969,-0.43333605612012993,32.42461818952038,0.47619047619047616,38.35650643602337,30.590371460815447"
"47,696131,""Black, Mason"",419,11.2,0.286,0.429,0.25,0.714,0.503,0.398,0.254,2,7,92.5,9.6,2053,89.9,90.54,2,15,32,0.5999999999999943,6.64,112,147,111,153,300,327,292,""-1.77"",""1.77"",""71.6"",""7.1"",""0.686390202"",10,5,1,0,0,1,2,20,3,30,""2.32"",""0.52"",""0.57"",""-0.57"",""93.6"",194,60,0,0,5.04,-2.27,-0.07,2.98,0.5,0,""3.765957447"",0.478,0.372,""-3.765957447"",0.032,0.02200000000000002,0.342,0.105,13.3,""26.5"",10.434927997343676,-2.7680802885090667,31.0117893213927,0.4666666666666667,32.317892423879165,32.417066581461576"
"46,664129,""Hartlieb, Geoff"",217,21.2,0.25,0.25,0.286,0.5,0.406,0.447,0.344,2,8,93.7,8.3,2402,91.1,91.31,2,13,33,0.20000000000000284,6.26,117,145,112,150,295,327,303,""-1.347"",""1.347"",""64.5"",""6.6"",""4.511541678"",13,7,1,0,1,0,2,15.4,4,30.8,""2.03"",""0.72"",""0.21"",""-0.21"",""93.6"",145,57.14285714285714,0,0,6.17,-2.38,0.11,1.67,0.462,0,""2.92826087"",0.534,0.431,""-2.92826087"",-0.094,-0.07200000000000001,0.069,-0.041,15.4,""41.6"",1.3330221684771635,0.8332019338488317,34.02556591100504,0.6153846153846154,33.61147892539002,29.088803690644706"
"45,656234,""Bird, Jake"",557,8.1,0.714,0.143,0.714,0.857,0.691,0.59,0.449,5,7,94.1,30.1,2588,88.7,88.15,2,16,29,-0.5,6.07,107,139,116,145,291,330,293,""-2.748"",""2.748"",""71.3"",""7.2"",""0.779199888"",10,7,4,1,0,0,0,0,3,30,""2.88"",""0.08"",""-0.02"",""0.02"",""94.7"",217,57.14285714285714,28.57142857142857,20,5.37,-2.36,-0.35,2.55,0.8,2,""6.106666667"",0.614,0.836,""-6.106666667"",0.265,0.18600000000000005,0.021,0.101,12.5,""21.7"",15.40172687757697,-5.425117701687962,34.86962301847376,0.5625,35.96602938369632,33.580763879675516"
"45,676680,""Cosgrove, Tom"",144,31.3,0.154,0,0.182,0.154,0.179,0.219,0.175,2,13,85.1,24.2,2729,74.7,74.04,5,25,20,-0.7000000000000028,5.86,118,147,109,153,295,326,301,""2.132"",""-2.132"",""70.4"",""7.6"",""2.323159123"",14,11,2,0,0,0,2,14.3,0,0,""3.96"",""0.2"",""-1.18"",""-1.18"",""91.6"",158,45.45454545454545,0,0,4.62,2.85,0.07,2.36,0.214,0,""-4.737777778"",0.234,0.242,""4.737777778"",-0.021,-0.020000000000000018,-0.088,-0.04,20,""10.0"",16.036985719751605,-17.695864814401762,31.085133294476957,0.52,35.02664390790107,41.46806562851588"
"45,700363,""Smith-Shawver, AJ"",69,65.2,0.273,0,0.3,0.273,0.259,0.352,0.25,3,11,93.3,16.5,1979,91.2,91.28,1,21,24,0.09999999999999432,6.62,105,146,113,149,296,326,308,""-0.169"",""0.169"",""72.1"",""7.2"",""10.409291784"",13,10,3,0,0,0,2,15.4,1,7.7,""2.06"",""0.77"",""0.74"",""-0.74"",""94.7"",177,60,10,7.6923076923076925,5.77,-2.22,0.33,2.59,0.308,1,""0.375555556"",0.313,0.51,""-0.375555556"",0.023,-0.0050000000000000044,-0.237,-0.093,4.8,""39.0"",11.782232536066708,-6.658402336849867,34.61601650961865,0.5,34.25203663746931,33.64019553822636"
"44,695001,""Santa, Alimber"",239,18.4,0.375,0.375,0.25,0.75,0.425,0.315,0.309,3,8,89,7.4,2469,87.9,87.93,2,26,18,0,6.15,113,137,105,144,295,323,303,""-0.859"",""0.859"",""72.7"",""7.3"",""1.608729888"",9,9,2,0,0,1,0,0,0,0,""2.74"",""0.23"",""-0.49"",""0.49"",""91.3"",112,33.33333333333333,0,0,5.69,-0.82,-0.19,2.43,0.333,0,""1.952272727"",0.28,0.498,""-1.952272727"",0.066,0.05299999999999999,0.252,0.11,7.7,""31.8"",9.416806963716452,-3.5364195211730753,34.35023573474502,0.6538461538461539,34.167174235270366,33.58407655898203"
"44,656986,""Sousa, Bennett"",179,24.6,0.333,0.111,0.333,0.444,0.403,0.362,0.209,3,9,83.2,14.9,2337,89,89.05,5,22,22,0.09999999999999432,6.36,118,147,105,153,284,323,294,""-0.489"",""0.489"",""71.1"",""7.5"",""2.192694703"",11,9,2,1,0,0,0,0,2,18.2,""2.48"",""0.42"",""-0.07"",""-0.07"",""92.2"",163,33.33333333333333,22.22222222222222,18.181818181818183,6.41,0.89,-0.09,2.04,0.455,2,""1.111363636"",0.352,0.481,""-1.111363636"",0.124,0.10300000000000004,-0.037,0.041,22.7,""56.7"",15.913556286391078,-10.704768283408198,34.80586571715211,0.4,33.453791409021,35.40922147317396"
"44,691769,""Abner, Philip"",220,20,0.167,0,0.2,0.167,0.148,0.25,0.204,2,12,92.4,18.3,2335,85.3,85.55,5,25,19,0.29999999999999716,6.51,106,145,115,150,303,322,291,""1.53"",""-1.53"",""72.0"",""7.5"",""2.031095412"",12,10,2,0,0,0,2,16.7,0,0,""2.72"",""0.45"",""-0.49"",""-0.49"",""92.1"",179,40,10,8.333333333333332,5.47,2.85,-0.28,2.42,0.167,1,""-3.477272727"",0.204,0.394,""3.477272727"",-0.037,-0.03699999999999998,-0.227,-0.102,20,""35.5"",10.111327646646929,-4.927965105539018,32.152491711269334,0.52,38.11106830808588,34.40924219899552"
"43,676254,""Walker, Ryan"",500,8.6,0.4,0.3,0.444,0.7,0.502,0.294,0.202,4,10,87.1,4,2229,92.4,92.89,3,19,24,0.5,6.41,114,145,117,149,296,326,307,""-1.993"",""1.993"",""71.3"",""7.1"",""3.626733364"",12,9,2,1,1,0,1,8.3,2,16.7,""2.42"",""0.26"",""0.52"",""-0.52"",""91.8"",167,44.44444444444444,11.11111111111111,8.333333333333332,4.97,-3.37,-0.07,2.16,0.5,1,""4.634883721"",0.335,0.298,""-4.634883721"",0.198,0.16499999999999998,0.402,0.208,15.8,""16.1"",5.932159457825929,6.48549211670986,35.658339155058954,0.3157894736842105,39.37464726187217,25.837713043314448"
"42,656945,""Scott, Tanner"",701,6,0.231,0,0.333,0.231,0.205,0.281,0.279,3,13,82.5,3.7,2604,91.7,91.93,10,25,17,0.20000000000000284,6.22,123,150,112,153,281,315,303,""1.055"",""-1.055"",""66.5"",""7.0"",""3.911881151"",13,9,3,0,0,0,4,30.8,0,0,""2.18"",""0.53"",""-0.13"",""-0.13"",""92.5"",165,33.33333333333333,11.11111111111111,7.6923076923076925,5.19,2.5,-0.31,2.15,0.231,1,""-2.511904762"",0.279,0.37,""2.511904762"",-0.048,-0.048000000000000015,-0.139,-0.076,40,""33.6"",8.780605747653041,-5.19328958046763,30.417674754059693,0.48,37.75316892713795,33.28437138382853"
"42,664875,""Lawrence, Justin"",688,6.1,0.2,0.6,0,0.8,0.537,0.535,0.221,1,5,84,17.7,2675,88.1,88.7,4,15,27,0.6000000000000085,6.54,117,147,124,152,299,331,310,""-2.555"",""2.555"",""68.7"",""7.1"",""7.126516414"",9,3,0,0,0,1,2,22.2,4,44.4,""2.89"",""0.07"",""-0.2"",""0.2"",""93.1"",168,33.33333333333333,33.33333333333333,11.11111111111111,4.38,-2.84,-0.27,1.92,0.556,1,""6.083333333"",0.567,0.761,""-6.083333333"",-0.021,-0.010999999999999899,0.039,0.002,26.7,""0.9"",10.148347687033077,-3.6383397942513795,37.67159609169754,0.4666666666666667,32.787929576601634,27.633869261915915"
"42,693313,""Seymour, Carson"",174,24.1,0.286,0.429,0.2,0.714,0.481,0.323,0.211,2,7,79.1,6.5,2172,93.5,94.17,3,18,24,0.7000000000000028,6.62,116,148,115,152,290,316,301,""-0.911"",""0.911"",""69.3"",""6.9"",""2.28604386"",9,6,1,0,0,1,1,11.1,2,22.2,""2.22"",""0.39"",""0.4"",""-0.4"",""89.0"",140,16.666666666666664,0,0,5.88,-2.7,0.2,2.52,0.444,0,""2.169047619"",0.387,0.285,""-2.169047619"",0.075,0.056999999999999995,0.429,0.158,16.7,""37.6"",11.199799197702108,5.999233476779495,32.58742223611431,0.5294117647058824,34.292124486400276,28.508548369033324"
"42,668941,""Romero, JoJo"",729,5.8,0.273,0.091,0.333,0.364,0.343,0.477,0.323,3,11,91.3,8.7,2585,88.6,87.22,4,21,21,-1.3999999999999915,5.35,115,140,107,144,300,317,302,""0.154"",""-0.154"",""62.9"",""6.8"",""6.261513411"",13,9,2,1,0,0,2,15.4,1,7.7,""2.91"",""0.02"",""-0.06"",""-0.06"",""93.7"",158,55.55555555555556,22.22222222222222,15.384615384615385,5.16,2.16,0.25,2.45,0.385,2,""-0.366666667"",0.427,0.713,""0.366666667"",-0.05,-0.04199999999999998,-0.349,-0.134,19,""27.4"",6.280377615639973,7.3166679038982325,33.791980394187185,0.3684210526315789,36.74790926101757,28.49795628304631"
"41,596001,""Junis, Jakob"",588,7,0.364,0,0.4,0.364,0.355,0.391,0.375,4,11,83.1,17.3,2003,86.8,86.45,2,17,24,-0.3999999999999915,6.01,113,145,99,152,297,327,305,""-0.257"",""0.257"",""71.0"",""7.3"",""1.535617764"",12,10,4,0,0,0,1,8.3,1,8.3,""2.73"",""0.32"",""-0.09"",""0.09"",""89.4"",121,20,0,0,5.63,-1.91,-0.25,2.24,0.417,0,""0.626829268"",0.427,0.458,""-0.626829268"",-0.011,-0.010000000000000009,-0.094,-0.036,11.8,""30.6"",11.852801773569334,-2.5625832831758792,31.74170833490259,0.4117647058823529,38.28494988592026,32.71551831145856"
"41,663568,""Kolek, Stephen"",838,4.9,0.5,0.375,0.5,0.875,0.579,0.279,0.275,4,8,84.8,9.6,2275,91.9,92.05,3,20,21,0.19999999999998863,6.21,106,146,103,151,285,319,295,""-2.244"",""2.244"",""68.1"",""7.0"",""0.58502552"",8,8,2,1,1,0,0,0,0,0,""2.07"",""0.64"",""0.29"",""-0.29"",""90.3"",161,12.5,0,0,5.38,-1.8,-0.05,2.55,0.5,0,""5.473170732"",0.275,0.366,""-5.473170732"",0.225,0.22499999999999998,0.509,0.3,15,""34.5"",7.2454863988025915,4.619498369738849,32.928903055196855,0.4,34.9021920046651,24.921790542437847"
"41,656212,""Barnes, Charlie"",201,20.4,0.167,0,0.2,0.167,0.191,0.334,0.301,2,12,98.4,4,2220,86.6,85.37,6,18,23,-1.1999999999999886,5.51,107,148,111,154,286,322,298,""1.662"",""-1.662"",""71.5"",""7.3"",""4.910886184"",13,10,2,0,0,0,2,15.4,1,7.7,""2.59"",""0.46"",""0.53"",""0.53"",""97.7"",139,80,10,7.6923076923076925,5.5,1.99,-0.38,2.11,0.231,1,""-4.053658537"",0.355,0.408,""4.053658537"",-0.134,-0.12399999999999997,-0.241,-0.143,33.3,""22.6"",7.910286813214439,-0.10184546352402313,36.47089585720715,0.5,36.693469767943036,27.450987250310895"
"41,623352,""Hader, Josh"",390,10.5,0.222,0,0.286,0.222,0.289,0.293,0.179,2,9,86.5,31.9,2303,92.4,92.99,2,17,24,0.5999999999999943,6.76,113,142,101,148,293,323,298,""0.623"",""-0.623"",""66.3"",""7.1"",""0.889218186"",11,7,2,0,0,0,2,18.2,2,18.2,""1.48"",""1.22"",""0.57"",""0.57"",""91.2"",185,28.57142857142857,14.285714285714285,9.090909090909092,5.7,2.95,-0.32,2.63,0.364,1,""-1.519512195"",0.329,0.298,""1.519512195"",0.043,0.034999999999999976,-0.076,-0.004,11.8,""31.1"",9.693696086256846,-2.3320385459088873,26.120410025480776,0.8823529411764706,38.88714697647347,29.86522459455876"
"40,814305,""Tur, Yunior"",87,46,0.625,0.375,0.714,1,0.692,0.636,0.494,5,8,91.1,28.9,1497,90.9,92.44,10,22,18,1.5,7.21,117,146,123,150,298,326,297,""-3.402"",""3.402"",""68.6"",""7.3"",""2.34193913"",10,7,3,1,1,0,1,10,2,20,""2.04"",""0.73"",""0.33"",""-0.33"",""93.2"",259,42.857142857142854,28.57142857142857,20,5.99,-0.45,-0.08,2.3,0.7,2,""8.505"",0.596,0.977,""-8.505"",0.131,0.10399999999999998,0.023,0.056,45.5,""54.4"",10.035565461514071,-0.4524684275932067,32.90496356894879,0.6363636363636364,35.6820030168272,31.41758495152903"
"40,642152,""Trivino III, Lou"",144,27.8,0.6,0.6,0.667,1.2,0.735,0.483,0.197,3,5,87.6,-2.8,2078,87.4,87.71,3,12,28,0.29999999999999716,6.24,115,147,128,148,288,328,302,""-2.81"",""2.81"",""66.2"",""7.2"",""6.623532072"",9,4,2,0,0,1,1,11.1,4,44.4,""2.65"",""0.35"",""0.12"",""-0.12"",""91.9"",127,50,25,11.11111111111111,6.19,-1.39,-0.49,2.64,0.778,1,""7.025"",0.554,0.555,""-7.025"",0.403,0.22399999999999998,0.645,0.252,25,""36.9"",12.315220441130988,-10.211673453061557,34.64270306146426,0.5,35.12876031063124,33.886355538101796"
"39,694341,""Beck, Brendan"",139,28.1,0.286,0.571,0.333,0.857,0.5,0.363,0.191,2,7,96.2,28.5,1945,87.7,88.53,8,18,21,0.7999999999999972,6.59,118,148,117,153,295,331,292,""-0.829"",""0.829"",""68.0"",""7.2"",""4.189197753"",8,4,0,1,0,1,3,37.5,1,12.5,""2.25"",""0.74"",""0.34"",""-0.34"",""91.6"",265,50,50,25,6.02,-2.75,-0.34,2.62,0.375,2,""2.125641026"",0.292,0.569,""-2.125641026"",0.095,0.08300000000000002,0.288,0.137,44.4,""45.7"",9.626888050109002,-3.4388482757238936,29.65725298694647,0.4444444444444444,34.83445112248099,31.305197837796158"
"39,683742,""Franco, Jose"",348,11.2,0,0,0,0,0.078,0.296,0.23,0,8,93.9,11.2,2194,89.1,89.41,3,13,26,0.30000000000001137,6.35,118,148,103,151,289,318,291,""1.602"",""-1.602"",""65.2"",""7.1"",""5.682417498"",9,6,0,0,0,0,2,22.2,1,11.1,""2.13"",""0.74"",""0.5"",""-0.5"",""91.9"",184,33.33333333333333,0,0,5.83,-1.31,0.05,1.9,0.111,0,""-4.107692308"",0.315,0.34,""4.107692308"",-0.23,-0.20400000000000001,-0.34,-0.218,23.1,""34.0"",9.087272862343442,-3.0703727907585456,34.633967482900196,0.5,32.15209973003911,29.855209505298912"
"39,700249,""Povich, Cade"",453,8.6,0.455,0.364,0.444,0.818,0.543,0.481,0.347,5,11,91.2,17.7,2411,88.7,88.89,1,19,20,0.20000000000000284,6.38,119,147,116,150,298,328,312,""-1.878"",""1.878"",""67.5"",""6.6"",,11,10,3,1,0,1,1,9.1,0,0,""2.04"",""0.87"",""0.27"",""0.27"",""92.8"",202,50,10,9.090909090909092,5.85,1.26,-0.3,2.41,0.455,1,""4.815384615"",0.347,0.802,""-4.815384615"",0.108,0.10800000000000004,0.016,0.062,5.3,""44.8"",4.61239608430384,9.522442176097321,30.769342289859807,0.5555555555555556,36.52134775372473,27.966264667805834"
"39,677020,""Walker, Josh"",202,19.3,0.308,0.231,0.3,0.538,0.363,0.251,0.222,4,13,91.2,7,2089,87.2,88.87,5,29,10,1.7000000000000028,7.22,117,147,113,149,299,319,300,""-0.377"",""0.377"",""65.2"",""6.6"",""3.029322819"",13,11,3,0,0,1,2,15.4,0,0,""2.41"",""0.61"",""0.13"",""0.13"",""91.0"",146,36.36363636363637,9.090909090909092,7.6923076923076925,6.07,2.92,-0.04,2.62,0.308,1,""0.966666667"",0.222,0.366,""-0.966666667"",0.086,0.086,0.172,0.112,17.2,""41.4"",1.9326854432218106,-9.7669122289362,31.27807866363941,0.41379310344827586,34.479661167291326,30.61419496720366"
"39,681810,""Warren, Austin"",652,6,0.625,0.75,0.571,1.375,0.811,0.614,0.449,5,8,92.2,4.5,2475,90.2,90.46,4,21,18,0.29999999999999716,6.42,118,149,119,152,297,319,307,""-4.509"",""4.509"",""73.0"",""7.3"",""0.820422804"",10,8,1,3,0,1,0,0,2,20,""2.47"",""0.35"",""0.28"",""-0.28"",""93.6"",163,50,25,20,4.92,-2.33,-0.22,2.57,0.7,2,""11.561538462"",0.559,0.956,""-11.561538462"",0.176,0.1409999999999999,0.419,0.197,19,""25.7"",8.849322123445141,3.158048865396796,32.31575694149886,0.5714285714285714,36.62933625706099,30.376033784581352"
"39,682982,""Espino, Daniel"",120,32.5,0.167,0,0.25,0.167,0.286,0.383,0.303,1,6,81.8,-0.5,2406,93.9,94.24,4,17,22,0.29999999999999716,6.63,115,149,110,151,284,318,305,""0.12"",""-0.12"",""71.4"",""7.1"",""3.241766724"",8,4,1,0,0,0,2,25,2,25,""1.86"",""0.81"",""0.22"",""-0.22"",""91.9"",157,50,0,0,5.84,-1.58,-0.16,2.6,0.375,0,""-0.307692308"",0.477,0.333,""0.307692308"",-0.136,-0.10199999999999998,-0.166,-0.097,23.5,""42.8"",13.123765055470967,-2.8563344165372753,32.727675982164065,0.5294117647058824,35.418297187667704,35.485192278122"
"38,669298,""Shook, TJ"",101,37.6,0.5,0.25,0.667,0.75,0.555,0.406,0.384,4,8,95.9,2.8,2013,87.8,88.7,4,22,16,0.9000000000000057,6.76,117,149,117,152,289,322,303,""-2.003"",""2.003"",""65.5"",""6.9"",""2.48482316"",9,6,2,2,0,0,2,22.2,1,11.1,""2.21"",""0.76"",""0.5"",""-0.5"",""91.3"",160,33.33333333333333,0,0,5.55,-1.9,-0.1,2.42,0.556,0,""5.271052632"",0.453,0.479,""-5.271052632"",0.116,0.10300000000000004,0.271,0.149,18.2,""30.9"",4.822802084641355,4.048784948396459,33.39260854608482,0.45454545454545453,34.46099147276523,24.832962412131643"
"38,605540,""Woodruff, Brandon"",643,5.9,0.111,0.333,0,0.444,0.274,0.268,0.12,1,9,83.9,12.8,2054,84.8,84.95,8,19,19,0.10000000000000853,6.4,126,149,128,154,305,340,313,""0.222"",""-0.222"",""72.0"",""7.6"",""1.520305137"",10,5,0,0,0,1,4,40,1,10,""2.11"",""1.1"",""0.58"",""-0.58"",""90.0"",181,20,20,10,5.94,-1.61,-0.34,2.52,0.2,1,""-0.584210526"",0.208,0.419,""0.584210526"",-0.009,-0.00799999999999998,0.025,0.006,42.1,""40.5"",14.255543849997782,-11.441767832553428,29.29035746108963,0.6842105263157895,37.444833396614385,37.33243642246318"
"37,674003,""Bradford, Cody"",70,52.9,0.364,0,0.444,0.364,0.355,0.323,0.273,4,11,92.4,21.9,1912,83.9,85.11,2,14,23,1.1999999999999886,7.08,113,147,109,152,295,330,304,""-0.079"",""0.079"",""69.8"",""7.0"",,12,9,4,0,0,0,2,16.7,1,8.3,""2.41"",""0.86"",""0.4"",""0.4"",""94.1"",186,44.44444444444444,0,0,6.19,0.92,-0.2,2.28,0.417,0,""0.213513514"",0.334,0.398,""-0.213513514"",0.091,0.08299999999999996,-0.034,0.032,14.3,""51.4"",10.476781910700403,0.2984393408156176,34.49215916972732,0.7142857142857143,31.598964018974165,28.89246453678091"
"36,684665,""Murphy, Luke"",60,60,0,0,0,0,0.199,0.232,0.043,0,5,78.7,15.7,2148,94,94.03,4,12,24,0,6.47,118,148,110,151,305,331,312,""0.635"",""-0.635"",""69.1"",""6.4"",""0.289893029"",7,3,0,0,0,0,2,28.6,2,28.6,""1.62"",""0.98"",""0.71"",""-0.71"",""88.9"",166,0,0,0,5.89,-1.93,0.11,2.77,0.286,0,""-1.763888889"",0.317,0.064,""1.763888889"",-0.043,-0.031000000000000028,-0.064,-0.033,33.3,""43.0"",3.993746365938854,14.304372788020604,30.80241246720093,0.5,36.74439418806513,21.65136936388022"
"36,671162,""Thomas, Connor"",138,26.1,0.6,0.3,0.556,0.9,0.59,0.223,0.243,6,10,88.5,4.6,2567,87.3,87.13,3,16,20,-0.20000000000000284,6.13,111,142,113,148,299,320,296,""-2.227"",""2.227"",""69.6"",""6.7"",""5.106023324"",11,10,5,0,0,1,1,9.1,0,0,""2.83"",""0.18"",""0.13"",""0.13"",""93.3"",130,50,0,0,5.04,1.42,-0.49,2.08,0.545,0,""6.186111111"",0.223,0.312,""-6.186111111"",0.357,0.32200000000000006,0.588,0.367,18.8,""30.4"",6.866807390924251,8.715119350295794,34.16356848408072,0.3125,37.02962294062211,26.364859484547317"
"36,676661,""Lazar, Max"",128,28.1,0.286,0.429,0.2,0.714,0.481,0.33,0.16,2,7,93.4,8.8,1919,88.7,90.17,2,17,19,1.5,6.98,103,145,120,148,287,323,296,""-0.702"",""0.702"",""70.9"",""6.8"",""0.993787644"",9,6,1,0,0,1,1,11.1,2,22.2,""2.29"",""0.61"",""0.47"",""-0.47"",""91.1"",157,33.33333333333333,16.666666666666664,11.11111111111111,5.92,-0.59,-0.25,2.69,0.444,1,""1.95"",0.346,0.369,""-1.95"",0.126,0.09800000000000003,0.345,0.151,11.8,""54.7"",8.4090259172093,2.4663126836721103,35.10493205266842,0.4117647058823529,35.22923466742555,27.53234629134698"
"36,519141,""Pomeranz, Drew"",494,7.3,0.364,0.273,0.333,0.636,0.429,0.4,0.341,4,11,87.1,27.4,2480,90.2,89.48,1,23,13,-0.7000000000000028,5.74,115,141,110,146,292,322,304,""-0.512"",""0.512"",""69.4"",""7.0"",""0.34952454"",11,10,3,0,0,1,1,9.1,0,0,""1.78"",""1.03"",""0.13"",""0.13"",""91.0"",174,33.33333333333333,22.22222222222222,18.181818181818183,6.07,2.04,-0.16,2.67,0.364,2,""1.422222222"",0.341,0.61,""-1.422222222"",0.023,0.022999999999999965,0.026,0.029,4.3,""37.6"",7.098411570218955,1.0249490145244495,29.46283124458254,0.6521739130434783,39.634578155860304,29.016439851003433"
"36,669145,""Zimmermann, Bruce"",72,50,0.385,0.154,0.417,0.538,0.399,0.269,0.279,5,13,86.6,18.4,2394,86.7,86.63,1,19,17,-0.10000000000000853,6.1,126,147,99,152,298,314,301,""-0.835"",""0.835"",""70.0"",""7.2"",""5.034253008"",13,12,3,2,0,0,1,7.7,0,0,""2.79"",""0.24"",""0.48"",""0.48"",""91.3"",160,25,0,0,5.93,1.6,0.08,2.37,0.385,0,""2.319444444"",0.279,0.343,""-2.319444444"",0.106,0.10599999999999998,0.195,0.13,5.3,""41.6"",11.95542686965952,2.4075681414705308,31.38256302851509,0.5555555555555556,37.34220280304643,28.139482333976243"
"36,695549,""Jobe, Jackson"",71,50.7,0,0,0,0,0.078,0.335,0.222,0,8,95.5,18.2,2471,92.6,92.56,5,17,19,0,6.05,121,147,117,151,289,326,304,""1.741"",""-1.741"",""72.3"",""7.4"",""2.110683675"",9,6,0,0,0,0,2,22.2,1,11.1,""1.96"",""0.72"",""0.32"",""-0.32"",""94.4"",141,66.66666666666666,16.666666666666664,11.11111111111111,5.81,-1.7,0.04,2.55,0.111,1,""-4.836111111"",0.308,0.467,""4.836111111"",-0.222,-0.197,-0.467,-0.257,29.4,""39.5"",7.966677794808165,-3.398815700421743,36.86728208303979,0.6470588235294118,33.85420936540505,29.428702880276436"
"35,640454,""Krook, Matt"",181,19.3,0.222,0.333,0.167,0.556,0.394,0.306,0.187,2,9,79.4,15.9,2429,85.6,85.23,3,13,22,-0.3999999999999915,6.01,119,146,110,153,300,331,310,""-0.695"",""0.695"",""68.7"",""7.8"",""10.150306972"",11,7,1,0,0,1,2,18.2,2,18.2,""3.05"",""0.08"",""-0.14"",""-0.14"",""91.3"",151,28.57142857142857,0,0,6.08,3.36,-0.26,1.92,0.364,0,""1.985714286"",0.335,0.324,""-1.985714286"",0.035,0.02899999999999997,0.232,0.088,23.1,""28.8"",17.338055573670136,-15.925913419205056,35.30529237606498,0.5,37.39512368679023,39.865059260188154"
"35,694646,""McDermott, Chayce"",78,44.9,0,0,0,0,0.116,0.31,0.183,0,5,75.5,5.4,2373,90.6,91.32,3,19,16,0.7000000000000028,6.52,120,150,124,152,282,311,306,""0.31"",""-0.31"",""66.1"",""6.7"",""2.945640316"",7,5,0,0,0,0,1,14.3,1,14.3,""2.13"",""0.65"",""-0.07"",""0.07"",""89.4"",168,20,20,14.285714285714285,5.66,-1.86,-0.35,2.63,0.167,1,""-0.885714286"",0.319,0.376,""0.885714286"",-0.183,-0.152,-0.376,-0.194,15.8,""42.9"",2.492322814095035,5.243282079587469,30.465066140552658,0.3157894736842105,37.71041218885672,27.465451490479072"
"35,695380,""Hoppe, Alex"",504,6.9,0.222,0,0.333,0.222,0.248,0.255,0.217,2,9,94.3,4,2255,93.7,94.09,4,16,19,0.3999999999999915,6.38,119,143,116,150,288,320,303,""0.351"",""-0.351"",""66.9"",""6.7"",""1.297866488"",10,6,2,0,0,0,3,30,1,10,""2.18"",""0.43"",""0.05"",""-0.05"",""92.3"",123,50,0,0,5.71,-1.23,0.14,2.23,0.3,0,""-1.002857143"",0.295,0.254,""1.002857143"",0.005,0.0050000000000000044,-0.032,-0.007,25,""51.7"",3.601190599522633,6.318799079445601,34.41146495671322,0.3125,37.387040185670585,25.68042188183782"
"35,668834,""McGee, Easton"",119,29.4,0.455,0.455,0.444,0.909,0.587,0.363,0.269,5,11,85.4,13.4,2318,86.8,88.05,2,23,12,1.2999999999999972,6.77,116,148,116,152,290,327,294,""-3.31"",""3.31"",""71.2"",""7.2"",""0.571946802"",12,10,2,2,0,1,1,8.3,1,8.3,""2.64"",""0.37"",""0.1"",""-0.1"",""91.9"",191,20,10,8.333333333333332,5.58,-1.41,0.06,2.27,0.5,1,""9.457142857"",0.33,0.509,""-9.457142857"",0.186,0.16999999999999998,0.4,0.224,8.7,""24.3"",13.356861301460214,-5.0482636517436035,36.69736615231204,0.391304347826087,33.50705694916144,32.417230278031724"
"35,642048,""Saucedo, Tayler"",96,36.5,0.25,0,0.667,0.25,0.275,0.183,0.127,2,8,80.9,-13.7,2343,87.3,87.48,10,17,18,0.20000000000000284,6.55,115,147,113,153,295,325,307,""0.208"",""-0.208"",""64.2"",""7.2"",""5.371976381"",9,3,2,0,0,0,5,55.6,1,11.1,""2.5"",""0.52"",""0.21"",""0.21"",""88.7"",105,0,0,0,5.26,2.26,-0.86,2,0.333,0,""-0.594285714"",0.224,0.139,""0.594285714"",0.123,0.10900000000000001,0.111,0.092,58.8,""22.7"",8.044359458355096,-1.977289278635122,28.588680953865694,0.7058823529411765,40.22195317273462,31.10225482879258"
"34,679358,""Orze, Eric"",685,5,0.25,0.25,0.2,0.5,0.419,0.516,0.453,1,4,84.6,6.7,2147,87.4,88.3,1,10,24,0.8999999999999915,7.01,117,143,105,148,296,323,287,""-0.82"",""0.82"",""65.7"",""7.5"",""0.770517576"",9,6,0,1,0,0,0,0,3,33.3,""2.48"",""0.55"",""0.54"",""-0.54"",""92.8"",168,50,16.666666666666664,11.11111111111111,5.74,-1.81,-0.39,2.48,0.5,1,""2.411764706"",0.603,0.734,""-2.411764706"",-0.203,-0.10299999999999998,-0.234,-0.097,10,""42.7"",10.884713182731835,-1.1702443980917918,31.594034416138264,0.5555555555555556,37.98083001697382,28.63935264775048"
"34,690986,""Harrison, Kyle"",1527,2.2,0.25,0.125,0.333,0.375,0.269,0.22,0.21,2,8,91.6,-5,2243,89.1,89.61,5,18,16,0.5,6.66,122,150,123,153,300,332,311,""0.316"",""-0.316"",""70.5"",""7.1"",""7.121717618"",8,6,1,1,0,0,2,25,0,0,""2.43"",""0.5"",""0.23"",""0.23"",""93.5"",164,50,0,0,4.95,2.87,0.11,2.33,0.25,0,""-0.929411765"",0.21,0.304,""0.929411765"",0.04,0.04000000000000001,0.071,0.049,27.8,""30.3"",12.672136517414263,-4.447396014468994,29.71001390808829,0.3888888888888889,34.50723760277713,35.39000634982888"
"34,656756,""Montgomery, Jordan"",79,43,0.222,0,0.25,0.222,0.198,0.334,0.355,2,9,89.1,-2.3,2243,86.4,87.16,2,16,18,0.7999999999999972,6.79,108,144,113,152,301,334,305,""1.424"",""-1.424"",""69.9"",""7.1"",""0.998739732"",9,8,2,0,0,0,1,11.1,0,0,""2.6"",""0.47"",""0.36"",""0.36"",""91.1"",111,25,0,0,6.42,1.53,-0.29,2.23,0.222,0,""-4.188235294"",0.355,0.414,""4.188235294"",-0.133,-0.13299999999999998,-0.192,-0.136,12.5,,10.566981793349314,-0.9771224981158229,34.09958068534032,0.6666666666666666,33.49945883771152,32.136968038878045"
"34,681676,""Fernandez, Ryan"",236,14.4,0.222,0.222,0.286,0.444,0.28,0.181,0.167,2,9,92.5,25.6,2162,89.2,89.6,3,17,17,0.3999999999999915,6.39,112,141,103,150,295,315,297,""0.494"",""-0.494"",""68.1"",""7.7"",""2.473430356"",9,7,0,2,0,0,2,22.2,0,0,""2.22"",""0.64"",""0.21"",""-0.21"",""91.6"",184,57.14285714285714,0,0,5.92,-1.87,-0.03,2.13,0.222,0,""-1.452941176"",0.167,0.252,""1.452941176"",0.055,0.05499999999999999,0.192,0.099,17.6,""59.0"",16.29982740858527,-14.091380131651341,31.36793673396354,0.47058823529411764,35.232408323079206,39.506907064181526"
"32,642546,""Hernández, Jonathan"",380,8.4,0,0,0,0,0,0.035,0.038,0,7,91.3,40,2319,92.9,93.19,4,20,12,0.29999999999999716,6.43,107,147,119,152,283,315,302,""1.831"",""-1.831"",""73.8"",""8.1"",""4.612305532"",7,4,0,0,0,0,3,42.9,0,0,""2.12"",""0.53"",""0.23"",""-0.23"",""91.8"",144,50,0,0,5.58,-2.15,0.24,1.85,0,0,""-5.721875"",0.038,0.043,""5.721875"",-0.038,-0.038,-0.043,-0.035,20,""32.5"",18.75580414262589,-15.9650020946924,32.3932289642413,0.4,33.45499991608545,41.026355780006675"
"31,693713,""Teodo, Emiliano"",43,72.1,0.6,0.2,0.75,0.8,0.633,0.49,0.392,3,5,92.6,2.3,2344,96,95.6,1,11,20,-0.4000000000000057,5.91,120,144,115,151,302,330,307,""-1.866"",""1.866"",""72.2"",""7.3"",""0.784037604"",7,4,2,1,0,0,1,14.3,2,28.6,""2.07"",""0.4"",""0.88"",""-0.88"",""93.3"",128,50,0,0,5.57,-0.97,0.02,2.25,0.714,0,""6.019354839"",0.566,0.549,""-6.019354839"",0.208,0.14800000000000002,0.251,0.143,9.1,""38.7"",8.703806617910878,-5.4767028139004275,30.931606397965304,0.5,34.74340389992079,33.166965075190625"
"31,471911,""Carrasco, Carlos"",246,12.6,0.333,0,0.4,0.333,0.397,0.525,0.487,2,6,92.9,12.8,2079,88.7,90.03,5,14,17,1.2999999999999972,6.81,112,146,120,154,309,324,309,""-0.429"",""0.429"",""72.2"",""7.3"",""1.965357981"",8,5,2,0,0,0,1,12.5,2,25,""2.28"",""0.6"",""0.35"",""-0.35"",""92.2"",149,40,0,0,5.74,-2.32,-0.49,2.51,0.5,0,""1.383870968"",0.615,0.591,""-1.383870968"",-0.154,-0.11499999999999999,-0.258,-0.128,35.7,""33.0"",13.827637817613203,-1.6727637530843986,34.376430111560175,0.8571428571428571,37.647429969343676,33.53495580425153"
"31,657649,""Koenig, Jared"",169,18.3,0.5,0.5,0.5,1,0.646,0.533,0.354,3,6,84.7,-1.8,2291,91.2,91.32,1,15,16,0.09999999999999432,6.34,115,145,115,147,295,328,308,""-1.623"",""1.623"",""68.1"",""6.7"",""5.430072276"",7,5,2,0,0,1,1,14.3,1,14.3,""1.95"",""0.81"",""0.48"",""0.48"",""89.8"",161,20,20,14.285714285714285,5.79,2.7,-0.29,2.6,0.571,1,""5.235483871"",0.446,0.876,""-5.235483871"",0.146,0.12499999999999994,0.124,0.113,6.7,""31.0"",9.53658034817723,3.469226193593781,29.41773878304717,0.2857142857142857,36.73407236973288,28.5834281460919"
"31,673380,""Núñez, Dedniel"",34,91.2,0.455,0.091,0.556,0.545,0.438,0.403,0.358,5,11,94.4,9.8,2394,93.6,93.83,5,20,11,0.20000000000000284,6.29,111,149,117,152,288,312,305,""-1.756"",""1.756"",""70.3"",""7.0"",""1.626266368"",11,9,4,1,0,0,2,18.2,0,0,""1.78"",""0.83"",""0.24"",""-0.24"",""94.4"",166,55.55555555555556,11.11111111111111,9.090909090909092,5.29,-2.3,0.15,2.28,0.455,1,""5.664516129"",0.358,0.59,""-5.664516129"",0.097,0.09700000000000003,-0.045,0.035,25,""36.3"",7.80168939795131,0.3649670984983193,31.36420164656934,0.5263157894736842,32.94269674290162,30.884256848111264"
"31,656786,""Mushinski, Parker"",62,50,0.125,0.125,0.125,0.25,0.157,0.348,0.267,1,8,90.5,28.1,2636,85.4,85.99,1,17,14,0.5999999999999943,6.39,96,143,112,147,293,327,304,""1.045"",""-1.045"",""69.0"",""7.2"",""2.249288592"",8,8,0,1,0,0,0,0,0,0,""2.72"",""0.4"",""-0.42"",""-0.42"",""91.1"",156,37.5,12.5,12.5,5.58,1.62,-0.06,2.53,0.125,1,""-3.370967742"",0.267,0.561,""3.370967742"",-0.142,-0.14200000000000002,-0.311,-0.191,5.9,""41.7"",9.054497744087044,-4.744208984520803,32.934381085205096,0.5294117647058824,34.23426341138396,31.31863600699512"
"31,676910,""Seelinger, Matt"",52,59.6,0,0,0,0,0.299,0.448,0.166,0,4,92.8,25.7,2193,87.2,87.38,4,11,20,0.20000000000000284,6.51,115,147,117,152,291,324,307,""0.046"",""-0.046"",""71.2"",""7.5"",""2.930581911"",7,3,0,0,0,0,1,14.3,3,42.9,""2.23"",""0.81"",""-0.08"",""0.08"",""93.4"",143,33.33333333333333,33.33333333333333,14.285714285714285,5.68,-0.55,0.03,2.41,0.429,1,""-0.148387097"",0.524,0.434,""0.148387097"",-0.166,-0.09500000000000003,-0.434,-0.149,36.4,""64.1"",13.829406420149743,-6.836544561584095,27.103955507264597,0.36363636363636365,37.08040390828783,36.80782374364581"
"30,646241,""De Jesus, Enmanuel"",590,5.1,0.222,0.333,0.143,0.556,0.326,0.424,0.285,2,9,87.4,23.1,2418,91.2,90.77,4,14,16,-0.4000000000000057,5.98,117,147,121,152,285,319,306,""0.45"",""-0.45"",""68.8"",""6.9"",""4.480278714"",9,8,1,0,0,1,1,11.1,0,0,""1.96"",""0.8"",""0.63"",""0.63"",""93.0"",193,37.5,25,22.22222222222222,5.89,2.91,-0.13,2.48,0.222,2,""-1.5"",0.285,0.741,""1.5"",-0.063,-0.06299999999999997,-0.185,-0.098,28.6,""42.3"",7.3828813729402025,2.097996178945306,29.347802186686692,0.5,33.54536014617594,29.24785578740464"
"30,689149,""Dallas, Chad"",156,19.2,0.5,0.75,0.5,1.25,0.718,0.61,0.406,2,4,96.8,28.7,2603,87.6,87.88,2,15,15,0.30000000000001137,6.47,102,145,114,153,277,324,296,""-2.273"",""2.273"",""69.4"",""8.0"",""26.712546792"",7,3,1,0,0,1,1,14.3,3,42.9,""3.31"",""-0.31"",""-0.45"",""0.45"",""91.9"",134,33.33333333333333,33.33333333333333,14.285714285714285,6.02,-1.52,0.14,1.53,0.714,1,""7.576666667"",0.66,0.871,""-7.576666667"",0.094,0.05399999999999994,0.379,0.108,13.3,""56.2"",12.768518786618195,-3.0355303604599158,36.786791417997634,0.5,35.39099014201044,32.465960230041595"
"30,685112,""McCambley, Zach"",161,18.6,0,0,0,0,0.116,0.181,0.083,0,5,86.5,-1.7,2585,90.4,90.54,5,15,15,0.09999999999999432,6.09,114,148,124,152,287,316,293,""0.88"",""-0.88"",""65.4"",""6.5"",""2.73652949"",6,3,0,0,0,0,2,33.3,1,16.7,""2.35"",""0.43"",""-0.32"",""0.32"",""90.2"",136,33.33333333333333,0,0,5.68,-1.35,-0.57,2.57,0.167,0,""-2.933333333"",0.236,0.093,""2.933333333"",-0.083,-0.06899999999999998,-0.093,-0.065,33.3,""29.6"",0.04037040937349534,15.656274413005558,31.06805182090655,0.3333333333333333,37.20539637359569,18.6928631601799"
"30,623381,""Pannone, Thomas"",56,53.6,0.111,0,0.143,0.111,0.099,0.213,0.228,1,9,84.8,-2.6,2465,86.2,86.58,3,14,16,0.3999999999999915,6.29,117,149,127,154,284,321,310,""1.014"",""-1.014"",""68.9"",""6.8"",""0.760852969"",9,7,1,0,0,0,2,22.2,0,0,""2.33"",""0.74"",""0.05"",""0.05"",""90.2"",159,14.285714285714285,0,0,5.48,1.69,-0.44,2.44,0.111,0,""-3.38"",0.228,0.263,""3.38"",-0.117,-0.117,-0.152,-0.114,21.4,""29.5"",4.65361774185148,3.006543009105865,33.89581797387242,0.5,35.97062389568419,28.096452633272097"
"30,681895,""Sisk, Evan"",723,4.1,0.25,0,0.333,0.25,0.431,0.496,0.359,1,4,100.9,11.7,2072,86.9,87.86,2,5,25,1,6.99,120,147,113,152,300,322,304,""-1.01"",""1.01"",""72.0"",""7.3"",""0.832077264"",7,3,1,0,0,0,1,14.3,2,28.6,""2.74"",""0.34"",""0.5"",""0.5"",""101.2"",191,66.66666666666666,0,0,5.14,3.71,-0.45,2.49,0.571,0,""3.366666667"",0.634,0.431,""-3.366666667"",-0.109,-0.06300000000000006,-0.181,-0.065,40,""22.1"",8.127790680820768,0.1599007744842582,34.69660163044614,0.8,39.01663545841986,28.98782543063869"
"29,694397,""Raya, Marco"",100,29,0,0,0,0,0.116,0.172,0.069,0,5,91.9,16.7,2363,88.2,88.54,2,10,19,0.29999999999999716,6.31,119,145,124,152,289,328,284,""0.827"",""-0.827"",""72.7"",""8.1"",""3.255994128"",6,3,0,0,0,0,2,33.3,1,16.7,""2.77"",""0.17"",""-0.19"",""0.19"",""94.1"",184,33.33333333333333,0,0,5.51,-0.98,-0.06,2.09,0.167,0,""-2.851724138"",0.225,0.087,""2.851724138"",-0.069,-0.057999999999999996,-0.087,-0.056,20,""41.7"",11.195673686120543,-5.343683930435207,37.25559433002309,0.5555555555555556,38.149819740348995,30.986122925663953"
"29,455119,""Martin, Chris"",248,11.7,0.5,0,0.6,0.5,0.445,0.365,0.383,3,6,77.6,33.6,2260,90.8,91.31,1,10,19,0.5,6.45,120,146,110,152,295,331,302,""-0.576"",""0.576"",""69.8"",""6.6"",""0.52820376"",6,5,3,0,0,0,1,16.7,0,0,""2.04"",""0.72"",""0.16"",""-0.16"",""90.0"",178,20,0,0,6.23,-2.69,-0.45,2.56,0.5,0,""1.986206897"",0.383,0.46,""-1.986206897"",0.117,0.11699999999999999,0.04,0.08,10,""43.4"",2.9677325652814184,10.85969785366505,32.87799310915257,0.3,38.5676694221149,22.838487291613095"
"29,666126,""Cortes, Carlos"",133,21.8,0.444,0.667,0.333,1.111,0.652,0.492,0.351,4,9,92.7,23.9,1657,68.1,66.6,1,14,15,-1.5,5,125,146,138,152,294,323,301,""-1.784"",""1.784"",""72.9"",""7.1"",""1.230997656"",9,8,2,0,0,2,1,11.1,0,0,""3.95"",""1.09"",""0.5"",""0.5"",""93.7"",213,50,25,22.22222222222222,5.68,3.16,-0.37,2.11,0.444,2,""6.151724138"",0.351,0.826,""-6.151724138"",0.093,0.09300000000000003,0.285,0.16,7.1,""36.8"",14.623419541917228,-5.384298763017907,34.54005797870618,0.42857142857142855,34.01330839662772,37.680734947487004"
"29,806960,""Morales, Luis"",346,8.4,0.25,0.125,0.286,0.375,0.316,0.309,0.255,2,8,87.9,-5.3,2520,93.5,93.41,3,17,12,-0.09999999999999432,6.07,122,144,119,152,296,322,295,""-0.04"",""0.04"",""73.0"",""7.4"",""4.567187664"",9,7,1,1,0,0,1,11.1,1,11.1,""1.79"",""0.83"",""0.46"",""-0.46"",""91.6"",116,28.57142857142857,0,0,5.71,-1.61,-0.41,1.83,0.333,0,""0.137931034"",0.338,0.335,""-0.137931034"",-0.005,-0.0050000000000000044,0.04,0.007,17.6,""44.2"",16.149734451686154,-3.50973710568753,37.99527060253024,0.5294117647058824,38.26862821199424,34.716658553126976"
"29,681006,""Simpson, Josh"",120,24.2,0.125,0,0.2,0.125,0.18,0.235,0.186,1,8,76.3,22.2,2270,87.2,86.17,2,10,19,-1,5.73,109,145,107,151,280,318,305,""0.755"",""-0.755"",""65.9"",""7.4"",""8.170360308"",9,5,1,0,0,0,3,33.3,0,0,""2.89"",""0.16"",""0.26"",""0.26"",""89.2"",159,0,0,0,4.93,1.46,-0.42,2.09,0.222,0,""-2.603448276"",0.277,0.205,""2.603448276"",-0.061,-0.05500000000000002,-0.08,-0.055,20,""18.9"",10.269593047979692,-4.427136746728987,34.12617675574786,0.8,37.55509668442417,32.92104665867851"
"28,702752,""Pintaro, Jonathan"",241,11.6,0,0,0,0,0.279,0.312,0.055,0,3,91.4,-12,2537,93.2,93.29,2,10,18,0.09999999999999432,6.3,115,148,118,152,291,315,309,""0.182"",""-0.182"",""70.3"",""6.5"",""2.085153318"",5,1,0,0,0,0,2,40,2,40,""1.94"",""0.69"",""0.45"",""-0.45"",""88.5"",118,0,0,0,4.98,-2.94,-0.41,2.65,0.4,0,""-0.65"",0.433,0.067,""0.65"",-0.055,-0.032999999999999974,-0.067,-0.033,20,""20.7"",9.853643094398244,-3.2838102294007685,32.099964164049645,0.2,31.570828059337735,31.359447273190383"
"28,665645,""Castro, Kervin"",94,29.8,0,0,0,0,0.155,0.306,0.183,0,7,91.2,7.8,2377,89.9,90.48,3,13,15,0.5999999999999943,6.55,114,145,109,152,285,319,290,""1.321"",""-1.321"",""67.6"",""6.6"",""0.954785404"",9,6,0,0,0,0,1,11.1,2,22.2,""2.26"",""0.6"",""-0.04"",""0.04"",""91.4"",193,0,0,0,5.82,-1.08,-0.05,2.52,0.222,0,""-4.717857143"",0.365,0.267,""4.717857143"",-0.183,-0.143,-0.267,-0.151,23.1,""63.2"",9.554505742694996,4.364424860033562,31.242747269518397,0.8461538461538461,34.18783406614746,28.97273419757586"
"27,666157,""Lodolo, Nick"",1087,2.5,0.167,0.167,0.2,0.333,0.332,0.368,0.266,1,6,81.6,21.4,2310,90.7,90.34,0,11,16,-0.4000000000000057,6.27,109,147,122,152,287,323,295,""0.148"",""-0.148"",""71.4"",""7.0"",,8,5,0,1,0,0,1,12.5,2,25,""2.36"",""0.46"",""0.97"",""0.97"",""88.9"",154,0,0,0,5.28,3.68,-0.31,2.46,0.375,0,""-0.548148148"",0.45,0.321,""0.548148148"",-0.099,-0.07500000000000001,0.012,-0.036,0,""12.7"",11.703991601742771,-3.9756038581600026,31.010280875209524,0.2,31.733597199720762,35.71717755332266"
"27,676702,""Stratton, Hunter"",56,48.2,0.375,0,0.429,0.375,0.334,0.405,0.434,3,8,81.4,0.1,2557,91.2,92.03,1,14,13,0.7999999999999972,6.56,105,143,119,151,297,321,307,""0.199"",""-0.199"",""70.4"",""7.2"",,8,7,3,0,0,0,1,12.5,0,0,""2.22"",""0.53"",""-0.3"",""0.3"",""90.8"",144,14.285714285714285,0,0,5.84,-2.46,-0.09,2.29,0.375,0,""-0.737037037"",0.434,0.496,""0.737037037"",-0.059,-0.059,-0.121,-0.071,7.1,""39.4"",8.169103088191674,-3.3934119507090363,30.518468675745623,0.35714285714285715,30.845421860423272,32.6444505328606"
"27,608344,""Irvin, Cole"",102,26.5,0.444,0,0.5,0.444,0.426,0.507,0.449,4,9,80.5,-7.3,1983,87.6,87.88,2,16,11,0.30000000000001137,6.3,114,144,112,147,281,312,302,""-1.604"",""1.604"",""73.0"",""7.3"",""0.1"",10,8,4,0,0,0,1,10,1,10,""2.27"",""0.71"",""0.46"",""0.46"",""92.9"",126,50,12.5,10,6.01,1.62,0.22,2.51,0.5,1,""5.940740741"",0.504,0.679,""-5.940740741"",-0.005,-0.0040000000000000036,-0.235,-0.081,12.5,""38.6"",5.977350462891663,3.7474816617894438,32.26709443347428,0.4375,36.94537576175332,29.877437700602062"
"27,668964,""Myers, Tobias"",714,3.8,0.333,0.667,0.25,1,0.572,0.619,0.456,2,6,91.8,11.6,2031,86.6,87.1,1,11,16,0.5,6.61,116,148,116,151,291,321,305,""-0.701"",""0.701"",""72.3"",""7.1"",,7,5,0,1,0,1,1,14.3,1,14.3,""2.01"",""1.07"",""0.18"",""-0.18"",""92.9"",130,60,40,28.57142857142857,5.86,-0.72,0.13,2.43,0.429,2,""2.596296296"",0.534,0.986,""-2.596296296"",-0.123,-0.10500000000000004,0.014,-0.047,9.1,""62.1"",11.565794557228134,-5.141273254869835,30.53872322189371,0.7272727272727273,35.31150723184532,34.94620198687822"
"27,662144,""Keller, Brian"",39,69.2,0.125,0.375,0,0.5,0.256,0.405,0.246,1,8,95.2,28.7,2252,87.9,89.12,3,18,9,1.1999999999999886,6.86,110,147,125,150,286,324,303,""-0.759"",""0.759"",""66.2"",""7.3"",""4.821642852"",8,6,0,0,0,1,2,25,0,0,""2.23"",""0.72"",""-0.16"",""0.16"",""95.7"",264,33.33333333333333,33.33333333333333,25,5.9,-2.05,0.13,2.44,0.125,2,""2.811111111"",0.246,0.737,""-2.811111111"",-0.121,-0.121,-0.237,-0.149,16.7,""35.9"",12.284374528403232,-3.8504292870198666,32.050884013447785,0.3888888888888889,33.43426007285537,27.57897529880988"
"27,694795,""Ekness, Josh"",152,17.8,0.4,0.6,0.25,1,0.619,0.589,0.386,2,5,79.3,20.5,2565,93.9,94.43,1,11,16,0.5,6.67,121,148,114,151,298,322,299,""-2.98"",""2.98"",""64.0"",""6.6"",""1.818850476"",8,6,1,0,0,1,0,0,2,25,""1.7"",""0.92"",""-0.05"",""0.05"",""92.0"",223,50,33.33333333333333,25,5.13,-3.42,-0.11,2.51,0.571,2,""11.037037037"",0.562,0.919,""-11.037037037"",0.014,0.008999999999999897,0.081,0.03,9.1,""23.1"",9.051488532941349,19.079862862939716,32.964156246987876,0.5454545454545454,33.37222641890474,28.299328990387707"
"26,700270,""Díaz, Yilber"",74,35.1,0,0,,0,0.174,0.174,,0,3,,,2433,91.6,90.83,1,7,19,-0.7999999999999972,5.76,127,147,124,152,285,326,309,""0.47"",""-0.47"",""67.4"",""6.5"",""0.754119372"",4,0,0,0,0,0,3,75,1,25,""1.78"",""0.95"",""0.36"",""-0.36"",""90.3"",201,,,,5.84,-1.24,0.03,2.28,0.25,,""-1.807692308"",0.25,,""1.807692308"",,0,,0,14.3,""43.5"",5.061016671167447,6.34490890476824,29.29103316996574,0.14285714285714285,36.968089971752065,25.67137150145583"
"26,680702,""Gerber, Joey"",129,20.2,0,0,0,0,0.116,0.345,0.229,0,5,92.8,21.4,2215,90.3,90.87,2,8,18,0.6000000000000085,6.4,107,148,134,152,300,324,317,""1.064"",""-1.064"",""74.5"",""6.8"",""0.88406835"",6,5,0,0,0,0,0,0,1,16.7,""1.75"",""1.03"",""0.11"",""-0.11"",""97.8"",198,80,0,0,5.31,-1.79,-0.13,2.59,0.167,0,""-4.092307692"",0.357,0.423,""4.092307692"",-0.229,-0.18999999999999997,-0.423,-0.229,25,""33.8"",0.04713319577017305,2.3324722001592395,33.643882422927646,0.25,34.380316630528,31.110118971113593"
"26,682997,""Callihan, Tyler"",53,49.1,0.25,0,0.25,0.25,0.381,0.445,0.266,1,4,90.6,19.8,1508,69.4,68.11,0,10,16,-1.3000000000000114,5.19,124,147,137,152,307,328,310,""-0.176"",""0.176"",""68.7"",""6.9"",,6,4,1,0,0,0,0,0,2,33.3,""3.81"",""1.05"",""0.61"",""-0.61"",""90.4"",157,50,0,0,6.49,-1.68,-0.42,2.55,0.5,0,""0.676923077"",0.511,0.471,""-0.676923077"",-0.016,-0.01100000000000001,-0.221,-0.064,0,""42.6"",5.842676667623843,8.0650667475861,31.357787303270605,0.5,38.26047416054459,25.812042966151182"
"25,672442,""Cruz, Yovanny"",111,22.5,0.667,0,0.8,0.667,0.608,0.476,0.46,4,6,95.4,-0.4,2233,93.4,93.37,5,13,12,0,6.27,95,134,104,144,294,325,303,""-1.43"",""1.43"",""75.4"",""7.7"",""4.783080657"",7,5,4,0,0,0,1,14.3,1,14.3,""2.25"",""0.38"",""0.26"",""-0.26"",""95.6"",99,80,0,0,6.12,-2.88,0.11,1.71,0.714,0,""5.72"",0.537,0.543,""-5.72"",0.207,0.17699999999999994,0.124,0.132,38.5,""32.6"",11.745968490189028,-5.472455278760664,34.11367839487268,0.5,38.76306519682666,37.30886759341659"
"25,689690,""Jacob, Alek"",87,28.7,0,0,0,0,0,0.021,0.02,0,6,81.6,30.5,2224,80.5,81.72,5,12,13,1.2000000000000028,7.36,125,148,134,155,304,327,301,""1.559"",""-1.559"",""70.8"",""7.4"",""2.64020699"",6,4,0,0,0,0,2,33.3,0,0,""3.06"",""0.53"",""1.5"",""-1.5"",""88.2"",182,0,0,0,3.79,-3.29,-0.15,2.63,0,0,""-6.236"",0.02,0.028,""6.236"",-0.02,-0.02,-0.028,-0.021,41.7,""-4.0"",14.518370836718901,-12.27595127797415,26.24555285761795,0.3333333333333333,37.18073296136286,39.0511058599599"
"24,676571,""Poulin, PJ"",639,3.8,0.25,0,0.5,0.25,0.317,0.369,0.301,1,4,91.9,8.5,2218,86.4,86.94,1,6,18,0.5,6.5,115,145,116,152,299,328,311,""-0.047"",""0.047"",""69.9"",""7.7"",""5.22505908"",5,2,1,0,0,0,2,40,1,20,""2.74"",""0.34"",""0.66"",""0.66"",""90.4"",77,0,0,0,4.27,2.38,-0.21,2.03,0.4,0,""0.195833333"",0.441,0.345,""-0.195833333"",-0.051,-0.04099999999999998,-0.095,-0.052,16.7,""12.2"",13.685244897877938,-10.24106386768846,33.20253151159514,0.3333333333333333,33.63170360449279,33.48731920965741"
"23,670090,""Mills, Wyatt"",151,15.2,0,0,0,0,0.14,0.218,0.105,0,4,73.8,24.4,2104,87.8,89.42,0,11,12,1.6000000000000085,7.08,106,138,113,142,288,312,301,""0.118"",""-0.118"",""58.8"",""5.8"",,6,5,0,0,0,0,0,0,1,16.7,""2.48"",""0.47"",""0.44"",""-0.44"",""88.0"",160,0,0,0,3.19,-4.12,-0.15,2.6,0.2,0,""-0.513043478"",0.284,0.121,""0.513043478"",-0.105,-0.08399999999999996,-0.121,-0.078,0,""-9.0"",0.6419393983282679,-25.968343556767078,36.80541176840551,0.5454545454545454,33.23589147710663,27.711247039927954"
"23,663765,""Woodford, Jake"",457,5,0.5,0.833,0.667,1.333,0.755,0.379,0.258,3,6,93.7,13,2028,86.3,86.94,3,14,9,0.6000000000000085,6.58,121,149,119,154,293,324,297,""-2.954"",""2.954"",""71.3"",""7.2"",""3.46059806"",6,4,1,0,1,1,2,33.3,0,0,""2.87"",""0.22"",""-0.07"",""0.07"",""90.9"",184,25,25,16.666666666666664,5,-2.07,-0.17,2.39,0.5,1,""12.843478261"",0.258,0.653,""-12.843478261"",0.242,0.242,0.68,0.376,21.4,""26.2"",14.746382107324028,-11.178269116782118,32.842078632774715,0.42857142857142855,32.13996851516714,39.661213990695586"
"23,699823,""Davis, Tyler"",403,5.7,0.333,0,0.5,0.333,0.457,0.462,0.272,1,3,101.8,21,2204,93.1,93.99,4,13,10,0.9000000000000057,6.63,123,148,125,152,292,329,302,""-0.639"",""0.639"",""69.5"",""6.8"",""3.63359102"",5,2,1,0,0,0,1,20,2,40,""1.61"",""1.02"",""0.49"",""-0.49"",""92.9"",235,100,0,0,5.88,-1.5,-0.2,2.45,0.6,0,""2.77826087"",0.563,0.431,""-2.77826087"",0.061,0.03700000000000003,-0.098,-0.005,30.8,""43.6"",3.271514450927863,9.230162045116487,30.082306628282158,0.38461538461538464,37.720594389384175,23.148832664113243"
"23,657424,""Gage, Matt"",527,4.4,0.333,1,0,1.333,0.688,0.601,0.365,1,3,85,5.3,2193,89.6,90.17,2,9,14,0.6000000000000085,6.26,121,148,118,152,303,333,304,""-0.961"",""0.961"",""68.4"",""6.8"",""8.6051175"",5,3,0,0,0,1,0,0,2,40,""2.2"",""0.61"",""0.06"",""0.06"",""91.5"",194,66.66666666666666,33.33333333333333,20,6.43,1.09,-0.51,3.21,0.6,1,""4.17826087"",0.619,0.921,""-4.17826087"",-0.032,-0.019000000000000017,0.412,0.087,22.2,""51.4"",8.540271057928715,4.8302027082558014,29.3746870150744,0.4444444444444444,41.2652602490965,26.22077449268319"
"23,699044,""Ullola, Miguel"",77,29.9,0.167,0.5,0,0.667,0.341,0.285,0.197,1,6,81.6,22,2380,92.1,93.46,4,13,10,1.4000000000000057,7.07,116,146,122,152,284,320,291,""-1.291"",""1.291"",""71.5"",""7.3"",""1.312402185"",6,4,0,0,0,1,2,33.3,0,0,""1.62"",""1.09"",""0.16"",""-0.16"",""90.0"",211,25,25,16.666666666666664,5.69,-1.66,-0.21,2.76,0.167,1,""5.613043478"",0.197,0.492,""-5.613043478"",-0.03,-0.03,0.175,0.056,30.8,""47.3"",14.097168757016998,-6.034818353702013,26.715819359172748,0.3333333333333333,36.6426178408549,33.01336296183924"
"23,691008,""Rajcic, Max"",163,14.1,0.25,0.5,0.5,0.75,0.458,0.309,0.193,1,4,80.5,5.5,2445,88.8,89.27,3,11,12,0.5,6.56,120,144,110,153,297,321,301,""-0.289"",""0.289"",""72.1"",""7.7"",""3.322622622"",5,2,0,0,1,0,2,40,1,20,""2.81"",""0.11"",""0.4"",""-0.4"",""92.3"",128,50,0,0,5.79,-1.52,-0.21,1.97,0.4,0,""1.256521739"",0.354,0.303,""-1.256521739"",0.057,0.04600000000000004,0.447,0.149,27.3,""42.1"",13.166737781263869,-13.03641969818097,34.318361832778024,0.5454545454545454,33.212891847218756,39.13878822271591"
"22,694363,""Shuster, Jared"",172,12.8,0.5,0.5,1,1,0.664,0.501,0.253,1,2,104.2,18,2138,89,89.77,2,7,15,0.7999999999999972,6.68,101,141,101,150,283,310,296,""-1.208"",""1.208"",""73.6"",""7.6"",""5.537955864"",4,1,0,1,0,0,1,25,2,50,""2.26"",""0.62"",""0.7"",""0.7"",""91.2"",181,100,0,0,5.65,1.28,-0.38,1.73,0.75,0,""5.490909091"",0.627,0.471,""-5.490909091"",0.247,0.123,0.529,0.163,28.6,""41.2"",10.683091500763272,4.216875619337662,36.3579940941939,0.2857142857142857,37.2177002379055,29.787514715590756"
"22,681252,""Anderson, Jack"",182,12.1,0,0,0,0,0.1,0.133,0.033,0,6,88.1,49.8,1407,86.6,86.76,5,10,12,0.20000000000000284,6.39,108,148,114,152,295,323,302,""1.556"",""-1.556"",""68.6"",""7.6"",""2.51565156"",7,4,0,0,0,0,2,28.6,1,14.3,""2.33"",""0.73"",""0.13"",""-0.13"",""89.5"",215,0,0,0,6.26,0.43,-0.06,1.77,0.143,0,""-7.072727273"",0.171,0.059,""7.072727273"",-0.033,-0.028000000000000025,-0.059,-0.033,50,""66.5"",15.632521375626483,-16.686061147933252,32.214247055540056,0.3,35.59125816575072,40.03405584586518"
"22,675916,""Karinchak, James"",162,13.6,0.5,0.75,0.5,1.25,0.734,0.458,0.322,2,4,101.7,6.7,2403,91.3,90.73,3,12,10,-0.5999999999999943,5.75,121,145,119,151,300,321,307,""-0.912"",""0.912"",""68.1"",""6.9"",""1.06328928"",4,3,1,0,0,1,1,25,0,0,""1.83"",""0.91"",""0.4"",""-0.4"",""92.6"",181,66.66666666666666,33.33333333333333,25,6.36,-0.2,-0.33,2.52,0.5,1,""4.145454545"",0.322,0.763,""-4.145454545"",0.178,0.178,0.487,0.276,25,""52.8"",3.839832918594139,6.895390890925052,30.17281519878197,0.5,37.00380484797425,25.376440652463746"
"22,669724,""Hanifee, Brenan"",325,6.8,0.286,0.429,0.2,0.714,0.454,0.437,0.332,2,7,95.4,-7.5,2025,91.9,91.73,3,11,11,-0.20000000000000284,6.07,113,147,122,151,286,320,294,""-0.64"",""0.64"",""69.5"",""7.0"",""0.76191602"",9,6,1,0,0,1,1,11.1,2,22.2,""2.38"",""0.31"",""0.92"",""-0.92"",""95.0"",149,66.66666666666666,16.666666666666664,11.11111111111111,5.47,-2.85,-0.28,2.27,0.444,1,""2.909090909"",0.48,0.609,""-2.909090909"",-0.046,-0.035999999999999976,0.105,0.017,27.3,""30.5"",6.427537716348071,4.620575929398785,32.57765350426712,0.5,39.9187507883405,27.751633837779167"
"22,670103,""Burgos, Raymond"",67,32.8,0.143,0.429,0,0.571,0.292,0.349,0.209,1,7,94.7,10.5,2191,86.8,85.92,3,14,8,-0.8999999999999915,5.59,123,149,120,152,277,314,306,""-0.019"",""0.019"",""71.7"",""7.4"",""3.352737372"",7,6,0,0,0,1,1,14.3,0,0,""2.7"",""0.34"",""0.34"",""0.34"",""92.7"",200,33.33333333333333,16.666666666666664,14.285714285714285,5.65,2.48,-0.05,2.35,0.143,1,""0.086363636"",0.209,0.638,""-0.086363636"",-0.066,-0.066,-0.067,-0.057,21.4,""26.3"",11.009795881646236,-3.2611938991839478,31.845906660982163,0.6153846153846154,36.742235885342126,31.33428105805726"
"22,641312,""Anderson, Shaun"",351,6.3,0.714,0.429,0.8,1.143,0.788,0.868,0.658,5,7,86.8,11.8,2440,89.2,89.92,2,10,12,0.7000000000000028,6.89,101,139,113,147,300,324,306,""-2.457"",""2.457"",""67.7"",""6.1"",""0.617577054"",8,6,4,0,0,1,1,12.5,1,12.5,""2.11"",""0.78"",""0.19"",""-0.19"",""96.7"",225,66.66666666666666,33.33333333333333,25,5.89,-2.57,0.01,2.11,0.75,2,""11.168181818"",0.701,1.464,""-11.168181818"",0.056,0.049000000000000044,-0.321,-0.08,20,""38.8"",10.380431856960879,7.257371845194862,37.97522889777929,0.9,34.05640303205014,29.570787962619008"
"21,692437,""Santos, Winston"",33,63.6,0.167,0,0.2,0.167,0.148,0.262,0.277,1,6,81.2,23.4,2224,91.4,91.72,2,9,12,0.29999999999999716,6.47,119,148,110,151,291,315,295,""0.845"",""-0.845"",""73.1"",""7.3"",""0.700266162"",6,5,1,0,0,0,1,16.7,0,0,""2.1"",""0.66"",""0.54"",""-0.54"",""90.8"",157,0,0,0,5.58,-2.12,-0.33,2.61,0.167,0,""-4.023809524"",0.277,0.333,""4.023809524"",-0.11,-0.11000000000000001,-0.166,-0.114,22.2,""39.2"",12.934709539246068,-5.088404391246729,30.567998689959296,0.5555555555555556,37.91047402107968,34.76098007781451"
"20,682274,""Hiraldo, Yaramil"",123,16.3,0.2,0,0.25,0.2,0.148,0.117,0.148,1,5,81.7,45.8,1907,91.7,91.13,5,13,7,-0.6000000000000085,6.09,124,147,110,147,304,326,303,""0.941"",""-0.941"",""68.5"",""7.0"",""1.935665937"",6,4,1,0,0,0,2,33.3,0,0,""1.57"",""1.17"",""0.45"",""-0.45"",""88.3"",226,0,0,0,6.23,-0.35,-0.22,2.66,0.167,0,""-4.705"",0.124,0.167,""4.705"",0.052,0.04300000000000001,0.033,0.031,38.5,""60.5"",14.540866044273097,-4.6974836376653295,31.122910380241642,0.38461538461538464,35.67409182349119,34.74270168659678"
"20,682995,""Barco, Hunter"",304,6.6,0,0,0,0,0.174,0.275,0.12,0,3,101,1.5,2305,86.4,86.17,2,8,12,-0.20000000000000284,6.31,91,138,113,145,289,318,299,""0.608"",""-0.608"",""72.0"",""8.0"",""2.436122712"",4,2,0,0,0,0,1,25,1,25,""2.88"",""0.22"",""0.27"",""0.27"",""95.3"",105,50,0,0,5.04,3.53,-0.03,1.73,0.25,0,""-3.04"",0.34,0.196,""3.04"",-0.12,-0.09000000000000002,-0.196,-0.101,25,""22.0"",17.77501735357658,-15.478054426701814,34.61136814091983,0.5,34.57001972691751,38.95043940148728"
"20,665665,""Sanmartin, Reiver"",101,19.8,0.571,0.286,0.667,0.857,0.609,0.4,0.383,4,7,82.8,3.3,2356,88.8,89,3,12,8,0.20000000000000284,6.43,98,132,106,134,287,308,299,""-1.539"",""1.539"",""67.5"",""6.8"",""1.350136452"",7,6,3,0,1,0,1,14.3,0,0,""2.79"",""0.13"",""0.79"",""0.79"",""92.8"",165,33.33333333333333,16.666666666666664,14.285714285714285,5.22,3.09,0.25,1.95,0.571,1,""7.695"",0.383,0.556,""-7.695"",0.188,0.18799999999999994,0.301,0.209,25,""19.7"",5.995244980966671,7.731692417030572,33.18018846449812,0.6666666666666666,34.11749896618382,25.532684627734746"
"20,689225,""Brieske, Beau"",149,13.4,0.25,0.375,0.143,0.625,0.367,0.3,0.225,2,8,87.8,16.3,2333,92.8,92.38,0,15,5,-0.3999999999999915,5.92,122,148,125,153,285,330,305,""-0.432"",""0.432"",""70.0"",""7.3"",,8,8,1,0,0,1,0,0,0,0,""1.76"",""0.88"",""0.56"",""-0.56"",""93.0"",170,50,12.5,12.5,6.05,-1.51,-0.07,2.19,0.25,1,""2.16"",0.225,0.489,""-2.16"",0.025,0.024999999999999994,0.136,0.067,0,""47.9"",10.144521784764855,-0.32658137371952134,32.4841336302832,0.3333333333333333,36.84229355020933,29.74243655284498"
"20,671106,""Allen, Logan"",164,12.2,0,0,0,0,0.349,0.389,0.048,0,1,81.3,5.5,2206,85.4,85.48,2,9,11,0.09999999999999432,6.36,120,150,121,152,290,323,299,""-0.422"",""0.422"",""65.6"",""6.6"",""1.253577726"",4,2,0,0,0,0,0,0,2,50,""2.65"",""0.51"",""0.23"",""0.23"",""92.3"",158,50,0,0,4.74,2.36,-0.36,2.38,0.5,0,""2.11"",0.528,0.058,""-2.11"",-0.048,-0.028000000000000025,-0.058,-0.04,22.2,""21.3"",6.3997420099933535,9.343903387276352,29.729801485847258,0.3333333333333333,39.31605970969377,23.564411313374116"
"20,690829,""Joyce, Ben"",32,62.5,0.333,0,1,0.333,0.397,0.333,0.23,1,3,95,16,2015,98.3,99.3,3,8,12,1,6.89,116,146,115,152,299,327,309,""-0.27"",""0.27"",""70.2"",""6.8"",""2.405669352"",4,1,1,0,0,0,2,50,1,25,""1.62"",""0.75"",""0.96"",""-0.96"",""89.4"",189,100,0,0,5.04,-1.71,-0.49,2.59,0.5,0,""1.35"",0.423,0.277,""-1.35"",0.103,0.07700000000000001,0.056,0.064,37.5,""27.5"",6.184280633626594,4.355775707711642,27.336401163646673,0.375,39.42903968408926,25.11465819815505"
"20,691951,""Aldegheri, Sam"",610,3.3,0,0,0,0,0.523,0.527,0.011,0,1,86.7,79,2241,89.8,88.68,0,5,15,-1.0999999999999943,5.76,110,144,115,149,298,323,304,""-0.924"",""0.924"",""74.9"",""7.7"",,4,1,0,0,0,0,0,0,3,75,""1.94"",""0.94"",""0.28"",""0.28"",""88.0"",135,0,0,0,6.15,1.43,-0.84,1.42,0.75,0,""4.62"",0.753,0.017,""-4.62"",-0.011,-0.0030000000000000027,-0.017,-0.004,0,""42.4"",11.972078865878732,-3.7046581901971836,35.973324845531714,0.8,39.12307460896008,30.069082678954892"
"19,687606,""Schultz, Paxton"",612,3.1,0.333,0,0.5,0.333,0.296,0.258,0.282,1,3,99.5,0.5,2248,91,91.05,1,12,7,0.09999999999999432,5.95,113,131,103,139,299,328,310,""0.208"",""-0.208"",""62.3"",""5.8"",""0.351029052"",3,2,1,0,0,0,1,33.3,0,0,""1.78"",""0.94"",""0.26"",""-0.26"",""93.2"",161,100,0,0,5.93,-2.49,0.33,2.71,0.333,0,""-1.094736842"",0.282,0.317,""1.094736842"",0.051,0.051000000000000045,0.016,0.038,8.3,""31.7"",-6.371877583006512,2.318975287845947,29.65486843710858,0.25,31.906091066269607,24.977205971192788"
"19,687849,""Kent, Zak"",260,7.3,0.429,0.286,0.429,0.714,0.487,0.357,0.336,3,7,83,6,2720,89.4,89.8,0,13,6,0.3999999999999915,6.22,111,147,122,152,300,328,308,""-0.889"",""0.889"",""72.2"",""6.9"",,7,7,1,2,0,0,0,0,0,0,""2.79"",""0.05"",""-0.33"",""0.33"",""91.9"",157,28.57142857142857,0,0,6.3,-1.23,0.49,2.38,0.429,0,""4.678947368"",0.336,0.493,""-4.678947368"",0.093,0.09299999999999997,0.221,0.13,0,""51.4"",7.847419090475961,0.6672199098104183,35.15033101381099,0.6923076923076923,30.71346641493901,28.12438876520182"
"19,686475,""Tolbert, Tyler"",106,17.9,1,0.8,1,1.8,1.195,0.845,0.692,5,5,99.5,16.8,1205,48.6,46.88,1,7,12,-1.7000000000000028,4.36,129,148,144,153,307,327,301,""-3.443"",""3.443"",""71.9"",""7.2"",""0.454481256"",5,5,3,1,0,1,0,0,0,0,""9.07"",""0.94"",""0.04"",""-0.04"",""97.6"",242,80,20,20,6.85,-2.39,-0.53,3.52,1,1,""18.121052632"",0.692,1.32,""-18.121052632"",0.308,0.30800000000000005,0.48,0.35,14.3,""50.9"",9.933084150722259,5.470867915109105,23.735863682536085,0.42857142857142855,40.94426095568126,31.319734601913854"
"19,663485,""Sands, Cole"",209,9.1,0.667,1.333,0.5,2,1.001,0.648,0.323,2,3,99.5,38,2178,89.9,89.64,3,12,7,-0.30000000000001137,5.99,111,142,121,153,294,335,294,""-2.461"",""2.461"",""73.1"",""7.4"",""0.414741948"",4,3,0,1,0,1,0,0,1,25,""2.18"",""0.64"",""0.56"",""-0.56"",""91.8"",220,100,33.33333333333333,25,5.74,-2.58,-0.62,2.87,0.75,1,""12.952631579"",0.492,1.228,""-12.952631579"",0.344,0.258,0.772,0.353,25,""29.8"",8.980596761190611,7.805055971575555,27.91888985369463,0.5,40.688372970948194,23.847179517233585"
"18,663941,""Beck, Tristan"",247,7.3,0.4,0,0.5,0.4,0.356,0.175,0.187,2,5,92.2,23.5,2286,88.1,88.79,1,10,8,0.7000000000000028,6.74,100,147,114,149,283,321,305,""-0.138"",""0.138"",""69.7"",""7.0"",""0.374933772"",5,4,2,0,0,0,1,20,0,0,""2.65"",""0.32"",""-0.19"",""0.19"",""90.4"",158,25,0,0,5.76,-2.33,-0.44,2.84,0.4,0,""0.766666667"",0.187,0.214,""-0.766666667"",0.213,0.21300000000000002,0.186,0.181,10,""39.0"",10.779555262033501,-1.1384567132870522,29.586670829966376,0.6,37.47582677980435,31.85704420557343"
"18,669371,""Henry, Cole"",282,6.4,0.5,0.5,1,1,0.653,0.706,0.439,1,2,107.6,21,2468,91.9,92.89,3,8,10,1,6.69,117,145,123,154,303,332,304,""-1.031"",""1.031"",""74.0"",""6.9"",""0.795608256"",3,1,0,1,0,0,1,33.3,1,33.3,""1.8"",""0.9"",""0.6"",""-0.6"",""92.9"",215,100,100,33.33333333333333,5.39,-2.25,0.29,2.88,0.667,1,""5.727777778"",0.626,1.267,""-5.727777778"",0.061,0.041000000000000036,-0.267,-0.053,37.5,""24.1"",7.668396079032952,-0.6278056894602759,31.063784448356135,0.7142857142857143,35.01979449178433,29.176479759972594"
"17,683734,""Vaughn, Andrew"",29,58.6,0.5,0,0.5,0.5,0.571,0.489,0.079,1,2,77.1,-8,626,54,54.87,0,6,11,0.8999999999999986,4.95,126,148,142,154,293,324,302,""-1.053"",""1.053"",""69.9"",""6.4"",,4,2,1,0,0,0,0,0,2,50,""8.95"",""1.05"",""-0.02"",""0.02"",""88.0"",111,0,0,0,6.44,-1.53,-0.45,3.09,0.75,0,""6.194117647"",0.693,0.086,""-6.194117647"",0.421,0.05700000000000005,0.414,0.082,0,""48.2"",7.767406118525159,5.166851457207349,29.31412068757125,0.6,38.441159678803096,24.622717806629957"
"16,681168,""Curvelo, Luis"",195,8.2,0,0,,0,0.465,0.465,,0,1,,,1976,91.8,91.59,3,6,10,-0.20000000000000284,6.18,125,147,130,155,287,333,302,""-0.407"",""0.407"",""74.8"",""8.1"",""0.681584273"",4,0,0,0,0,0,1,25,3,75,""1.73"",""1.01"",""0.96"",""-0.96"",""90.8"",215,,,,6.07,-3.16,-0.34,2.68,0.75,,""2.54375"",0.75,,""-2.54375"",,0,,0,50,""37.3"",10.24775489917842,-9.262739712153216,33.43987442073591,0.3333333333333333,37.487175835786445,32.51907293468089"
"16,693308,""Frasso, Nick"",28,57.1,0,0,0,0,0,0.052,0.047,0,4,73.6,8.7,2387,92.4,94.01,3,10,6,1.5999999999999943,7.06,116,146,111,149,298,329,305,""1.074"",""-1.074"",""66.1"",""6.7"",""3.262491756"",5,3,0,0,0,0,2,40,0,0,""1.94"",""0.74"",""0.76"",""-0.76"",""88.0"",192,0,0,0,6.24,-3.67,-0.44,2.04,0,0,""-6.7125"",0.047,0.072,""6.7125"",-0.047,-0.047,-0.072,-0.052,30,""46.9"",3.8350265239876213,12.727749282261918,33.230247445142695,0.4444444444444444,42.94115936776391,22.78214026145273"
"16,607481,""Bummer, Aaron"",329,4.9,0.75,1.25,0.667,2,1.141,0.281,0.246,3,4,92.7,27,2165,85.9,86.81,0,10,6,0.8999999999999915,6.36,103,136,110,141,280,328,301,""-2.135"",""2.135"",""64.4"",""6.5"",,4,4,0,2,0,1,0,0,0,0,""3.09"",""-0.03"",""-0.04"",""-0.04"",""90.3"",185,50,0,0,5.17,2.03,-0.72,2.24,0.75,0,""13.34375"",0.246,0.421,""-13.34375"",0.504,0.504,1.579,0.86,0,""14.7"",2.1612939193941054,2.3125766409316344,35.006064928649764,0.6,34.76279016768045,29.15418102025157"
"16,696136,""Wicks, Jordan"",180,8.9,0.5,0.25,0.5,0.75,0.537,0.399,0.408,2,4,93.5,12.8,2297,87.6,87.92,0,8,8,0.30000000000001137,6.31,125,148,135,155,291,321,307,""-0.555"",""0.555"",""73.0"",""7.5"",,4,4,1,1,0,0,0,0,0,0,""2.55"",""0.43"",""-0.04"",""-0.04"",""91.7"",135,50,0,0,5.96,2.42,-0.08,2.01,0.5,0,""3.46875"",0.408,0.5,""-3.46875"",0.092,0.09200000000000003,0.25,0.138,0,""53.8"",3.7868611370889336,-0.3169431564072118,29.762936461223394,0.5714285714285714,39.8083306285226,27.680348207285512"
"16,696146,""Smith, Hagen"",48,33.3,0,0,0,0,0.174,0.225,0.073,0,3,81.8,35,2409,89.1,90.52,0,5,11,1.4000000000000057,7.04,104,147,109,149,280,318,297,""0.62"",""-0.62"",""68.0"",""7.1"",,4,2,0,0,0,0,1,25,1,25,""2.29"",""0.59"",""0.19"",""0.19"",""91.1"",132,50,0,0,5.36,3.41,-0.06,2.16,0.25,0,""-3.875"",0.305,0.077,""3.875"",-0.073,-0.05499999999999999,-0.077,-0.051,0,,8.975739452782797,-14.98929448470853,30.445205138955245,0.6,33.19613865267844,35.524564262060046"
"15,692030,""Corniell, Jose"",108,13.9,0.333,0.333,0.5,0.667,0.42,0.19,0.149,1,3,75.7,21.3,1659,87.2,88.8,5,9,6,1.5999999999999943,7.25,125,149,108,153,298,326,302,""-0.043"",""0.043"",""62.9"",""6.6"",""3.859877705"",5,3,0,1,0,0,1,20,1,20,""2.42"",""0.59"",""1.11"",""-1.11"",""94.2"",226,66.66666666666666,0,0,5.35,-1.66,-0.19,2.19,0.5,0,""0.286666667"",0.361,0.309,""-0.286666667"",0.184,0.139,0.358,0.23,55.6,""33.6"",9.656341961661148,-32.11543498610074,26.91276061751242,0.4444444444444444,37.114747112192454,38.648921570517665"
"15,641386,""Bowden, Ben"",40,37.5,0,0,0,0,0.233,0.263,0.038,0,2,82.7,60,2370,92.6,91.86,0,3,12,-0.6999999999999886,5.83,117,139,113,143,290,322,296,""0.37"",""-0.37"",""67.7"",""6.9"",,3,2,0,0,0,0,0,0,1,33.3,""1.54"",""1.12"",""0.89"",""0.89"",""88.0"",156,0,0,0,5.73,1.85,-0.55,2.55,0.333,0,""-2.466666667"",0.358,0.061,""2.466666667"",-0.038,-0.024999999999999967,-0.061,-0.03,0,""29.8"",8.924282472553893,0.5479874224163386,30.478475942627025,1,33.646122366190305,31.950375220892372"
"15,681806,""Wantz, Andrew"",81,18.5,0.333,0,0.333,0.333,0.397,0.533,0.499,1,3,86.5,5.3,2399,88.9,89.2,3,8,7,0.29999999999999716,6.23,123,149,125,154,299,327,306,""-0.332"",""0.332"",""71.4"",""7.1"",""4.630413762"",4,3,1,0,0,0,0,0,1,25,""2.53"",""0.35"",""-0.03"",""0.03"",""92.1"",174,66.66666666666666,0,0,5.81,-1.88,0.1,2.45,0.5,0,""2.213333333"",0.624,0.62,""-2.213333333"",-0.166,-0.124,-0.287,-0.136,37.5,""35.1"",12.293554669714688,-4.600197913023296,32.79141091104667,0.375,35.16688024028259,38.27709151519484"
"15,682825,""Mey, Luis"",234,6.4,0.2,0,0.333,0.2,0.178,0.292,0.307,1,5,91.7,3,2292,94.9,95.64,2,8,7,0.6999999999999886,6.6,105,144,111,148,288,320,297,""0.705"",""-0.705"",""73.6"",""6.7"",""1.068443358"",5,3,1,0,0,0,2,40,0,0,""2.26"",""0.29"",""0.58"",""-0.58"",""91.7"",116,66.66666666666666,0,0,5.58,-2.12,0.01,2.28,0.2,0,""-4.7"",0.307,0.363,""4.7"",-0.107,-0.10699999999999998,-0.163,-0.114,25,""28.6"",-1.4740022877138306,10.648353694586387,36.66941711651448,0.125,38.24271629829653,22.543783817753365"
"15,668716,""Murdock, Noah"",59,25.4,0.333,0,0.5,0.333,0.397,0.311,0.202,1,3,86.1,-17.5,2409,90.3,91.07,1,6,9,0.7999999999999972,6.75,114,142,112,151,292,317,306,""-0.607"",""0.607"",""74.3"",""7.4"",""4.576875192"",4,2,1,0,0,0,1,25,1,25,""2.71"",""0.11"",""0.33"",""-0.33"",""95.3"",157,50,0,0,5.34,-1.72,0.18,1.97,0.5,0,""4.046666667"",0.401,0.209,""-4.046666667"",0.131,0.09899999999999998,0.124,0.086,16.7,""27.2"",5.612195041692159,-0.32368802312349376,37.03976503723283,0.16666666666666666,39.615591833742315,34.77153191481935"
"14,620443,""Torrens, Luis"",22,63.6,0.5,1,0.25,1.5,0.83,0.342,0.29,3,6,84.4,16,1108,43.7,41.21,0,6,8,-2.5,3.2,126,149,141,154,309,330,313,""-3.165"",""3.165"",""74.4"",""7.4"",,6,6,1,0,0,2,0,0,0,0,""10.9"",""1.41"",""0.02"",""-0.02"",""91.9"",210,33.33333333333333,0,0,7.42,-1.09,-0.25,2.72,0.5,0,""22.607142857"",0.29,0.511,""-22.607142857"",0.21,0.21000000000000002,0.989,0.488,0,""59.6"",19.56275611258942,-9.81808137373394,33.572620744051456,0.6666666666666666,34.71233616303019,40.03690890995747"
"14,675627,""Grove, Michael"",62,22.6,0.4,0.8,0.2,1.2,0.551,0.581,0.374,2,5,88.3,5.2,2373,86.3,88.29,1,8,6,2,6.95,104,148,106,154,306,351,320,""-0.825"",""0.825"",""73.0"",""7.3"",""0.603382692"",6,6,0,1,0,1,0,0,0,0,""2.84"",""0.2"",""-0.55"",""0.55"",""94.2"",213,33.33333333333333,16.666666666666664,16.666666666666664,5.95,-1.57,0.26,1.99,0.333,1,""5.892857143"",0.406,1.012,""-5.892857143"",0.026,-0.07300000000000001,0.188,-0.03,12.5,""54.2"",15.638524415029453,-8.63346292422314,33.393224596969326,0.75,32.416627473127,36.58252269988065"
"14,666745,""Brito, Jhony"",78,17.9,0,0,0,0,0,0.25,0.183,0,5,93.4,28.4,1749,89.8,89.79,4,10,4,0,6.27,120,149,111,153,293,326,307,""1.374"",""-1.374"",""66.3"",""7.3"",""4.599551204"",5,5,0,0,0,0,0,0,0,0,""2.09"",""0.74"",""1.06"",""-1.06"",""92.8"",240,40,0,0,6.19,-0.96,-0.15,2.23,0,0,""-9.814285714"",0.183,0.412,""9.814285714"",-0.183,-0.183,-0.412,-0.25,40,""51.0"",12.932428591130382,-2.7298981124906945,31.246762002440292,0.6666666666666666,41.369040063563915,28.654214903957577"
"13,691594,""Sanoja, Javier"",44,29.5,0.667,0.333,0.5,1,0.576,0.279,0.185,2,3,89.9,22,1454,63.5,61.33,0,9,4,-2.200000000000003,4.38,129,149,130,153,334,349,310,""-1.303"",""1.303"",""70.9"",""7.3"",,5,4,1,1,0,0,0,0,0,0,""5.16"",""0.53"",""0.36"",""-0.36"",""92.6"",246,25,0,0,4.62,-3.11,0.45,2.43,0.6,0,""10.023076923"",0.329,0.252,""-10.023076923"",0.482,0.27099999999999996,0.748,0.297,0,""4.6"",19.82026434610455,-12.346282906533293,37.15153123607074,0.4444444444444444,31.881724449311687,43.497031408585606"
"13,702352,""Bivens, Spencer"",45,28.9,0.667,0,1,0.667,0.593,0.24,0.259,2,3,92.8,0.5,1844,92.2,92.92,2,9,4,0.7000000000000028,6.56,104,149,116,151,279,311,292,""-0.77"",""0.77"",""65.7"",""6.8"",""0.761588256"",3,2,2,0,0,0,1,33.3,0,0,""2.31"",""0.37"",""0.69"",""-0.69"",""89.9"",85,50,0,0,5.92,-2.41,-0.02,2.36,0.667,0,""5.923076923"",0.259,0.292,""-5.923076923"",0.408,0.40800000000000003,0.375,0.353,22.2,""30.6"",7.212205708162944,4.775659370959817,32.783953040023555,0.5555555555555556,36.52901722406177,24.565247689617063"
"13,623168,""Heineman, Tyler"",64,20.3,0.2,0.6,0,0.8,0.409,0.106,0.093,1,5,81.1,5.6,1334,48.5,46.14,0,6,7,-2.3999999999999986,3.82,127,146,136,153,304,330,301,""0.085"",""-0.085"",""71.2"",""6.8"",,5,5,0,0,0,1,0,0,0,0,""8.61"",""1.83"",""0.27"",""-0.27"",""89.8"",168,20,0,0,6.88,-1.15,-0.61,3.36,0.2,0,""-0.653846154"",0.093,0.152,""0.653846154"",0.107,0.10700000000000001,0.648,0.303,0,""61.2"",16.459800407194926,-1.391021797018038,25.754219037699343,0.5,43.18458061020739,35.897693137282864"
"13,641745,""Keller, Brad"",533,2.4,0,0,0,0,0.233,0.262,0.049,0,2,83.7,-15,2367,91.2,90.85,2,4,9,-0.4000000000000057,5.85,124,148,132,148,283,315,292,""0.188"",""-0.188"",""70.0"",""6.5"",""0.428428214"",3,1,0,0,0,0,1,33.3,1,33.3,""2.51"",""0.23"",""-0.13"",""0.13"",""88.0"",109,0,0,0,6.33,-1.26,-0.45,2.52,0.333,0,""-1.446153846"",0.366,0.052,""1.446153846"",-0.049,-0.032999999999999974,-0.052,-0.029,50,""48.4"",1.857166436639589,15.516933577617735,31.71636792339981,0.5,40.42968218482157,21.941084773151005"
"13,801434,""Gervase, Paul"",124,10.5,0.25,0,0.333,0.25,0.222,0.308,0.244,1,4,63.9,-30.7,2190,89.6,92.19,1,6,7,2.6000000000000085,7.61,104,143,114,148,289,314,301,""0.601"",""-0.601"",""73.5"",""7.5"",""0.290729532"",4,3,1,0,0,0,1,25,0,0,""2.19"",""0.64"",""0.21"",""-0.21"",""90.2"",135,33.33333333333333,33.33333333333333,25,5.37,-2.27,0.15,2.31,0.25,1,""-4.623076923"",0.244,0.483,""4.623076923"",0.006,0.006000000000000005,-0.233,-0.086,16.7,""24.5"",9.324006262517035,-0.13947817323929623,32.718685342865506,0.2,39.18806038197809,31.506022930407376"
"13,656716,""McKinstry, Zach"",28,46.4,0,0,0,0,0.233,0.251,0.023,0,2,83.2,51,1018,39.8,36.75,1,5,8,-3,3.54,127,144,137,154,295,323,294,""0.242"",""-0.242"",""74.5"",""7.1"",""3.512712384"",3,2,0,0,0,0,0,0,1,33.3,""16.47"",""1.39"",""-0.98"",""0.98"",""89.8"",210,50,0,0,7.34,-1.67,-0.33,3.89,0.333,0,""-1.861538462"",0.349,0.04,""1.861538462"",-0.023,-0.01599999999999996,-0.04,-0.018,20,""62.5"",23.67582421584773,-23.88041186025824,30.443175110252923,0.5,28.47587194743892,40.71658355499292"
"13,596117,""Stubbs, Garrett"",31,41.9,0.333,0,0.333,0.333,0.296,0.298,0.275,2,6,87.9,26.5,1242,50,48.51,1,9,4,-1.5,4.78,122,147,136,151,298,330,302,""-0.139"",""0.139"",""72.8"",""7.3"",""1.693279164"",6,6,2,0,0,0,0,0,0,0,""9.12"",""1.29"",""0.49"",""-0.49"",""92.8"",134,66.66666666666666,0,0,5.93,-1.69,-0.12,3.18,0.333,0,""1.069230769"",0.275,0.42,""-1.069230769"",0.058,0.057999999999999996,-0.087,-0.002,11.1,""40.5"",20.7727447520802,-11.270354607559405,31.95564503853363,0.5555555555555556,35.77501214633437,37.338500809027316"
"13,681520,""Kelly, Antoine"",18,72.2,0,0,0,0,0,0.372,0.396,0,3,99.4,4.5,2342,92.6,93.39,1,7,6,0.8000000000000114,6.69,119,149,108,155,294,318,309,""0.862"",""-0.862"",""72.1"",""7.6"",""0.42937722"",3,2,0,0,0,0,1,33.3,0,0,""1.89"",""0.77"",""0.19"",""0.19"",""93.7"",157,100,0,0,5.76,1.82,0.06,2.04,0,0,""-6.630769231"",0.396,0.448,""6.630769231"",-0.396,-0.396,-0.448,-0.372,14.3,""37.0"",13.039775333872255,0.46692252208891605,33.6195149361145,0.8571428571428571,41.61463877849589,25.322608147098457"
"13,670871,""Zuñiga, Guillo"",18,72.2,0,0,0,0,0.233,0.246,0.023,0,2,38.3,64,2353,95.3,96.27,1,5,8,1,6.72,104,151,120,152,302,316,304,""0.201"",""-0.201"",""70.4"",""7.9"",""3.169214304"",3,1,0,0,0,0,1,33.3,1,33.3,""1.69"",""0.82"",""0.83"",""-0.83"",""91.4"",52,0,0,0,5.84,-1.87,0.18,1.89,0.333,0,""-1.546153846"",0.349,0.023,""1.546153846"",-0.023,-0.01599999999999996,-0.023,-0.013,20,""27.6"",8.253079094136853,-8.068809643925151,35.60218156226357,0.6,31.713963077088504,34.07571367427755"
"12,687273,""Mathews, Quinn"",97,12.4,0.333,0,0.5,0.333,0.296,0.092,0.103,1,3,45.8,52.5,2236,90.2,90.65,3,7,5,0.5,6.58,105,142,100,149,279,322,290,""0.364"",""-0.364"",""59.3"",""7.1"",""0.459133265"",3,2,1,0,0,0,1,33.3,0,0,""2.14"",""0.69"",""0.38"",""0.38"",""88.0"",91,0,0,0,5.38,1.17,-0.17,2.83,0.333,0,""-3.033333333"",0.103,0.103,""3.033333333"",0.23,0.23000000000000004,0.23,0.204,42.9,""39.0"",-1.9108708202323812,-3.8772519631651052,31.638347194303204,0.2857142857142857,40.631572295766034,28.88925540838847"
"12,810938,""Williamson, Ben"",50,24,0.2,0,0.2,0.2,0.178,0.149,0.124,1,5,87.6,36.8,1192,46.5,45.53,0,6,6,-1,5.02,125,147,137,155,297,342,317,""0.734"",""-0.734"",""72.7"",""7.0"",,5,5,1,0,0,0,0,0,0,0,""8.98"",""1.62"",""0.37"",""-0.37"",""91.2"",257,20,0,0,6.81,-1.23,-0.53,2.46,0.2,0,""-6.116666667"",0.124,0.23,""6.116666667"",0.076,0.07600000000000001,-0.03,0.029,0,""53.8"",14.894452527380624,2.4653012666690755,32.81469211390764,0.8333333333333334,37.008741183589315,36.46572658303607"
"12,543056,""Coulombe, Danny"",386,3.1,0.25,0,0.25,0.25,0.317,0.405,0.356,1,4,82.2,13.3,2313,88.7,88.5,1,5,7,-0.20000000000000284,6.05,107,145,100,150,290,325,310,""-0.085"",""0.085"",""70.6"",""7.0"",""0.1"",5,4,1,0,0,0,0,0,1,20,""1.94"",""0.96"",""0.42"",""0.42"",""91.1"",146,25,0,0,6.08,-0.37,-0.45,2.31,0.4,0,""0.708333333"",0.485,0.399,""-0.708333333"",-0.106,-0.08499999999999996,-0.149,-0.088,20,""55.0"",13.417656536704314,2.003067513253858,38.05533452460839,0.8,36.2495110469974,31.622380648662265"
"12,669270,""Kuhnel, Joel"",565,2.1,0.667,0,0.667,0.667,0.593,0.685,0.671,2,3,98.3,16.7,2238,91.1,91.76,1,4,8,0.7000000000000028,6.52,121,150,129,152,290,326,306,""-0.706"",""0.706"",""78.0"",""7.7"",""1.747100088"",3,3,2,0,0,0,0,0,0,0,""2.45"",""0.28"",""0.45"",""-0.45"",""99.2"",286,66.66666666666666,0,0,6.41,-1.25,-0.71,2.31,0.667,0,""5.883333333"",0.671,0.936,""-5.883333333"",-0.004,-0.0040000000000000036,-0.269,-0.092,25,""36.9"",15.37752290915315,-5.014115321997366,30.851876550098716,1,41.21478974901431,39.94852756033265"
"12,642376,""Yan, Jefry"",37,32.4,0,0,0,0,0.233,0.238,0.009,0,2,83.8,59,2547,97.5,97.29,1,3,9,-0.20000000000000284,6.27,104,143,103,147,287,304,296,""0.106"",""-0.106"",""57.7"",""7.5"",""10.804611156"",3,1,0,0,0,0,1,33.3,1,33.3,""1.8"",""0.62"",""0.85"",""0.85"",""97.0"",90,0,0,0,5.64,1.99,-0.45,1.41,0.333,0,""-0.883333333"",0.339,0.009,""0.883333333"",-0.009,-0.006000000000000005,-0.009,-0.005,33.3,""45.1"",2.8639599878015733,-6.832769134166842,42.171275788432155,0.6666666666666666,35.98027365430078,31.22157078966501"
"12,681320,""Lavender, Nate"",34,35.3,0,0,,0,0,0,,0,2,,,2430,87.5,89.44,1,5,7,1.9000000000000057,7.27,121,151,123,152,281,320,303,""0.539"",""-0.539"",""61.2"",""6.3"",""0.246712788"",2,0,0,0,0,0,2,100,0,0,""2.05"",""0.92"",""-0.2"",""-0.2"",""88.0"",166,,,,5.37,1.62,-0.07,1.99,0,,""-4.491666667"",,,""4.491666667"",,,,0,20,""39.8"",-0.6205742414028883,13.342442872770654,31.42575869818971,0.4,31.861637442688142,22.6536465698403"
"11,681402,""Varland, Gus"",570,1.9,1,0,1,1,0.889,0.869,0.931,1,1,91.1,16,2270,93.9,95.02,0,6,5,1.0999999999999943,6.8,124,147,127,154,298,327,310,""-0.448"",""0.448"",""61.8"",""5.4"",,1,1,1,0,0,0,0,0,0,0,""1.45"",""1.13"",""0.75"",""-0.75"",""89.4"",249,0,0,0,5.33,-1.5,0.23,2.7,1,0,""4.072727273"",0.931,1.08,""-4.072727273"",0.069,0.06899999999999995,-0.08,0.02,0,""51.5"",-3.9769115794696583,26.796732743625157,30.211916961039606,0.16666666666666666,35.45361463300675,18.3192671827595"
"11,676051,""Heuer, Codi"",189,5.8,0,0,0,0,0,0.239,0.264,0,3,98.4,16.8,2227,91.4,93.18,1,7,4,1.7999999999999972,7.2,106,142,128,145,278,319,304,""0.971"",""-0.971"",""69.3"",""6.8"",""0.274625364"",4,4,0,0,0,0,0,0,0,0,""2.15"",""0.58"",""1.01"",""-1.01"",""94.9"",198,75,0,0,5.49,-1.66,0.51,1.65,0,0,""-8.827272727"",0.227,0.299,""8.827272727"",-0.264,-0.227,-0.299,-0.239,14.3,""24.1"",3.88528698652889,5.848970778181859,32.135462845333365,0.2857142857142857,36.8108765755366,26.1442725261932"
"11,676620,""Weiman, Blake"",32,34.4,0,0,0,0,0,0.029,0.032,0,2,47.4,40,2537,83.2,83,2,5,6,-0.20000000000000284,6.38,121,148,137,154,294,323,307,""0.519"",""-0.519"",""63.8"",""7.0"",""0.387522774"",2,1,0,0,0,0,1,50,0,0,""2.93"",""0.43"",""-0.69"",""-0.69"",""88.0"",157,0,0,0,5.5,2.65,0.08,2.63,0,0,""-4.718181818"",0.032,0.032,""4.718181818"",-0.032,-0.032,-0.032,-0.029,40,,9.249730827669586,7.036669475984295,30.08303340302327,0.8,38.75770872892801,29.95448719270108"
"11,664702,""Straw, Myles"",45,24.4,0.5,0,0.5,0.5,0.445,0.366,0.399,1,2,77.3,-5,897,42.6,40.15,1,6,5,-2.3999999999999986,3.76,131,147,138,155,277,327,304,""-0.422"",""0.422"",""72.0"",""7.1"",""2.640110028"",2,2,1,0,0,0,0,0,0,0,""11.95"",""1.42"",""0.2"",""-0.2"",""89.7"",159,0,0,0,6.78,-1.09,-0.08,3.2,0.5,0,""3.836363636"",0.399,0.43,""-3.836363636"",0.101,0.10099999999999998,0.07,0.079,16.7,""48.5"",19.152603501814614,-12.495851982536145,20.974734494500744,0.6666666666666666,31.55858315605936,35.21979821940567"
"11,678391,""Vivas, Jorbit"",39,28.2,0.5,0,0.5,0.5,0.501,0.417,0.312,2,4,93.6,9,1183,47.3,45.31,0,7,4,-2,4.02,128,146,140,152,308,344,307,""-0.86"",""0.86"",""72.7"",""7.3"",,5,4,2,0,0,0,0,0,0,0,""9.09"",""1.27"",""-0.18"",""0.18"",""92.0"",139,50,0,0,7.11,-1.12,0.53,2.91,0.6,0,""7.818181818"",0.449,0.476,""-7.818181818"",0.188,0.15099999999999997,0.024,0.084,0,""59.1"",17.87885112308969,-18.432933737174103,29.789548033566405,0.3333333333333333,32.63633643256553,43.253946889464444"
"11,663884,""Kingham, Nolan"",22,50,,,0,,0.465,0.524,,0,0,85.2,26,2196,93.2,93.04,0,2,9,-0.20000000000000284,6.29,120,144,105,149,286,330,302,""-0.614"",""0.614"",""63.4"",""6.0"",,3,1,0,0,0,0,0,0,2,66.7,""1.66"",""0.99"",""0.7"",""-0.7"",""88.0"",270,0,0,0,5.86,-2,-1.03,2.83,0.667,0,""5.581818182"",0.714,,""-5.581818182"",,-0.04699999999999993,,-0.059,0,""32.6"",-2.690525547850716,12.088304876644765,40.669642766099166,0,34.61889496760156,19.2665553556326"
"11,644433,""Tromp, Chadwick"",16,68.8,0.667,0.333,0.667,1,0.712,0.472,0.374,2,3,96.4,25,1138,40.9,38.61,0,4,7,-2.299999999999997,3.41,127,149,141,153,310,330,299,""-1.063"",""1.063"",""77.3"",""6.9"",,4,3,1,1,0,0,0,0,1,25,""13.43"",""1.42"",""0.25"",""-0.25"",""94.4"",213,66.66666666666666,0,0,7.13,-1.61,-0.55,2.67,0.75,0,""9.663636364"",0.53,0.557,""-9.663636364"",0.293,0.21999999999999997,0.443,0.24,0,""51.2"",19.20161010958641,-5.147465022242546,35.07308293067278,0.6666666666666666,35.046785630422455,39.59127813578888"
"10,660710,""Durán, Rodolfo"",45,22.2,0.6,0.6,0.5,1.2,0.765,0.472,0.344,3,5,96.2,12.2,1708,68.5,66.64,0,8,2,-1.9000000000000057,4.66,131,147,137,154,306,333,306,""-2.951"",""2.951"",""71.2"",""7.0"",,5,5,2,0,0,1,0,0,0,0,""4.25"",""1"",""0.87"",""-0.87"",""93.1"",173,80,20,20,5.16,-2.25,-0.38,2.55,0.6,1,""29.51"",0.344,0.782,""-29.51"",0.256,0.256,0.418,0.293,0,""15.1"",9.890346677252046,1.7572738475547058,28.648517760291867,0.375,38.527378397769525,33.42505145236403"
"10,701474,""Davitt, Duncan"",28,35.7,0,0,0,0,0,0.051,0.054,0,3,79.6,32.5,2546,89.2,90.71,1,5,5,1.5,7.12,127,149,124,153,291,331,306,""0.825"",""-0.825"",""67.5"",""7.0"",""0.60680682"",3,2,0,0,0,0,1,33.3,0,0,""2.17"",""0.71"",""-0.09"",""0.09"",""89.9"",109,50,0,0,4.83,-1.93,0.72,2.33,0,0,""-8.25"",0.054,0.067,""8.25"",-0.054,-0.054,-0.067,-0.051,20,""18.4"",9.221750411429595,-5.450261949679856,31.98224285506323,0.8,26.64742785025841,31.29268381948779"
"10,645302,""Robles, Victor"",26,38.5,0.75,0,0.75,0.75,0.667,0.641,0.66,3,4,90,14.5,1555,61.6,59,0,5,5,-2.6000000000000014,3.74,121,137,125,153,285,327,309,""-1.089"",""1.089"",""70.8"",""7.1"",,4,4,3,0,0,0,0,0,0,0,""6.23"",""1.06"",""0.57"",""-0.57"",""91.8"",203,25,0,0,6.3,-2.54,-0.99,3.26,0.75,0,""10.89"",0.66,0.812,""-10.89"",0.09,0.08999999999999997,-0.062,0.026,0,""25.6"",7.360579348119964,6.080704582711327,37.45812137438673,0.8,37.02251100260984,25.879153454415"
"10,664208,""Maton, Phil"",546,1.8,0,0,0,0,0.349,0.557,0.463,0,1,88.3,8,2871,82.4,83.14,0,5,5,0.7999999999999972,6.87,123,148,121,153,299,325,302,""-0.08"",""0.08"",""71.8"",""7.4"",,2,1,0,0,0,0,0,0,1,50,""3.5"",""-0.05"",""-0.9"",""0.9"",""88.4"",145,0,0,0,5.12,-1.46,-0.12,2.21,0.5,0,""0.8"",0.732,0.487,""-0.8"",-0.463,-0.23199999999999998,-0.487,-0.208,0,""24.6"",3.361241970946408,2.16652438847867,36.70061695013049,0.2,38.31645285442465,31.147890657794946"
"10,676105,""Criswell, Jeff"",79,12.7,0.5,1.5,0,2,0.915,0.962,0.715,1,2,96.9,17,2262,89.8,90.18,1,3,7,0.4000000000000057,5.96,105,143,98,149,302,338,305,""-1.657"",""1.657"",""74.0"",""7.7"",""1.090229136"",3,2,0,0,0,1,0,0,1,33.3,""2.43"",""0.36"",""0.43"",""-0.43"",""96.9"",292,50,50,33.33333333333333,5.54,-2.86,-0.33,2.38,0.667,1,""16.57"",0.81,1.92,""-16.57"",-0.215,-0.14300000000000002,0.08,-0.047,33.3,""33.0"",17.77650749036342,-4.034142238891622,36.93217364383558,0.3333333333333333,38.956313504929305,36.07188692443598"
"9,643361,""Herget, Kevin"",11,81.8,0,0,0,0,0,0.155,0.163,0,2,93.8,9.5,2019,84.2,83.13,0,4,5,-1.1000000000000085,5.72,123,149,112,153,288,326,309,""0.525"",""-0.525"",""73.6"",""6.8"",,2,2,0,0,0,0,0,0,0,0,""2.24"",""1.02"",""0.96"",""-0.96"",""90.9"",167,50,0,0,6.02,-1.71,-0.06,2.3,0,0,""-5.833333333"",0.163,0.2,""5.833333333"",-0.163,-0.163,-0.2,-0.155,0,""44.7"",9.764006909529382,-2.240874384880309,34.00354779689675,0.75,37.50305593424108,33.95275449970063"
"8,686934,""McFarlane, Alex"",12,66.7,0.333,0,0.333,0.333,0.296,0.584,0.472,1,3,93.2,10.3,2608,96.9,97.69,1,4,4,0.7999999999999972,6.3,124,147,140,152,286,318,298,""0.204"",""-0.204"",""67.3"",""7.1"",""1.815437256"",3,3,1,0,0,0,0,0,0,0,""1.69"",""0.72"",""0.6"",""-0.6"",""93.4"",202,33.33333333333333,33.33333333333333,33.33333333333333,5.3,-2.12,-0.03,2.07,0.333,1,""-2.55"",0.472,0.912,""2.55"",-0.139,-0.13899999999999996,-0.579,-0.288,25,""24.6"",14.04981298568357,-6.110153824324069,41.293287760862945,0.75,33.87731814412724,34.43056208483549"
"8,641656,""Hamilton, Ian"",92,8.7,0.333,0.333,0.333,0.667,0.42,0.419,0.449,1,3,98.2,2.7,1867,91,90.14,0,4,4,-0.9000000000000057,5.64,85,138,96,142,306,324,309,""-0.858"",""0.858"",""73.4"",""7.2"",,3,3,0,1,0,0,0,0,0,0,""2.22"",""0.54"",""0.53"",""-0.53"",""95.8"",99,66.66666666666666,0,0,5.79,-2.51,-0.24,2.14,0.333,0,""10.725"",0.449,0.508,""-10.725"",-0.116,-0.11599999999999999,0.159,0.001,0,""35.9"",9.09870391213871,3.672319539616649,34.45809208775404,0.5,34.71923814496334,30.663264394448333"
"7,680723,""Rom, Drew"",113,6.2,0,0,,0,0,0,,0,1,,,2309,91.5,90.53,0,3,4,-1,5.83,126,150,134,155,293,333,310,""0.257"",""-0.257"",""68.7"",""7.0"",,1,0,0,0,0,0,1,100,0,0,""1.73"",""1.03"",""0.27"",""0.27"",""88.0"",253,,,,5.83,0.96,-0.65,1.75,0,,""-3.671428571"",,,""3.671428571"",,,,0,0,""48.9"",1.0440995551472647,7.189754368569717,35.37713544495962,0.3333333333333333,41.29923202784207,20.875016876845848"
"7,674073,""Weisenburger, Jack"",29,24.1,0.5,0,0.5,0.5,0.445,0.244,0.192,1,2,90.4,13,2184,86,87.5,0,4,3,1.5,7.06,117,152,140,153,290,319,307,""-0.057"",""0.057"",""68.3"",""6.6"",,2,2,1,0,0,0,0,0,0,0,""2.64"",""0.45"",""-0.64"",""0.64"",""89.7"",172,0,0,0,5.55,-2.8,0.51,1.74,0.5,0,""0.814285714"",0.192,0.392,""-0.814285714"",0.308,0.308,0.108,0.201,0,,-0.8902807765818743,9.061379702169425,32.09365419989028,0,27.805809837108047,22.40882282297483"
"7,622761,""Mateo, Jorge"",41,17.1,1,0,1,1,0.889,0.586,0.634,2,2,83.1,17.5,1507,65.2,62.17,1,5,2,-3,3.67,129,146,123,151,305,318,298,""-0.955"",""0.955"",""70.0"",""7.1"",""0.458346408"",2,2,2,0,0,0,0,0,0,0,""4.74"",""1.27"",""0.83"",""-0.83"",""90.0"",137,50,0,0,6.5,-1.74,-0.84,3.13,1,0,""13.642857143"",0.634,0.702,""-13.642857143"",0.366,0.366,0.298,0.303,20,""34.9"",9.550300627006642,0.5271117182199978,30.699260062808587,0.4,42.65239092249617,31.970585883587752"
"7,675919,""Raquet, Nick"",75,9.3,0,0,0,0,0,0.268,0.294,0,2,84.9,34,2347,86.7,87.33,1,4,3,0.5999999999999943,6.5,124,150,115,152,286,319,304,""0.518"",""-0.518"",""69.4"",""7.4"",""1.150727448"",2,2,0,0,0,0,0,0,0,0,""2.74"",""0.28"",""-0.41"",""-0.41"",""97.2"",316,0,0,0,5.83,1.32,-0.53,2.14,0,0,""-7.4"",0.294,0.336,""7.4"",-0.294,-0.294,-0.336,-0.268,25,""44.8"",14.344173806486399,-7.417716519619704,34.78967431714932,0.5,31.058347628085166,36.77937807492826"
"7,656577,""Jackson, Alex"",26,26.9,0.333,0,0.333,0.333,0.296,0.132,0.14,1,3,72.2,7.7,1381,54.2,51.49,0,3,4,-2.700000000000003,3.63,127,148,135,154,287,331,299,""0.205"",""-0.205"",""71.7"",""7.3"",,3,3,1,0,0,0,0,0,0,0,""7.81"",""1.14"",""0.65"",""-0.65"",""92.5"",125,33.33333333333333,0,0,6.24,-2.24,0.4,2.44,0.333,0,""-2.928571429"",0.14,0.156,""2.928571429"",0.193,0.193,0.177,0.164,0,""21.8"",21.48627147096469,-8.087180573991901,28.036946406762542,0.3333333333333333,34.33578515005775,42.15414358986779"
"6,621383,""Banks, Tanner"",555,1.1,0.333,1,0,1.333,0.682,0.339,0.224,1,3,71.2,31.3,2297,86,85.03,0,3,3,-0.9000000000000057,5.68,118,140,120,142,288,318,290,""-2.37"",""2.37"",""52.6"",""5.5"",,3,3,0,0,0,1,0,0,0,0,""2.6"",""0.51"",""-0.62"",""-0.62"",""93.2"",243,33.33333333333333,33.33333333333333,33.33333333333333,6.24,2.62,-0.31,2.11,0.333,1,""39.5"",0.224,0.592,""-39.5"",0.109,0.10900000000000001,0.741,0.343,0,""48.3"",-4.070870753819697,48.04460265686625,31.12678800189383,0.6666666666666666,34.30934901317931,27.977550129290883"
"6,669212,""Morgan, Eli"",339,1.8,0.333,1,0,1.333,0.682,0.603,0.421,1,3,83.6,28,2125,80.7,80.65,0,5,1,0,6.17,112,148,125,153,300,324,293,""-0.601"",""0.601"",""67.8"",""7.1"",,3,3,0,0,0,1,0,0,0,0,""2.88"",""0.68"",""1.18"",""-1.18"",""90.9"",232,33.33333333333333,33.33333333333333,33.33333333333333,5.73,-0.9,-0.61,2.42,0.333,1,""10.016666667"",0.421,1.02,""-10.016666667"",-0.088,-0.08799999999999997,0.313,0.079,0,""46.8"",5.257172952370954,0.7806642109591078,27.9777994761931,0.6,43.08539726168056,31.469290075685016"
"6,668670,""Rogers, Jake"",43,14,1,1,1,2,0.979,0.52,0.303,1,1,93.9,20,1305,56.8,54.23,0,2,4,-2.5999999999999943,3.97,128,147,136,154,296,322,296,""-0.934"",""0.934"",""73.6"",""6.8"",,2,1,0,1,0,0,0,0,1,50,""6.07"",""1.48"",""0.05"",""-0.05"",""97.9"",335,0,0,0,6.48,-2.06,-0.56,2.35,1,0,""15.566666667"",0.651,0.516,""-15.566666667"",0.697,0.349,1.484,0.459,0,""34.1"",9.441708203162614,-9.230119813344373,30.208579624034922,0.5,28.223530345642196,38.012332054119696"
"6,686228,""Burgos, Juan"",38,15.8,0,0,0,0,0,0.031,0.031,0,2,78.8,36.5,2518,92.2,91.77,0,4,2,-0.4000000000000057,6.1,86,148,114,152,292,319,289,""0.594"",""-0.594"",""69.9"",""8.0"",,2,2,0,0,0,0,0,0,0,0,""2.36"",""0.35"",""0.17"",""-0.17"",""90.5"",12,0,0,0,4.95,-2.34,-0.22,2.23,0,0,""-9.9"",0.031,0.037,""9.9"",-0.031,-0.031,-0.037,-0.031,0,""26.6"",10.608961390944835,-6.856351135815633,28.84509118478904,0.75,40.18116738695046,32.26869906834674"
"5,689520,""Laweryson, Cody"",296,1.7,0.5,0,0.5,0.5,0.445,0.574,0.623,1,2,97.4,9,1732,84.9,85.36,1,4,1,0.5,6.5,124,147,108,152,267,322,292,""-0.296"",""0.296"",""68.3"",""7.4"",""1.972664112"",2,2,1,0,0,0,0,0,0,0,""2.99"",""0.18"",""1.03"",""-1.03"",""94.2"",108,100,0,0,5.33,-1.73,-0.37,2.14,0.5,0,""5.92"",0.623,0.688,""-5.92"",-0.123,-0.123,-0.188,-0.129,25,""26.2"",16.539926767456343,9.521419875104106,35.37868376207078,0.6666666666666666,36.18651052117743,26.67269690805825"
"5,663494,""Torres, Bryan"",18,27.8,0,0,0,0,0,0.67,0.629,0,3,101.4,14.3,1101,48.4,45.94,0,5,0,-2.5,4.08,123,145,133,152,302,323,309,""0.789"",""-0.789"",""75.4"",""7.1"",,3,3,0,0,0,0,0,0,0,0,""9.11"",""1.86"",""-0.41"",""0.41"",""98.4"",177,100,0,0,6.13,-1.83,0.6,2.87,0,0,""-15.78"",0.629,0.919,""15.78"",-0.629,-0.629,-0.919,-0.67,0,""35.7"",21.808332071669078,-15.676022092133277,26.995651592854053,0.2,30.766639524431444,46.932534393894834"
"5,804668,""Flores Jr., Rafael"",8,62.5,0.333,0,0.333,0.333,0.296,0.472,0.453,1,3,98.3,12.7,1268,53.1,50.8,0,3,2,-2.3000000000000043,3.6,123,143,132,153,302,327,293,""0.09"",""-0.09"",""73.0"",""6.9"",,3,3,1,0,0,0,0,0,0,0,""6.77"",""1.32"",""0.32"",""-0.32"",""98.3"",198,100,0,0,7.23,-2.13,-0.59,2.39,0.333,0,""-1.8"",0.453,0.652,""1.8"",-0.12,-0.12,-0.319,-0.176,0,,11.141705969692909,1.5516388999966346,36.6716801722487,0.6666666666666666,35.82407440979703,32.719984279505084"
"5,805345,""Harris, Trent"",14,35.7,1,0.5,1,1.5,1.075,0.418,0.372,2,2,80.8,20,2331,91.2,91.98,0,2,3,0.7999999999999972,6.72,124,147,100,146,287,307,298,""-1.212"",""1.212"",""63.0"",""5.7"",,2,2,1,1,0,0,0,0,0,0,""1.99"",""0.81"",""-0.27"",""0.27"",""93.4"",243,50,0,0,6.12,-0.35,0.02,2.6,1,0,""24.24"",0.372,0.606,""-24.24"",0.628,0.628,0.894,0.657,0,""74.4"",-2.6982984622146327,19.74468525368287,32.627560576142805,0,32.61738922172851,21.72547422004091"
"4,543309,""Higashioka, Kyle"",51,7.8,0,0,0,0,0,0.275,0.205,0,2,96.4,13.5,1102,40.2,38.25,0,3,1,-1.9000000000000057,3.85,129,147,140,154,312,321,300,""0.535"",""-0.535"",""72.8"",""8.1"",,2,2,0,0,0,0,0,0,0,0,""12.75"",""1.56"",""0.18"",""-0.18"",""93.6"",172,100,0,0,7.26,-1.82,-0.69,2.51,0,0,""-13.375"",0.205,0.436,""13.375"",-0.205,-0.205,-0.436,-0.275,0,""63.6"",17.06499919396715,-1.004512191179515,27.411109593872037,0.6666666666666666,44.371294296728124,35.94396441816486"
"4,545121,""Vargas, Ildemaro"",40,10,0.667,0.333,0.667,1,0.716,0.427,0.302,2,3,90.4,23.7,922,45.9,44.13,0,3,1,-1.6999999999999957,5.53,122,144,129,154,302,321,292,""-0.926"",""0.926"",""73.4"",""7.1"",,3,3,1,1,0,0,0,0,0,0,""12.48"",""1.11"",""0.27"",""-0.27"",""93.1"",277,33.33333333333333,33.33333333333333,33.33333333333333,5.55,-1.42,0.2,3.18,0.667,1,""23.15"",0.302,0.711,""-23.15"",0.365,0.36500000000000005,0.289,0.289,0,""39.7"",18.321085667506395,-18.53084885132682,29.350523943994318,0.3333333333333333,34.32416745165924,37.99388623839333"
"4,670032,""Lopez, Nicky"",24,16.7,0.5,0,0.5,0.5,0.445,0.07,0.074,1,2,68.5,34,1319,65,62.95,0,3,1,-2.1000000000000014,4.8,122,145,122,153,279,321,301,""-0.218"",""0.218"",""72.8"",""6.8"",,2,2,1,0,0,0,0,0,0,0,""4.7"",""1.21"",""0.17"",""-0.17"",""89.4"",50,0,0,0,6.16,-2.06,0.23,2.6,0.5,0,""5.45"",0.074,0.085,""-5.45"",0.426,0.426,0.415,0.375,0,""34.2"",9.81281863174971,1.6073904315030525,33.23415314405431,0.3333333333333333,31.813879360392345,30.072384956067296"
"3,664954,""Sullivan, Brett"",87,3.4,0,0,0,0,0,,,0,1,,,1671,67.5,65.3,0,2,1,-2.200000000000003,4.27,124,148,124,154,310,336,304,""0.211"",""-0.211"",""66.9"",""6.7"",,1,1,0,0,0,0,0,0,0,0,""3.84"",""1.24"",""0.99"",""-0.99"",""88.0"",204,,,,6.51,-2.03,-0.79,2.81,0,,""-7.033333333"",,,""7.033333333"",,,,,0,""36.1"",9.78785666185993,10.421283952327329,22.295543536801233,0,40.83764980733687,27.399024064010792"
"3,695445,""Lee, Chase"",75,4,0.5,0,0.5,0.5,0.445,0.463,0.433,1,2,106.5,29,1904,86.9,86.43,0,2,1,-0.5,6.07,125,149,115,154,278,322,297,""-0.239"",""0.239"",""79.1"",""8.4"",,3,2,1,0,0,0,0,0,1,33.3,""3.05"",""-0.01"",""1.16"",""-1.16"",""106.4"",239,100,50,33.33333333333333,4.24,-2.84,-0.1,2.08,0.667,1,""7.966666667"",0.622,0.641,""-7.966666667"",0.067,0.04500000000000004,-0.141,-0.018,0,""1.2"",15.968304190974365,-5.444000179504711,32.96895965716275,1,38.165003204112296,31.42700557095001"
"2,669084,""Hall, DL"",600,0.3,0,0,0,0,0,0.111,0.077,0,2,88,-5.5,2456,87.8,88.4,0,2,0,0.6000000000000085,6.8,107,148,123,149,279,307,303,""0.572"",""-0.572"",""70.4"",""6.7"",,2,2,0,0,0,0,0,0,0,0,""3.05"",""-0.08"",""-0.35"",""-0.35"",""90.3"",175,0,0,0,5.55,2.83,0.35,2.72,0,0,""-28.6"",0.077,0.18,""28.6"",-0.077,-0.077,-0.18,-0.111,0,""45.2"",10.869289185046618,-0.49894746010603797,28.022825371350173,1,30.224430896825183,34.32229027460015"
"2,668942,""Rojas, Josh"",13,15.4,0,0,0,0,0,0.168,0.179,0,1,59.8,8,1564,58.1,56.35,0,1,1,-1.8000000000000043,4.9,127,146,147,153,301,331,306,""0.351"",""-0.351"",""71.4"",""6.7"",,1,1,0,0,0,0,0,0,0,0,""6.31"",""0.57"",""0.11"",""-0.11"",""88.0"",71,0,0,0,6.28,-3.13,0.85,1.44,0,0,""-17.55"",0.179,0.212,""17.55"",-0.179,-0.179,-0.212,-0.168,0,,-2.7490906483872037,-2.4068325940673096,47.283463618019,0,21.939210000917512,38.96607464341353"
"1,694350,""Brzykcy, Zach"",48,2.1,1,0,1,1,0.889,0.414,0.449,1,1,88.9,6,2111,87,87.1,0,1,0,0.09999999999999432,6.2,128,150,126,154,297,335,291,""-0.449"",""0.449"",""75.2"",""8.4"",,1,1,1,0,0,0,0,0,0,0,""1.97"",""1.03"",""1.35"",""-1.35"",""88.9"",97,0,0,0,5.95,-1.22,-0.9,2.23,1,0,""44.9"",0.449,0.504,""-44.9"",0.551,0.5509999999999999,0.496,0.475,0,""45.9"",13.789933277711667,-11.739903474128445,30.176814904379054,1,46.01958681725783,39.6294020789067"
"1,595978,""Hedges, Austin"",30,3.3,0,0,0,0,0,0.271,0.301,0,1,101,-7,1725,70.5,68.8,0,1,0,-1.7000000000000028,5,131,150,144,153,305,347,315,""0.261"",""-0.261"",""68.3"",""5.6"",,1,1,0,0,0,0,0,0,0,0,""4.36"",""0.23"",""1.32"",""-1.32"",""101.0"",23,100,0,0,5.37,-4.47,-0.94,3.25,0,0,""-26.1"",0.301,0.316,""26.1"",-0.301,-0.301,-0.316,-0.271,0,""10.4"",-5.72425665262162,26.825943940125388,26.139772974839715,0,43.51312445194901,26.765971620544565"
